{
"type": "FeatureCollection",
"name": "tnagar_nodes",
"crs": { "type": "name", "properties": { "name": "urn:ogc:def:crs:OGC:1.3:CRS84" } },
"features": [
{ "type": "Feature", "properties": { "osmid": 30037875, "y": 13.0280247, "x": 80.2353917, "street_count": 3, "highway": null, "elevation_m": 10.944833755493164, "population": 15232.8125 }, "geometry": { "type": "Point", "coordinates": [ 80.2353917, 13.0280247 ] } },
{ "type": "Feature", "properties": { "osmid": 30037877, "y": 13.0311611, "x": 80.2396609, "street_count": 3, "highway": "traffic_signals", "elevation_m": 7.0696849822998047, "population": 15232.8125 }, "geometry": { "type": "Point", "coordinates": [ 80.2396609, 13.0311611 ] } },
{ "type": "Feature", "properties": { "osmid": 30037879, "y": 13.034031, "x": 80.24451, "street_count": 3, "highway": null, "elevation_m": 13.194011688232422, "population": 20546.419921875 }, "geometry": { "type": "Point", "coordinates": [ 80.24451, 13.034031 ] } },
{ "type": "Feature", "properties": { "osmid": 30037885, "y": 13.0488046, "x": 80.2497282, "street_count": 3, "highway": null, "elevation_m": 7.2077784538269043, "population": 27219.494140625 }, "geometry": { "type": "Point", "coordinates": [ 80.2497282, 13.0488046 ] } },
{ "type": "Feature", "properties": { "osmid": 30051247, "y": 13.0394741, "x": 80.2470503, "street_count": 3, "highway": "traffic_signals", "elevation_m": 11.334656715393066, "population": 20546.419921875 }, "geometry": { "type": "Point", "coordinates": [ 80.2470503, 13.0394741 ] } },
{ "type": "Feature", "properties": { "osmid": 30051249, "y": 13.0287832, "x": 80.2497725, "street_count": 4, "highway": "traffic_signals", "elevation_m": 7.8100390434265137, "population": 21972.181640625 }, "geometry": { "type": "Point", "coordinates": [ 80.2497725, 13.0287832 ] } },
{ "type": "Feature", "properties": { "osmid": 30051291, "y": 13.0400724, "x": 80.2504421, "street_count": 3, "highway": null, "elevation_m": 9.7201042175292969, "population": 20759.59375 }, "geometry": { "type": "Point", "coordinates": [ 80.2504421, 13.0400724 ] } },
{ "type": "Feature", "properties": { "osmid": 30051301, "y": 13.0389572, "x": 80.2502825, "street_count": 3, "highway": null, "elevation_m": 14.709146499633789, "population": 20759.59375 }, "geometry": { "type": "Point", "coordinates": [ 80.2502825, 13.0389572 ] } },
{ "type": "Feature", "properties": { "osmid": 30051602, "y": 13.0404152, "x": 80.2504403, "street_count": 3, "highway": null, "elevation_m": 11.111380577087402, "population": 20759.59375 }, "geometry": { "type": "Point", "coordinates": [ 80.2504403, 13.0404152 ] } },
{ "type": "Feature", "properties": { "osmid": 30051607, "y": 13.0404836, "x": 80.2472563, "street_count": 3, "highway": null, "elevation_m": 10.836061477661133, "population": 20546.419921875 }, "geometry": { "type": "Point", "coordinates": [ 80.2472563, 13.0404836 ] } },
{ "type": "Feature", "properties": { "osmid": 30051634, "y": 13.040743, "x": 80.2504311, "street_count": 3, "highway": null, "elevation_m": 15.400052070617676, "population": 20759.59375 }, "geometry": { "type": "Point", "coordinates": [ 80.2504311, 13.040743 ] } },
{ "type": "Feature", "properties": { "osmid": 30051698, "y": 13.0355957, "x": 80.2459911, "street_count": 3, "highway": "traffic_signals", "elevation_m": 8.350184440612793, "population": 20546.419921875 }, "geometry": { "type": "Point", "coordinates": [ 80.2459911, 13.0355957 ] } },
{ "type": "Feature", "properties": { "osmid": 186741980, "y": 13.0578356, "x": 80.2427521, "street_count": 4, "highway": null, "elevation_m": 10.088083267211914, "population": 25040.6953125 }, "geometry": { "type": "Point", "coordinates": [ 80.2427521, 13.0578356 ] } },
{ "type": "Feature", "properties": { "osmid": 243048196, "y": 13.0413874, "x": 80.2504375, "street_count": 1, "highway": null, "elevation_m": 7.2973737716674805, "population": 27219.494140625 }, "geometry": { "type": "Point", "coordinates": [ 80.2504375, 13.0413874 ] } },
{ "type": "Feature", "properties": { "osmid": 243048197, "y": 13.0396146, "x": 80.2503881, "street_count": 3, "highway": null, "elevation_m": 12.670660972595215, "population": 20759.59375 }, "geometry": { "type": "Point", "coordinates": [ 80.2503881, 13.0396146 ] } },
{ "type": "Feature", "properties": { "osmid": 243048545, "y": 13.0390767, "x": 80.2494016, "street_count": 3, "highway": null, "elevation_m": 11.99887752532959, "population": 20759.59375 }, "geometry": { "type": "Point", "coordinates": [ 80.2494016, 13.0390767 ] } },
{ "type": "Feature", "properties": { "osmid": 243048574, "y": 13.0394748, "x": 80.2494581, "street_count": 3, "highway": null, "elevation_m": 12.146300315856934, "population": 20759.59375 }, "geometry": { "type": "Point", "coordinates": [ 80.2494581, 13.0394748 ] } },
{ "type": "Feature", "properties": { "osmid": 243048575, "y": 13.0397212, "x": 80.2494689, "street_count": 3, "highway": null, "elevation_m": 14.223169326782227, "population": 20759.59375 }, "geometry": { "type": "Point", "coordinates": [ 80.2494689, 13.0397212 ] } },
{ "type": "Feature", "properties": { "osmid": 243048577, "y": 13.0403964, "x": 80.2494772, "street_count": 3, "highway": null, "elevation_m": 13.671135902404785, "population": 20759.59375 }, "geometry": { "type": "Point", "coordinates": [ 80.2494772, 13.0403964 ] } },
{ "type": "Feature", "properties": { "osmid": 243048607, "y": 13.0393786, "x": 80.2475131, "street_count": 3, "highway": null, "elevation_m": 10.819012641906738, "population": 20546.419921875 }, "geometry": { "type": "Point", "coordinates": [ 80.2475131, 13.0393786 ] } },
{ "type": "Feature", "properties": { "osmid": 243323022, "y": 13.0296038, "x": 80.2439151, "street_count": 4, "highway": null, "elevation_m": 10.469696998596191, "population": 17030.998046875 }, "geometry": { "type": "Point", "coordinates": [ 80.2439151, 13.0296038 ] } },
{ "type": "Feature", "properties": { "osmid": 245578181, "y": 13.0513046, "x": 80.2501962, "street_count": 3, "highway": null, "elevation_m": 11.515661239624023, "population": 25360.1484375 }, "geometry": { "type": "Point", "coordinates": [ 80.2501962, 13.0513046 ] } },
{ "type": "Feature", "properties": { "osmid": 245578475, "y": 13.0482864, "x": 80.2458483, "street_count": 4, "highway": null, "elevation_m": 8.5040597915649414, "population": 27057.625 }, "geometry": { "type": "Point", "coordinates": [ 80.2458483, 13.0482864 ] } },
{ "type": "Feature", "properties": { "osmid": 245579175, "y": 13.0426746, "x": 80.2322657, "street_count": 4, "highway": null, "elevation_m": 16.325132369995117, "population": 26002.5859375 }, "geometry": { "type": "Point", "coordinates": [ 80.2322657, 13.0426746 ] } },
{ "type": "Feature", "properties": { "osmid": 245579177, "y": 13.0474136, "x": 80.2330821, "street_count": 4, "highway": "traffic_signals", "elevation_m": 8.6869192123413086, "population": 26002.5859375 }, "geometry": { "type": "Point", "coordinates": [ 80.2330821, 13.0474136 ] } },
{ "type": "Feature", "properties": { "osmid": 245579186, "y": 13.0561236, "x": 80.2347301, "street_count": 3, "highway": null, "elevation_m": 12.456863403320312, "population": 22810.8515625 }, "geometry": { "type": "Point", "coordinates": [ 80.2347301, 13.0561236 ] } },
{ "type": "Feature", "properties": { "osmid": 246823992, "y": 13.0295538, "x": 80.2457626, "street_count": 4, "highway": "traffic_signals", "elevation_m": 10.411571502685547, "population": 17030.998046875 }, "geometry": { "type": "Point", "coordinates": [ 80.2457626, 13.0295538 ] } },
{ "type": "Feature", "properties": { "osmid": 246824747, "y": 13.0276119, "x": 80.2454439, "street_count": 4, "highway": null, "elevation_m": 14.906929969787598, "population": 17030.998046875 }, "geometry": { "type": "Point", "coordinates": [ 80.2454439, 13.0276119 ] } },
{ "type": "Feature", "properties": { "osmid": 247074856, "y": 13.0360056, "x": 80.2304629, "street_count": 3, "highway": null, "elevation_m": 12.839165687561035, "population": 19051.626953125 }, "geometry": { "type": "Point", "coordinates": [ 80.2304629, 13.0360056 ] } },
{ "type": "Feature", "properties": { "osmid": 247074857, "y": 13.0350262, "x": 80.2304109, "street_count": 3, "highway": "traffic_signals", "elevation_m": 7.7197113037109375, "population": 19051.626953125 }, "geometry": { "type": "Point", "coordinates": [ 80.2304109, 13.0350262 ] } },
{ "type": "Feature", "properties": { "osmid": 247074861, "y": 13.030776, "x": 80.2307615, "street_count": 4, "highway": null, "elevation_m": 7.976318359375, "population": 23049.033203125 }, "geometry": { "type": "Point", "coordinates": [ 80.2307615, 13.030776 ] } },
{ "type": "Feature", "properties": { "osmid": 247074863, "y": 13.0260918, "x": 80.2313679, "street_count": 3, "highway": "traffic_signals", "elevation_m": 10.690525054931641, "population": 23049.033203125 }, "geometry": { "type": "Point", "coordinates": [ 80.2313679, 13.0260918 ] } },
{ "type": "Feature", "properties": { "osmid": 247075066, "y": 13.0279325, "x": 80.2328321, "street_count": 4, "highway": null, "elevation_m": 11.849790573120117, "population": 15232.8125 }, "geometry": { "type": "Point", "coordinates": [ 80.2328321, 13.0279325 ] } },
{ "type": "Feature", "properties": { "osmid": 247075067, "y": 13.0270637, "x": 80.2329391, "street_count": 3, "highway": null, "elevation_m": 12.614338874816895, "population": 15232.8125 }, "geometry": { "type": "Point", "coordinates": [ 80.2329391, 13.0270637 ] } },
{ "type": "Feature", "properties": { "osmid": 247456645, "y": 13.0424802, "x": 80.2476562, "street_count": 4, "highway": null, "elevation_m": 9.2515106201171875, "population": 27057.625 }, "geometry": { "type": "Point", "coordinates": [ 80.2476562, 13.0424802 ] } },
{ "type": "Feature", "properties": { "osmid": 247457609, "y": 13.0397507, "x": 80.250407, "street_count": 3, "highway": null, "elevation_m": 12.670660972595215, "population": 20759.59375 }, "geometry": { "type": "Point", "coordinates": [ 80.250407, 13.0397507 ] } },
{ "type": "Feature", "properties": { "osmid": 247457672, "y": 13.0390153, "x": 80.2499309, "street_count": 3, "highway": null, "elevation_m": 13.839382171630859, "population": 20759.59375 }, "geometry": { "type": "Point", "coordinates": [ 80.2499309, 13.0390153 ] } },
{ "type": "Feature", "properties": { "osmid": 247458330, "y": 13.0396842, "x": 80.249996, "street_count": 3, "highway": null, "elevation_m": 12.267086982727051, "population": 20759.59375 }, "geometry": { "type": "Point", "coordinates": [ 80.249996, 13.0396842 ] } },
{ "type": "Feature", "properties": { "osmid": 247675521, "y": 13.0341938, "x": 80.2371528, "street_count": 3, "highway": null, "elevation_m": 11.02734375, "population": 24653.408203125 }, "geometry": { "type": "Point", "coordinates": [ 80.2371528, 13.0341938 ] } },
{ "type": "Feature", "properties": { "osmid": 247675746, "y": 13.043953, "x": 80.2409843, "street_count": 3, "highway": null, "elevation_m": 10.336480140686035, "population": 27057.625 }, "geometry": { "type": "Point", "coordinates": [ 80.2409843, 13.043953 ] } },
{ "type": "Feature", "properties": { "osmid": 247675875, "y": 13.0524265, "x": 80.2410002, "street_count": 4, "highway": null, "elevation_m": 12.068119049072266, "population": 25040.6953125 }, "geometry": { "type": "Point", "coordinates": [ 80.2410002, 13.0524265 ] } },
{ "type": "Feature", "properties": { "osmid": 247675886, "y": 13.0561108, "x": 80.242472, "street_count": 3, "highway": null, "elevation_m": 12.725601196289062, "population": 25040.6953125 }, "geometry": { "type": "Point", "coordinates": [ 80.242472, 13.0561108 ] } },
{ "type": "Feature", "properties": { "osmid": 247675888, "y": 13.0572301, "x": 80.2427961, "street_count": 3, "highway": null, "elevation_m": 9.6923599243164062, "population": 25040.6953125 }, "geometry": { "type": "Point", "coordinates": [ 80.2427961, 13.0572301 ] } },
{ "type": "Feature", "properties": { "osmid": 247677098, "y": 13.0317509, "x": 80.245856, "street_count": 3, "highway": null, "elevation_m": 11.48923397064209, "population": 17030.998046875 }, "geometry": { "type": "Point", "coordinates": [ 80.245856, 13.0317509 ] } },
{ "type": "Feature", "properties": { "osmid": 247677099, "y": 13.0332297, "x": 80.245965, "street_count": 3, "highway": null, "elevation_m": 13.981037139892578, "population": 20546.419921875 }, "geometry": { "type": "Point", "coordinates": [ 80.245965, 13.0332297 ] } },
{ "type": "Feature", "properties": { "osmid": 247677100, "y": 13.0342924, "x": 80.2458868, "street_count": 4, "highway": null, "elevation_m": 9.6378850936889648, "population": 20546.419921875 }, "geometry": { "type": "Point", "coordinates": [ 80.2458868, 13.0342924 ] } },
{ "type": "Feature", "properties": { "osmid": 247680992, "y": 13.0346157, "x": 80.2334729, "street_count": 3, "highway": null, "elevation_m": 12.002047538757324, "population": 24653.408203125 }, "geometry": { "type": "Point", "coordinates": [ 80.2334729, 13.0346157 ] } },
{ "type": "Feature", "properties": { "osmid": 247681415, "y": 13.043383, "x": 80.2445937, "street_count": 4, "highway": "traffic_signals", "elevation_m": 9.8144960403442383, "population": 27057.625 }, "geometry": { "type": "Point", "coordinates": [ 80.2445937, 13.043383 ] } },
{ "type": "Feature", "properties": { "osmid": 247681416, "y": 13.0474112, "x": 80.2453612, "street_count": 3, "highway": null, "elevation_m": 11.143497467041016, "population": 27057.625 }, "geometry": { "type": "Point", "coordinates": [ 80.2453612, 13.0474112 ] } },
{ "type": "Feature", "properties": { "osmid": 247681515, "y": 13.0486721, "x": 80.2455227, "street_count": 3, "highway": null, "elevation_m": 13.802777290344238, "population": 27057.625 }, "geometry": { "type": "Point", "coordinates": [ 80.2455227, 13.0486721 ] } },
{ "type": "Feature", "properties": { "osmid": 247681522, "y": 13.0497433, "x": 80.2402707, "street_count": 4, "highway": null, "elevation_m": 14.091866493225098, "population": 22810.8515625 }, "geometry": { "type": "Point", "coordinates": [ 80.2402707, 13.0497433 ] } },
{ "type": "Feature", "properties": { "osmid": 247681683, "y": 13.0506622, "x": 80.2353, "street_count": 3, "highway": null, "elevation_m": 13.157321929931641, "population": 22810.8515625 }, "geometry": { "type": "Point", "coordinates": [ 80.2353, 13.0506622 ] } },
{ "type": "Feature", "properties": { "osmid": 247681684, "y": 13.0534346, "x": 80.2361522, "street_count": 3, "highway": null, "elevation_m": 13.048168182373047, "population": 22810.8515625 }, "geometry": { "type": "Point", "coordinates": [ 80.2361522, 13.0534346 ] } },
{ "type": "Feature", "properties": { "osmid": 247681979, "y": 13.0531729, "x": 80.2377152, "street_count": 4, "highway": null, "elevation_m": 13.596696853637695, "population": 22810.8515625 }, "geometry": { "type": "Point", "coordinates": [ 80.2377152, 13.0531729 ] } },
{ "type": "Feature", "properties": { "osmid": 247681982, "y": 13.0538133, "x": 80.2341222, "street_count": 3, "highway": null, "elevation_m": 9.8104486465454102, "population": 22810.8515625 }, "geometry": { "type": "Point", "coordinates": [ 80.2341222, 13.0538133 ] } },
{ "type": "Feature", "properties": { "osmid": 247681986, "y": 13.0540537, "x": 80.2282332, "street_count": 3, "highway": null, "elevation_m": 10.877925872802734, "population": 20723.693359375 }, "geometry": { "type": "Point", "coordinates": [ 80.2282332, 13.0540537 ] } },
{ "type": "Feature", "properties": { "osmid": 247681987, "y": 13.0539324, "x": 80.2278314, "street_count": 4, "highway": null, "elevation_m": 15.479160308837891, "population": 20723.693359375 }, "geometry": { "type": "Point", "coordinates": [ 80.2278314, 13.0539324 ] } },
{ "type": "Feature", "properties": { "osmid": 247681990, "y": 13.0533, "x": 80.224086, "street_count": 4, "highway": "traffic_signals", "elevation_m": 11.701353073120117, "population": 20723.693359375 }, "geometry": { "type": "Point", "coordinates": [ 80.224086, 13.0533 ] } },
{ "type": "Feature", "properties": { "osmid": 247681991, "y": 13.0527474, "x": 80.2218597, "street_count": 2, "highway": null, "elevation_m": 13.042584419250488, "population": 16902.220703125 }, "geometry": { "type": "Point", "coordinates": [ 80.2218597, 13.0527474 ] } },
{ "type": "Feature", "properties": { "osmid": 247681993, "y": 13.0519547, "x": 80.2189987, "street_count": 4, "highway": null, "elevation_m": 13.878308296203613, "population": 16902.220703125 }, "geometry": { "type": "Point", "coordinates": [ 80.2189987, 13.0519547 ] } },
{ "type": "Feature", "properties": { "osmid": 247681994, "y": 13.0514781, "x": 80.217671, "street_count": 3, "highway": null, "elevation_m": 17.298002243041992, "population": 16902.220703125 }, "geometry": { "type": "Point", "coordinates": [ 80.217671, 13.0514781 ] } },
{ "type": "Feature", "properties": { "osmid": 247684414, "y": 13.0527693, "x": 80.2456064, "street_count": 4, "highway": null, "elevation_m": 14.320181846618652, "population": 25040.6953125 }, "geometry": { "type": "Point", "coordinates": [ 80.2456064, 13.0527693 ] } },
{ "type": "Feature", "properties": { "osmid": 247684974, "y": 13.0514975, "x": 80.2506815, "street_count": 3, "highway": null, "elevation_m": 10.219098091125488, "population": 25360.1484375 }, "geometry": { "type": "Point", "coordinates": [ 80.2506815, 13.0514975 ] } },
{ "type": "Feature", "properties": { "osmid": 247685068, "y": 13.0495744, "x": 80.247566, "street_count": 3, "highway": null, "elevation_m": 10.177852630615234, "population": 27057.625 }, "geometry": { "type": "Point", "coordinates": [ 80.247566, 13.0495744 ] } },
{ "type": "Feature", "properties": { "osmid": 247685516, "y": 13.0513771, "x": 80.24958, "street_count": 3, "highway": null, "elevation_m": 14.366256713867188, "population": 25360.1484375 }, "geometry": { "type": "Point", "coordinates": [ 80.24958, 13.0513771 ] } },
{ "type": "Feature", "properties": { "osmid": 247685582, "y": 13.0493383, "x": 80.2498217, "street_count": 3, "highway": null, "elevation_m": 10.659673690795898, "population": 27219.494140625 }, "geometry": { "type": "Point", "coordinates": [ 80.2498217, 13.0493383 ] } },
{ "type": "Feature", "properties": { "osmid": 247685583, "y": 13.0494117, "x": 80.2497085, "street_count": 3, "highway": null, "elevation_m": 10.659673690795898, "population": 27219.494140625 }, "geometry": { "type": "Point", "coordinates": [ 80.2497085, 13.0494117 ] } },
{ "type": "Feature", "properties": { "osmid": 247686553, "y": 13.0505526, "x": 80.2502488, "street_count": 3, "highway": null, "elevation_m": 8.4379558563232422, "population": 25360.1484375 }, "geometry": { "type": "Point", "coordinates": [ 80.2502488, 13.0505526 ] } },
{ "type": "Feature", "properties": { "osmid": 247686556, "y": 13.0498371, "x": 80.2499002, "street_count": 3, "highway": null, "elevation_m": 10.728439331054688, "population": 25360.1484375 }, "geometry": { "type": "Point", "coordinates": [ 80.2499002, 13.0498371 ] } },
{ "type": "Feature", "properties": { "osmid": 247974356, "y": 13.0293291, "x": 80.2501638, "street_count": 3, "highway": null, "elevation_m": 14.064014434814453, "population": 21972.181640625 }, "geometry": { "type": "Point", "coordinates": [ 80.2501638, 13.0293291 ] } },
{ "type": "Feature", "properties": { "osmid": 248551237, "y": 13.0492929, "x": 80.2503621, "street_count": 3, "highway": null, "elevation_m": 13.687614440917969, "population": 27219.494140625 }, "geometry": { "type": "Point", "coordinates": [ 80.2503621, 13.0492929 ] } },
{ "type": "Feature", "properties": { "osmid": 248551249, "y": 13.0487707, "x": 80.2502461, "street_count": 3, "highway": null, "elevation_m": 10.196837425231934, "population": 27219.494140625 }, "geometry": { "type": "Point", "coordinates": [ 80.2502461, 13.0487707 ] } },
{ "type": "Feature", "properties": { "osmid": 248551251, "y": 13.0481775, "x": 80.2502218, "street_count": 3, "highway": null, "elevation_m": 11.255684852600098, "population": 27219.494140625 }, "geometry": { "type": "Point", "coordinates": [ 80.2502218, 13.0481775 ] } },
{ "type": "Feature", "properties": { "osmid": 248551252, "y": 13.0482649, "x": 80.2495635, "street_count": 3, "highway": null, "elevation_m": 12.893923759460449, "population": 27219.494140625 }, "geometry": { "type": "Point", "coordinates": [ 80.2495635, 13.0482649 ] } },
{ "type": "Feature", "properties": { "osmid": 248551261, "y": 13.0452435, "x": 80.2503778, "street_count": 3, "highway": null, "elevation_m": 12.128154754638672, "population": 27219.494140625 }, "geometry": { "type": "Point", "coordinates": [ 80.2503778, 13.0452435 ] } },
{ "type": "Feature", "properties": { "osmid": 248697312, "y": 13.0343838, "x": 80.2375933, "street_count": 4, "highway": "traffic_signals", "elevation_m": 12.262968063354492, "population": 24653.408203125 }, "geometry": { "type": "Point", "coordinates": [ 80.2375933, 13.0343838 ] } },
{ "type": "Feature", "properties": { "osmid": 248700472, "y": 13.0323428, "x": 80.238891, "street_count": 3, "highway": null, "elevation_m": 7.8889083862304688, "population": 15232.8125 }, "geometry": { "type": "Point", "coordinates": [ 80.238891, 13.0323428 ] } },
{ "type": "Feature", "properties": { "osmid": 248700477, "y": 13.031443, "x": 80.234078, "street_count": 4, "highway": null, "elevation_m": 7.4307241439819336, "population": 15232.8125 }, "geometry": { "type": "Point", "coordinates": [ 80.234078, 13.031443 ] } },
{ "type": "Feature", "properties": { "osmid": 248700536, "y": 13.0303179, "x": 80.2291536, "street_count": 3, "highway": null, "elevation_m": 9.8313713073730469, "population": 23049.033203125 }, "geometry": { "type": "Point", "coordinates": [ 80.2291536, 13.0303179 ] } },
{ "type": "Feature", "properties": { "osmid": 248700542, "y": 13.0303505, "x": 80.2286202, "street_count": 4, "highway": null, "elevation_m": 10.499841690063477, "population": 23049.033203125 }, "geometry": { "type": "Point", "coordinates": [ 80.2286202, 13.0303505 ] } },
{ "type": "Feature", "properties": { "osmid": 248700548, "y": 13.0304771, "x": 80.2274518, "street_count": 4, "highway": null, "elevation_m": 11.760280609130859, "population": 23049.033203125 }, "geometry": { "type": "Point", "coordinates": [ 80.2274518, 13.0304771 ] } },
{ "type": "Feature", "properties": { "osmid": 248700565, "y": 13.0351622, "x": 80.2298351, "street_count": 3, "highway": null, "elevation_m": 10.819059371948242, "population": 19051.626953125 }, "geometry": { "type": "Point", "coordinates": [ 80.2298351, 13.0351622 ] } },
{ "type": "Feature", "properties": { "osmid": 248700566, "y": 13.0352047, "x": 80.2296017, "street_count": 3, "highway": null, "elevation_m": 10.819059371948242, "population": 19051.626953125 }, "geometry": { "type": "Point", "coordinates": [ 80.2296017, 13.0352047 ] } },
{ "type": "Feature", "properties": { "osmid": 248700567, "y": 13.0352666, "x": 80.2291975, "street_count": 3, "highway": null, "elevation_m": 9.2660808563232422, "population": 19051.626953125 }, "geometry": { "type": "Point", "coordinates": [ 80.2291975, 13.0352666 ] } },
{ "type": "Feature", "properties": { "osmid": 248700636, "y": 13.0368214, "x": 80.2361488, "street_count": 4, "highway": null, "elevation_m": 14.827972412109375, "population": 24653.408203125 }, "geometry": { "type": "Point", "coordinates": [ 80.2361488, 13.0368214 ] } },
{ "type": "Feature", "properties": { "osmid": 248700639, "y": 13.0319889, "x": 80.2370632, "street_count": 4, "highway": null, "elevation_m": 9.8633537292480469, "population": 15232.8125 }, "geometry": { "type": "Point", "coordinates": [ 80.2370632, 13.0319889 ] } },
{ "type": "Feature", "properties": { "osmid": 248700640, "y": 13.0331386, "x": 80.2369969, "street_count": 4, "highway": null, "elevation_m": 13.675042152404785, "population": 24653.408203125 }, "geometry": { "type": "Point", "coordinates": [ 80.2369969, 13.0331386 ] } },
{ "type": "Feature", "properties": { "osmid": 248700641, "y": 13.0341555, "x": 80.2369641, "street_count": 3, "highway": null, "elevation_m": 13.575160980224609, "population": 24653.408203125 }, "geometry": { "type": "Point", "coordinates": [ 80.2369641, 13.0341555 ] } },
{ "type": "Feature", "properties": { "osmid": 248700642, "y": 13.0332055, "x": 80.2383291, "street_count": 4, "highway": null, "elevation_m": 12.265811920166016, "population": 24653.408203125 }, "geometry": { "type": "Point", "coordinates": [ 80.2383291, 13.0332055 ] } },
{ "type": "Feature", "properties": { "osmid": 248700643, "y": 13.0330878, "x": 80.2341098, "street_count": 3, "highway": null, "elevation_m": 12.451382637023926, "population": 24653.408203125 }, "geometry": { "type": "Point", "coordinates": [ 80.2341098, 13.0330878 ] } },
{ "type": "Feature", "properties": { "osmid": 248700644, "y": 13.0337707, "x": 80.2341153, "street_count": 3, "highway": null, "elevation_m": 12.136012077331543, "population": 24653.408203125 }, "geometry": { "type": "Point", "coordinates": [ 80.2341153, 13.0337707 ] } },
{ "type": "Feature", "properties": { "osmid": 248700645, "y": 13.0336507, "x": 80.2369846, "street_count": 3, "highway": null, "elevation_m": 10.148961067199707, "population": 24653.408203125 }, "geometry": { "type": "Point", "coordinates": [ 80.2369846, 13.0336507 ] } },
{ "type": "Feature", "properties": { "osmid": 248700646, "y": 13.0336945, "x": 80.2330488, "street_count": 3, "highway": null, "elevation_m": 9.2742824554443359, "population": 24653.408203125 }, "geometry": { "type": "Point", "coordinates": [ 80.2330488, 13.0336945 ] } },
{ "type": "Feature", "properties": { "osmid": 248700647, "y": 13.031206, "x": 80.2329217, "street_count": 3, "highway": null, "elevation_m": 11.565546035766602, "population": 15232.8125 }, "geometry": { "type": "Point", "coordinates": [ 80.2329217, 13.031206 ] } },
{ "type": "Feature", "properties": { "osmid": 248700648, "y": 13.0335202, "x": 80.233041, "street_count": 3, "highway": null, "elevation_m": 9.2742824554443359, "population": 24653.408203125 }, "geometry": { "type": "Point", "coordinates": [ 80.233041, 13.0335202 ] } },
{ "type": "Feature", "properties": { "osmid": 248700650, "y": 13.0317483, "x": 80.2329544, "street_count": 3, "highway": null, "elevation_m": 9.9495601654052734, "population": 15232.8125 }, "geometry": { "type": "Point", "coordinates": [ 80.2329544, 13.0317483 ] } },
{ "type": "Feature", "properties": { "osmid": 248700654, "y": 13.0323349, "x": 80.2329955, "street_count": 3, "highway": null, "elevation_m": 10.809731483459473, "population": 15232.8125 }, "geometry": { "type": "Point", "coordinates": [ 80.2329955, 13.0323349 ] } },
{ "type": "Feature", "properties": { "osmid": 248700656, "y": 13.033015, "x": 80.2330304, "street_count": 3, "highway": null, "elevation_m": 12.32882022857666, "population": 24653.408203125 }, "geometry": { "type": "Point", "coordinates": [ 80.2330304, 13.033015 ] } },
{ "type": "Feature", "properties": { "osmid": 248700658, "y": 13.0346618, "x": 80.2331176, "street_count": 3, "highway": null, "elevation_m": 15.349114418029785, "population": 24653.408203125 }, "geometry": { "type": "Point", "coordinates": [ 80.2331176, 13.0346618 ] } },
{ "type": "Feature", "properties": { "osmid": 248700659, "y": 13.0341001, "x": 80.2330687, "street_count": 3, "highway": null, "elevation_m": 14.086014747619629, "population": 24653.408203125 }, "geometry": { "type": "Point", "coordinates": [ 80.2330687, 13.0341001 ] } },
{ "type": "Feature", "properties": { "osmid": 248700660, "y": 13.0324669, "x": 80.2370398, "street_count": 3, "highway": null, "elevation_m": 9.9263668060302734, "population": 15232.8125 }, "geometry": { "type": "Point", "coordinates": [ 80.2370398, 13.0324669 ] } },
{ "type": "Feature", "properties": { "osmid": 248700676, "y": 13.0324524, "x": 80.2341171, "street_count": 3, "highway": null, "elevation_m": 14.191822052001953, "population": 15232.8125 }, "geometry": { "type": "Point", "coordinates": [ 80.2341171, 13.0324524 ] } },
{ "type": "Feature", "properties": { "osmid": 249076751, "y": 13.0560292, "x": 80.2490552, "street_count": 3, "highway": null, "elevation_m": 14.542941093444824, "population": 25360.1484375 }, "geometry": { "type": "Point", "coordinates": [ 80.2490552, 13.0560292 ] } },
{ "type": "Feature", "properties": { "osmid": 249797142, "y": 13.0341932, "x": 80.2465964, "street_count": 3, "highway": null, "elevation_m": 13.213902473449707, "population": 20546.419921875 }, "geometry": { "type": "Point", "coordinates": [ 80.2465964, 13.0341932 ] } },
{ "type": "Feature", "properties": { "osmid": 249797143, "y": 13.0340436, "x": 80.2477852, "street_count": 3, "highway": null, "elevation_m": 12.853130340576172, "population": 20546.419921875 }, "geometry": { "type": "Point", "coordinates": [ 80.2477852, 13.0340436 ] } },
{ "type": "Feature", "properties": { "osmid": 249797146, "y": 13.0337733, "x": 80.2498701, "street_count": 3, "highway": null, "elevation_m": 12.910529136657715, "population": 20759.59375 }, "geometry": { "type": "Point", "coordinates": [ 80.2498701, 13.0337733 ] } },
{ "type": "Feature", "properties": { "osmid": 249797147, "y": 13.0336688, "x": 80.2505582, "street_count": 3, "highway": null, "elevation_m": 13.671443939208984, "population": 20759.59375 }, "geometry": { "type": "Point", "coordinates": [ 80.2505582, 13.0336688 ] } },
{ "type": "Feature", "properties": { "osmid": 249797804, "y": 13.0291167, "x": 80.2486157, "street_count": 3, "highway": null, "elevation_m": 9.0990314483642578, "population": 17030.998046875 }, "geometry": { "type": "Point", "coordinates": [ 80.2486157, 13.0291167 ] } },
{ "type": "Feature", "properties": { "osmid": 249797807, "y": 13.0320012, "x": 80.2495232, "street_count": 3, "highway": null, "elevation_m": 13.400744438171387, "population": 21972.181640625 }, "geometry": { "type": "Point", "coordinates": [ 80.2495232, 13.0320012 ] } },
{ "type": "Feature", "properties": { "osmid": 249797808, "y": 13.0299335, "x": 80.2469502, "street_count": 3, "highway": null, "elevation_m": 12.076411247253418, "population": 17030.998046875 }, "geometry": { "type": "Point", "coordinates": [ 80.2469502, 13.0299335 ] } },
{ "type": "Feature", "properties": { "osmid": 249797809, "y": 13.0308532, "x": 80.2458395, "street_count": 3, "highway": null, "elevation_m": 10.647265434265137, "population": 17030.998046875 }, "geometry": { "type": "Point", "coordinates": [ 80.2458395, 13.0308532 ] } },
{ "type": "Feature", "properties": { "osmid": 249797810, "y": 13.0315979, "x": 80.2472224, "street_count": 3, "highway": null, "elevation_m": 12.494279861450195, "population": 17030.998046875 }, "geometry": { "type": "Point", "coordinates": [ 80.2472224, 13.0315979 ] } },
{ "type": "Feature", "properties": { "osmid": 249797811, "y": 13.0302163, "x": 80.247066, "street_count": 3, "highway": null, "elevation_m": 14.569779396057129, "population": 17030.998046875 }, "geometry": { "type": "Point", "coordinates": [ 80.247066, 13.0302163 ] } },
{ "type": "Feature", "properties": { "osmid": 249797818, "y": 13.0329217, "x": 80.2496849, "street_count": 3, "highway": null, "elevation_m": 11.72633171081543, "population": 20759.59375 }, "geometry": { "type": "Point", "coordinates": [ 80.2496849, 13.0329217 ] } },
{ "type": "Feature", "properties": { "osmid": 249797820, "y": 13.0347592, "x": 80.2478789, "street_count": 3, "highway": null, "elevation_m": 14.617905616760254, "population": 20546.419921875 }, "geometry": { "type": "Point", "coordinates": [ 80.2478789, 13.0347592 ] } },
{ "type": "Feature", "properties": { "osmid": 249797821, "y": 13.0354617, "x": 80.247946, "street_count": 3, "highway": null, "elevation_m": 14.887811660766602, "population": 20546.419921875 }, "geometry": { "type": "Point", "coordinates": [ 80.247946, 13.0354617 ] } },
{ "type": "Feature", "properties": { "osmid": 249797851, "y": 13.0355319, "x": 80.2467683, "street_count": 3, "highway": null, "elevation_m": 9.5830478668212891, "population": 20546.419921875 }, "geometry": { "type": "Point", "coordinates": [ 80.2467683, 13.0355319 ] } },
{ "type": "Feature", "properties": { "osmid": 249797854, "y": 13.0353749, "x": 80.2494264, "street_count": 3, "highway": null, "elevation_m": 11.598233222961426, "population": 20759.59375 }, "geometry": { "type": "Point", "coordinates": [ 80.2494264, 13.0353749 ] } },
{ "type": "Feature", "properties": { "osmid": 249797855, "y": 13.032961, "x": 80.2495095, "street_count": 3, "highway": null, "elevation_m": 12.317245483398438, "population": 20759.59375 }, "geometry": { "type": "Point", "coordinates": [ 80.2495095, 13.032961 ] } },
{ "type": "Feature", "properties": { "osmid": 249797856, "y": 13.0349645, "x": 80.2479033, "street_count": 3, "highway": null, "elevation_m": 16.043098449707031, "population": 20546.419921875 }, "geometry": { "type": "Point", "coordinates": [ 80.2479033, 13.0349645 ] } },
{ "type": "Feature", "properties": { "osmid": 249797857, "y": 13.0348085, "x": 80.249307, "street_count": 3, "highway": null, "elevation_m": 9.0309257507324219, "population": 20759.59375 }, "geometry": { "type": "Point", "coordinates": [ 80.249307, 13.0348085 ] } },
{ "type": "Feature", "properties": { "osmid": 249797860, "y": 13.0320272, "x": 80.2494155, "street_count": 3, "highway": null, "elevation_m": 13.400744438171387, "population": 21972.181640625 }, "geometry": { "type": "Point", "coordinates": [ 80.2494155, 13.0320272 ] } },
{ "type": "Feature", "properties": { "osmid": 249797863, "y": 13.0299942, "x": 80.2481648, "street_count": 1, "highway": null, "elevation_m": 13.21275520324707, "population": 17030.998046875 }, "geometry": { "type": "Point", "coordinates": [ 80.2481648, 13.0299942 ] } },
{ "type": "Feature", "properties": { "osmid": 249797901, "y": 13.0347232, "x": 80.2501911, "street_count": 1, "highway": null, "elevation_m": 12.85563850402832, "population": 20759.59375 }, "geometry": { "type": "Point", "coordinates": [ 80.2501911, 13.0347232 ] } },
{ "type": "Feature", "properties": { "osmid": 249797906, "y": 13.0347341, "x": 80.2506907, "street_count": 3, "highway": null, "elevation_m": 11.168764114379883, "population": 20759.59375 }, "geometry": { "type": "Point", "coordinates": [ 80.2506907, 13.0347341 ] } },
{ "type": "Feature", "properties": { "osmid": 249797912, "y": 13.0345037, "x": 80.2478551, "street_count": 3, "highway": null, "elevation_m": 13.899322509765625, "population": 20546.419921875 }, "geometry": { "type": "Point", "coordinates": [ 80.2478551, 13.0345037 ] } },
{ "type": "Feature", "properties": { "osmid": 249797913, "y": 13.0343335, "x": 80.2492431, "street_count": 3, "highway": null, "elevation_m": 13.115618705749512, "population": 20759.59375 }, "geometry": { "type": "Point", "coordinates": [ 80.2492431, 13.0343335 ] } },
{ "type": "Feature", "properties": { "osmid": 249797944, "y": 13.0315305, "x": 80.2453138, "street_count": 3, "highway": null, "elevation_m": 10.778740882873535, "population": 17030.998046875 }, "geometry": { "type": "Point", "coordinates": [ 80.2453138, 13.0315305 ] } },
{ "type": "Feature", "properties": { "osmid": 249797954, "y": 13.0305334, "x": 80.2447073, "street_count": 3, "highway": null, "elevation_m": 9.5293283462524414, "population": 17030.998046875 }, "geometry": { "type": "Point", "coordinates": [ 80.2447073, 13.0305334 ] } },
{ "type": "Feature", "properties": { "osmid": 249797970, "y": 13.0276243, "x": 80.2451043, "street_count": 3, "highway": null, "elevation_m": 7.4704608917236328, "population": 17030.998046875 }, "geometry": { "type": "Point", "coordinates": [ 80.2451043, 13.0276243 ] } },
{ "type": "Feature", "properties": { "osmid": 249797972, "y": 13.0283541, "x": 80.2426323, "street_count": 3, "highway": null, "elevation_m": 12.530974388122559, "population": 17030.998046875 }, "geometry": { "type": "Point", "coordinates": [ 80.2426323, 13.0283541 ] } },
{ "type": "Feature", "properties": { "osmid": 249798001, "y": 13.0279169, "x": 80.243708, "street_count": 4, "highway": null, "elevation_m": 15.44390869140625, "population": 17030.998046875 }, "geometry": { "type": "Point", "coordinates": [ 80.243708, 13.0279169 ] } },
{ "type": "Feature", "properties": { "osmid": 249798016, "y": 13.0287937, "x": 80.2410473, "street_count": 3, "highway": null, "elevation_m": 12.809638977050781, "population": 17030.998046875 }, "geometry": { "type": "Point", "coordinates": [ 80.2410473, 13.0287937 ] } },
{ "type": "Feature", "properties": { "osmid": 249798022, "y": 13.0285924, "x": 80.2418079, "street_count": 3, "highway": null, "elevation_m": 10.552449226379395, "population": 17030.998046875 }, "geometry": { "type": "Point", "coordinates": [ 80.2418079, 13.0285924 ] } },
{ "type": "Feature", "properties": { "osmid": 249798026, "y": 13.0308211, "x": 80.2403322, "street_count": 3, "highway": null, "elevation_m": 11.738472938537598, "population": 15232.8125 }, "geometry": { "type": "Point", "coordinates": [ 80.2403322, 13.0308211 ] } },
{ "type": "Feature", "properties": { "osmid": 249798027, "y": 13.0306526, "x": 80.2471372, "street_count": 3, "highway": null, "elevation_m": 17.296995162963867, "population": 17030.998046875 }, "geometry": { "type": "Point", "coordinates": [ 80.2471372, 13.0306526 ] } },
{ "type": "Feature", "properties": { "osmid": 249798028, "y": 13.0299985, "x": 80.2421736, "street_count": 4, "highway": null, "elevation_m": 10.866944313049316, "population": 17030.998046875 }, "geometry": { "type": "Point", "coordinates": [ 80.2421736, 13.0299985 ] } },
{ "type": "Feature", "properties": { "osmid": 249798031, "y": 13.0305146, "x": 80.2450784, "street_count": 3, "highway": null, "elevation_m": 9.6798763275146484, "population": 17030.998046875 }, "geometry": { "type": "Point", "coordinates": [ 80.2450784, 13.0305146 ] } },
{ "type": "Feature", "properties": { "osmid": 249798033, "y": 13.0307879, "x": 80.2451382, "street_count": 3, "highway": null, "elevation_m": 9.948969841003418, "population": 17030.998046875 }, "geometry": { "type": "Point", "coordinates": [ 80.2451382, 13.0307879 ] } },
{ "type": "Feature", "properties": { "osmid": 249798035, "y": 13.0280652, "x": 80.2414697, "street_count": 3, "highway": null, "elevation_m": 13.032751083374023, "population": 17030.998046875 }, "geometry": { "type": "Point", "coordinates": [ 80.2414697, 13.0280652 ] } },
{ "type": "Feature", "properties": { "osmid": 249798036, "y": 13.0286462, "x": 80.2416149, "street_count": 3, "highway": null, "elevation_m": 11.339683532714844, "population": 17030.998046875 }, "geometry": { "type": "Point", "coordinates": [ 80.2416149, 13.0286462 ] } },
{ "type": "Feature", "properties": { "osmid": 249798037, "y": 13.0282033, "x": 80.2408817, "street_count": 3, "highway": null, "elevation_m": 6.1842799186706543, "population": 17030.998046875 }, "geometry": { "type": "Point", "coordinates": [ 80.2408817, 13.0282033 ] } },
{ "type": "Feature", "properties": { "osmid": 249798040, "y": 13.026881, "x": 80.2435295, "street_count": 1, "highway": null, "elevation_m": 8.078883171081543, "population": 17030.998046875 }, "geometry": { "type": "Point", "coordinates": [ 80.2435295, 13.026881 ] } },
{ "type": "Feature", "properties": { "osmid": 249798041, "y": 13.0285283, "x": 80.2420868, "street_count": 3, "highway": null, "elevation_m": 12.181490898132324, "population": 17030.998046875 }, "geometry": { "type": "Point", "coordinates": [ 80.2420868, 13.0285283 ] } },
{ "type": "Feature", "properties": { "osmid": 249798044, "y": 13.0285186, "x": 80.247099, "street_count": 3, "highway": null, "elevation_m": 15.802022933959961, "population": 17030.998046875 }, "geometry": { "type": "Point", "coordinates": [ 80.247099, 13.0285186 ] } },
{ "type": "Feature", "properties": { "osmid": 249798065, "y": 13.0270077, "x": 80.2454557, "street_count": 3, "highway": null, "elevation_m": 10.412586212158203, "population": 17030.998046875 }, "geometry": { "type": "Point", "coordinates": [ 80.2454557, 13.0270077 ] } },
{ "type": "Feature", "properties": { "osmid": 249798081, "y": 13.0288691, "x": 80.2457492, "street_count": 3, "highway": null, "elevation_m": 10.335768699645996, "population": 17030.998046875 }, "geometry": { "type": "Point", "coordinates": [ 80.2457492, 13.0288691 ] } },
{ "type": "Feature", "properties": { "osmid": 249798117, "y": 13.0294014, "x": 80.2420246, "street_count": 4, "highway": null, "elevation_m": 11.944064140319824, "population": 17030.998046875 }, "geometry": { "type": "Point", "coordinates": [ 80.2420246, 13.0294014 ] } },
{ "type": "Feature", "properties": { "osmid": 249798118, "y": 13.0288709, "x": 80.2407443, "street_count": 3, "highway": null, "elevation_m": 18.396051406860352, "population": 17030.998046875 }, "geometry": { "type": "Point", "coordinates": [ 80.2407443, 13.0288709 ] } },
{ "type": "Feature", "properties": { "osmid": 249798133, "y": 13.0290483, "x": 80.2438657, "street_count": 4, "highway": null, "elevation_m": 10.878185272216797, "population": 17030.998046875 }, "geometry": { "type": "Point", "coordinates": [ 80.2438657, 13.0290483 ] } },
{ "type": "Feature", "properties": { "osmid": 249798143, "y": 13.0306104, "x": 80.2407691, "street_count": 3, "highway": null, "elevation_m": 16.894540786743164, "population": 17030.998046875 }, "geometry": { "type": "Point", "coordinates": [ 80.2407691, 13.0306104 ] } },
{ "type": "Feature", "properties": { "osmid": 249798161, "y": 13.0303976, "x": 80.2412356, "street_count": 3, "highway": null, "elevation_m": 13.144186019897461, "population": 17030.998046875 }, "geometry": { "type": "Point", "coordinates": [ 80.2412356, 13.0303976 ] } },
{ "type": "Feature", "properties": { "osmid": 249798170, "y": 13.0289811, "x": 80.2403401, "street_count": 3, "highway": null, "elevation_m": 16.278339385986328, "population": 15232.8125 }, "geometry": { "type": "Point", "coordinates": [ 80.2403401, 13.0289811 ] } },
{ "type": "Feature", "properties": { "osmid": 249798207, "y": 13.0276802, "x": 80.2410703, "street_count": 3, "highway": null, "elevation_m": 11.88408374786377, "population": 17030.998046875 }, "geometry": { "type": "Point", "coordinates": [ 80.2410703, 13.0276802 ] } },
{ "type": "Feature", "properties": { "osmid": 249798263, "y": 13.0268064, "x": 80.2465215, "street_count": 3, "highway": null, "elevation_m": 12.471892356872559, "population": 17030.998046875 }, "geometry": { "type": "Point", "coordinates": [ 80.2465215, 13.0268064 ] } },
{ "type": "Feature", "properties": { "osmid": 249798265, "y": 13.0281804, "x": 80.248004, "street_count": 3, "highway": null, "elevation_m": 11.591777801513672, "population": 17030.998046875 }, "geometry": { "type": "Point", "coordinates": [ 80.248004, 13.0281804 ] } },
{ "type": "Feature", "properties": { "osmid": 249798266, "y": 13.0281313, "x": 80.2483152, "street_count": 3, "highway": null, "elevation_m": 12.455901145935059, "population": 17030.998046875 }, "geometry": { "type": "Point", "coordinates": [ 80.2483152, 13.0281313 ] } },
{ "type": "Feature", "properties": { "osmid": 249798267, "y": 13.0278423, "x": 80.2490265, "street_count": 3, "highway": null, "elevation_m": 13.775793075561523, "population": 21972.181640625 }, "geometry": { "type": "Point", "coordinates": [ 80.2490265, 13.0278423 ] } },
{ "type": "Feature", "properties": { "osmid": 249798426, "y": 13.0286969, "x": 80.2463658, "street_count": 3, "highway": null, "elevation_m": 12.145891189575195, "population": 17030.998046875 }, "geometry": { "type": "Point", "coordinates": [ 80.2463658, 13.0286969 ] } },
{ "type": "Feature", "properties": { "osmid": 249798427, "y": 13.0283243, "x": 80.2463111, "street_count": 3, "highway": null, "elevation_m": 12.975337982177734, "population": 17030.998046875 }, "geometry": { "type": "Point", "coordinates": [ 80.2463111, 13.0283243 ] } },
{ "type": "Feature", "properties": { "osmid": 249798430, "y": 13.0373286, "x": 80.2503962, "street_count": 3, "highway": null, "elevation_m": 13.596086502075195, "population": 20759.59375 }, "geometry": { "type": "Point", "coordinates": [ 80.2503962, 13.0373286 ] } },
{ "type": "Feature", "properties": { "osmid": 249798432, "y": 13.0258504, "x": 80.2484041, "street_count": 3, "highway": null, "elevation_m": 14.675674438476562, "population": 17030.998046875 }, "geometry": { "type": "Point", "coordinates": [ 80.2484041, 13.0258504 ] } },
{ "type": "Feature", "properties": { "osmid": 249798433, "y": 13.0284735, "x": 80.245714, "street_count": 3, "highway": null, "elevation_m": 5.1731700897216797, "population": 17030.998046875 }, "geometry": { "type": "Point", "coordinates": [ 80.245714, 13.0284735 ] } },
{ "type": "Feature", "properties": { "osmid": 249798437, "y": 13.0374712, "x": 80.2488002, "street_count": 3, "highway": null, "elevation_m": 11.83659553527832, "population": 20759.59375 }, "geometry": { "type": "Point", "coordinates": [ 80.2488002, 13.0374712 ] } },
{ "type": "Feature", "properties": { "osmid": 249798438, "y": 13.0391169, "x": 80.249091, "street_count": 3, "highway": null, "elevation_m": 13.465921401977539, "population": 20759.59375 }, "geometry": { "type": "Point", "coordinates": [ 80.249091, 13.0391169 ] } },
{ "type": "Feature", "properties": { "osmid": 249798439, "y": 13.0375302, "x": 80.2488062, "street_count": 3, "highway": null, "elevation_m": 11.83659553527832, "population": 20759.59375 }, "geometry": { "type": "Point", "coordinates": [ 80.2488062, 13.0375302 ] } },
{ "type": "Feature", "properties": { "osmid": 249798441, "y": 13.0378968, "x": 80.2488517, "street_count": 4, "highway": null, "elevation_m": 14.050145149230957, "population": 20759.59375 }, "geometry": { "type": "Point", "coordinates": [ 80.2488517, 13.0378968 ] } },
{ "type": "Feature", "properties": { "osmid": 249798442, "y": 13.0373377, "x": 80.248782, "street_count": 1, "highway": null, "elevation_m": 8.7550430297851562, "population": 20759.59375 }, "geometry": { "type": "Point", "coordinates": [ 80.248782, 13.0373377 ] } },
{ "type": "Feature", "properties": { "osmid": 249798450, "y": 13.0278257, "x": 80.2475518, "street_count": 3, "highway": null, "elevation_m": 15.44610595703125, "population": 17030.998046875 }, "geometry": { "type": "Point", "coordinates": [ 80.2475518, 13.0278257 ] } },
{ "type": "Feature", "properties": { "osmid": 249798452, "y": 13.0272532, "x": 80.2487012, "street_count": 3, "highway": null, "elevation_m": 11.581882476806641, "population": 17030.998046875 }, "geometry": { "type": "Point", "coordinates": [ 80.2487012, 13.0272532 ] } },
{ "type": "Feature", "properties": { "osmid": 249798456, "y": 13.0261511, "x": 80.2462839, "street_count": 1, "highway": null, "elevation_m": 16.356937408447266, "population": 17030.998046875 }, "geometry": { "type": "Point", "coordinates": [ 80.2462839, 13.0261511 ] } },
{ "type": "Feature", "properties": { "osmid": 249798480, "y": 13.0392191, "x": 80.2483733, "street_count": 3, "highway": null, "elevation_m": 12.659041404724121, "population": 20546.419921875 }, "geometry": { "type": "Point", "coordinates": [ 80.2483733, 13.0392191 ] } },
{ "type": "Feature", "properties": { "osmid": 249798482, "y": 13.0390471, "x": 80.2496239, "street_count": 3, "highway": null, "elevation_m": 11.988960266113281, "population": 20759.59375 }, "geometry": { "type": "Point", "coordinates": [ 80.2496239, 13.0390471 ] } },
{ "type": "Feature", "properties": { "osmid": 249798484, "y": 13.037091, "x": 80.2498472, "street_count": 1, "highway": null, "elevation_m": 10.522331237792969, "population": 20759.59375 }, "geometry": { "type": "Point", "coordinates": [ 80.2498472, 13.037091 ] } },
{ "type": "Feature", "properties": { "osmid": 249798485, "y": 13.0377279, "x": 80.2499033, "street_count": 3, "highway": null, "elevation_m": 11.552040100097656, "population": 20759.59375 }, "geometry": { "type": "Point", "coordinates": [ 80.2499033, 13.0377279 ] } },
{ "type": "Feature", "properties": { "osmid": 249798487, "y": 13.0379696, "x": 80.2480883, "street_count": 3, "highway": null, "elevation_m": 11.725090026855469, "population": 20546.419921875 }, "geometry": { "type": "Point", "coordinates": [ 80.2480883, 13.0379696 ] } },
{ "type": "Feature", "properties": { "osmid": 249798493, "y": 13.0376358, "x": 80.2505213, "street_count": 1, "highway": null, "elevation_m": 13.547822952270508, "population": 20759.59375 }, "geometry": { "type": "Point", "coordinates": [ 80.2505213, 13.0376358 ] } },
{ "type": "Feature", "properties": { "osmid": 249798494, "y": 13.0378514, "x": 80.2505382, "street_count": 3, "highway": null, "elevation_m": 13.540319442749023, "population": 20759.59375 }, "geometry": { "type": "Point", "coordinates": [ 80.2505382, 13.0378514 ] } },
{ "type": "Feature", "properties": { "osmid": 249798495, "y": 13.0383904, "x": 80.2505697, "street_count": 3, "highway": null, "elevation_m": 10.015680313110352, "population": 20759.59375 }, "geometry": { "type": "Point", "coordinates": [ 80.2505697, 13.0383904 ] } },
{ "type": "Feature", "properties": { "osmid": 249798496, "y": 13.0388945, "x": 80.2506358, "street_count": 3, "highway": null, "elevation_m": 10.807538986206055, "population": 20759.59375 }, "geometry": { "type": "Point", "coordinates": [ 80.2506358, 13.0388945 ] } },
{ "type": "Feature", "properties": { "osmid": 249798507, "y": 13.0338018, "x": 80.2497848, "street_count": 3, "highway": null, "elevation_m": 14.92066478729248, "population": 20759.59375 }, "geometry": { "type": "Point", "coordinates": [ 80.2497848, 13.0338018 ] } },
{ "type": "Feature", "properties": { "osmid": 250319149, "y": 13.0376054, "x": 80.239601, "street_count": 3, "highway": null, "elevation_m": 15.031925201416016, "population": 24653.408203125 }, "geometry": { "type": "Point", "coordinates": [ 80.239601, 13.0376054 ] } },
{ "type": "Feature", "properties": { "osmid": 250319155, "y": 13.0368446, "x": 80.2395071, "street_count": 3, "highway": null, "elevation_m": 13.76987361907959, "population": 24653.408203125 }, "geometry": { "type": "Point", "coordinates": [ 80.2395071, 13.0368446 ] } },
{ "type": "Feature", "properties": { "osmid": 250319160, "y": 13.0360469, "x": 80.2393957, "street_count": 3, "highway": null, "elevation_m": 14.384279251098633, "population": 24653.408203125 }, "geometry": { "type": "Point", "coordinates": [ 80.2393957, 13.0360469 ] } },
{ "type": "Feature", "properties": { "osmid": 250319172, "y": 13.0362169, "x": 80.2379377, "street_count": 3, "highway": null, "elevation_m": 11.563305854797363, "population": 24653.408203125 }, "geometry": { "type": "Point", "coordinates": [ 80.2379377, 13.0362169 ] } },
{ "type": "Feature", "properties": { "osmid": 250319178, "y": 13.0356608, "x": 80.2369, "street_count": 3, "highway": null, "elevation_m": 14.17572021484375, "population": 24653.408203125 }, "geometry": { "type": "Point", "coordinates": [ 80.2369, 13.0356608 ] } },
{ "type": "Feature", "properties": { "osmid": 250319184, "y": 13.0360924, "x": 80.2375704, "street_count": 3, "highway": null, "elevation_m": 13.233919143676758, "population": 24653.408203125 }, "geometry": { "type": "Point", "coordinates": [ 80.2375704, 13.0360924 ] } },
{ "type": "Feature", "properties": { "osmid": 250319205, "y": 13.0350786, "x": 80.2385798, "street_count": 3, "highway": null, "elevation_m": 13.656907081604004, "population": 24653.408203125 }, "geometry": { "type": "Point", "coordinates": [ 80.2385798, 13.0350786 ] } },
{ "type": "Feature", "properties": { "osmid": 250319229, "y": 13.0349146, "x": 80.2422221, "street_count": 4, "highway": null, "elevation_m": 10.455375671386719, "population": 20546.419921875 }, "geometry": { "type": "Point", "coordinates": [ 80.2422221, 13.0349146 ] } },
{ "type": "Feature", "properties": { "osmid": 250319233, "y": 13.0335706, "x": 80.2410743, "street_count": 3, "highway": null, "elevation_m": 12.822339057922363, "population": 20546.419921875 }, "geometry": { "type": "Point", "coordinates": [ 80.2410743, 13.0335706 ] } },
{ "type": "Feature", "properties": { "osmid": 250319236, "y": 13.0368088, "x": 80.2429324, "street_count": 3, "highway": null, "elevation_m": 15.448408126831055, "population": 20546.419921875 }, "geometry": { "type": "Point", "coordinates": [ 80.2429324, 13.0368088 ] } },
{ "type": "Feature", "properties": { "osmid": 250319241, "y": 13.0359729, "x": 80.2426967, "street_count": 3, "highway": null, "elevation_m": 11.910037040710449, "population": 20546.419921875 }, "geometry": { "type": "Point", "coordinates": [ 80.2426967, 13.0359729 ] } },
{ "type": "Feature", "properties": { "osmid": 250319247, "y": 13.0390602, "x": 80.2434101, "street_count": 3, "highway": null, "elevation_m": 18.880653381347656, "population": 20546.419921875 }, "geometry": { "type": "Point", "coordinates": [ 80.2434101, 13.0390602 ] } },
{ "type": "Feature", "properties": { "osmid": 250319253, "y": 13.0363377, "x": 80.2394517, "street_count": 3, "highway": null, "elevation_m": 12.002023696899414, "population": 24653.408203125 }, "geometry": { "type": "Point", "coordinates": [ 80.2394517, 13.0363377 ] } },
{ "type": "Feature", "properties": { "osmid": 250319257, "y": 13.0377661, "x": 80.243074, "street_count": 4, "highway": null, "elevation_m": 12.125001907348633, "population": 20546.419921875 }, "geometry": { "type": "Point", "coordinates": [ 80.243074, 13.0377661 ] } },
{ "type": "Feature", "properties": { "osmid": 250319261, "y": 13.0387289, "x": 80.2397461, "street_count": 3, "highway": null, "elevation_m": 16.502157211303711, "population": 24653.408203125 }, "geometry": { "type": "Point", "coordinates": [ 80.2397461, 13.0387289 ] } },
{ "type": "Feature", "properties": { "osmid": 250319267, "y": 13.0371847, "x": 80.2395492, "street_count": 3, "highway": null, "elevation_m": 14.669012069702148, "population": 24653.408203125 }, "geometry": { "type": "Point", "coordinates": [ 80.2395492, 13.0371847 ] } },
{ "type": "Feature", "properties": { "osmid": 250319281, "y": 13.0381504, "x": 80.239674, "street_count": 3, "highway": null, "elevation_m": 12.994195938110352, "population": 24653.408203125 }, "geometry": { "type": "Point", "coordinates": [ 80.239674, 13.0381504 ] } },
{ "type": "Feature", "properties": { "osmid": 250319283, "y": 13.0398721, "x": 80.2398763, "street_count": 3, "highway": null, "elevation_m": 12.850154876708984, "population": 24653.408203125 }, "geometry": { "type": "Point", "coordinates": [ 80.2398763, 13.0398721 ] } },
{ "type": "Feature", "properties": { "osmid": 250319286, "y": 13.0397775, "x": 80.2407522, "street_count": 3, "highway": null, "elevation_m": 14.653331756591797, "population": 20546.419921875 }, "geometry": { "type": "Point", "coordinates": [ 80.2407522, 13.0397775 ] } },
{ "type": "Feature", "properties": { "osmid": 250319292, "y": 13.0386388, "x": 80.2404359, "street_count": 3, "highway": null, "elevation_m": 10.763230323791504, "population": 20546.419921875 }, "geometry": { "type": "Point", "coordinates": [ 80.2404359, 13.0386388 ] } },
{ "type": "Feature", "properties": { "osmid": 250319295, "y": 13.0383946, "x": 80.2426306, "street_count": 3, "highway": null, "elevation_m": 15.414772987365723, "population": 20546.419921875 }, "geometry": { "type": "Point", "coordinates": [ 80.2426306, 13.0383946 ] } },
{ "type": "Feature", "properties": { "osmid": 250319302, "y": 13.0393205, "x": 80.2407204, "street_count": 3, "highway": null, "elevation_m": 16.374406814575195, "population": 20546.419921875 }, "geometry": { "type": "Point", "coordinates": [ 80.2407204, 13.0393205 ] } },
{ "type": "Feature", "properties": { "osmid": 250319306, "y": 13.0391293, "x": 80.2426959, "street_count": 3, "highway": null, "elevation_m": 14.776790618896484, "population": 20546.419921875 }, "geometry": { "type": "Point", "coordinates": [ 80.2426959, 13.0391293 ] } },
{ "type": "Feature", "properties": { "osmid": 250319309, "y": 13.0334316, "x": 80.2393225, "street_count": 1, "highway": null, "elevation_m": 13.012435913085938, "population": 24653.408203125 }, "geometry": { "type": "Point", "coordinates": [ 80.2393225, 13.0334316 ] } },
{ "type": "Feature", "properties": { "osmid": 250319312, "y": 13.033986, "x": 80.2390372, "street_count": 3, "highway": null, "elevation_m": 11.782366752624512, "population": 24653.408203125 }, "geometry": { "type": "Point", "coordinates": [ 80.2390372, 13.033986 ] } },
{ "type": "Feature", "properties": { "osmid": 250319328, "y": 13.0359881, "x": 80.2438456, "street_count": 3, "highway": null, "elevation_m": 10.636850357055664, "population": 20546.419921875 }, "geometry": { "type": "Point", "coordinates": [ 80.2438456, 13.0359881 ] } },
{ "type": "Feature", "properties": { "osmid": 250319336, "y": 13.0396825, "x": 80.2452435, "street_count": 3, "highway": null, "elevation_m": 11.490863800048828, "population": 20546.419921875 }, "geometry": { "type": "Point", "coordinates": [ 80.2452435, 13.0396825 ] } },
{ "type": "Feature", "properties": { "osmid": 250319357, "y": 13.0384612, "x": 80.244563, "street_count": 3, "highway": null, "elevation_m": 12.784237861633301, "population": 20546.419921875 }, "geometry": { "type": "Point", "coordinates": [ 80.244563, 13.0384612 ] } },
{ "type": "Feature", "properties": { "osmid": 250319381, "y": 13.0409708, "x": 80.2456203, "street_count": 3, "highway": null, "elevation_m": 11.021493911743164, "population": 20546.419921875 }, "geometry": { "type": "Point", "coordinates": [ 80.2456203, 13.0409708 ] } },
{ "type": "Feature", "properties": { "osmid": 250319395, "y": 13.0379339, "x": 80.2443866, "street_count": 3, "highway": null, "elevation_m": 9.2596940994262695, "population": 20546.419921875 }, "geometry": { "type": "Point", "coordinates": [ 80.2443866, 13.0379339 ] } },
{ "type": "Feature", "properties": { "osmid": 250319507, "y": 13.036267, "x": 80.2428042, "street_count": 3, "highway": null, "elevation_m": 9.7509632110595703, "population": 20546.419921875 }, "geometry": { "type": "Point", "coordinates": [ 80.2428042, 13.036267 ] } },
{ "type": "Feature", "properties": { "osmid": 250319530, "y": 13.0357053, "x": 80.2450218, "street_count": 3, "highway": null, "elevation_m": 11.515820503234863, "population": 20546.419921875 }, "geometry": { "type": "Point", "coordinates": [ 80.2450218, 13.0357053 ] } },
{ "type": "Feature", "properties": { "osmid": 250319539, "y": 13.0379673, "x": 80.2456178, "street_count": 3, "highway": null, "elevation_m": 10.336612701416016, "population": 20546.419921875 }, "geometry": { "type": "Point", "coordinates": [ 80.2456178, 13.0379673 ] } },
{ "type": "Feature", "properties": { "osmid": 250363446, "y": 13.0279203, "x": 80.2269157, "street_count": 3, "highway": null, "elevation_m": 10.052555084228516, "population": 23049.033203125 }, "geometry": { "type": "Point", "coordinates": [ 80.2269157, 13.0279203 ] } },
{ "type": "Feature", "properties": { "osmid": 250363456, "y": 13.02859, "x": 80.2240573, "street_count": 4, "highway": null, "elevation_m": 11.491020202636719, "population": 23049.033203125 }, "geometry": { "type": "Point", "coordinates": [ 80.2240573, 13.02859 ] } },
{ "type": "Feature", "properties": { "osmid": 250363460, "y": 13.0288916, "x": 80.2240458, "street_count": 3, "highway": null, "elevation_m": 12.039726257324219, "population": 23049.033203125 }, "geometry": { "type": "Point", "coordinates": [ 80.2240458, 13.0288916 ] } },
{ "type": "Feature", "properties": { "osmid": 250363466, "y": 13.0311889, "x": 80.2242997, "street_count": 3, "highway": null, "elevation_m": 11.94633960723877, "population": 23049.033203125 }, "geometry": { "type": "Point", "coordinates": [ 80.2242997, 13.0311889 ] } },
{ "type": "Feature", "properties": { "osmid": 250363477, "y": 13.0314179, "x": 80.2225448, "street_count": 3, "highway": null, "elevation_m": 11.831760406494141, "population": 24509.30859375 }, "geometry": { "type": "Point", "coordinates": [ 80.2225448, 13.0314179 ] } },
{ "type": "Feature", "properties": { "osmid": 250363480, "y": 13.0281886, "x": 80.2240127, "street_count": 3, "highway": null, "elevation_m": 11.502171516418457, "population": 23049.033203125 }, "geometry": { "type": "Point", "coordinates": [ 80.2240127, 13.0281886 ] } },
{ "type": "Feature", "properties": { "osmid": 250363481, "y": 13.0275971, "x": 80.2240573, "street_count": 3, "highway": null, "elevation_m": 11.097182273864746, "population": 23049.033203125 }, "geometry": { "type": "Point", "coordinates": [ 80.2240573, 13.0275971 ] } },
{ "type": "Feature", "properties": { "osmid": 250363482, "y": 13.0268297, "x": 80.224105, "street_count": 3, "highway": null, "elevation_m": 8.9344491958618164, "population": 23049.033203125 }, "geometry": { "type": "Point", "coordinates": [ 80.224105, 13.0268297 ] } },
{ "type": "Feature", "properties": { "osmid": 250363483, "y": 13.0261938, "x": 80.224207, "street_count": 3, "highway": null, "elevation_m": 13.277091979980469, "population": 23049.033203125 }, "geometry": { "type": "Point", "coordinates": [ 80.224207, 13.0261938 ] } },
{ "type": "Feature", "properties": { "osmid": 250363496, "y": 13.0301835, "x": 80.2259088, "street_count": 3, "highway": null, "elevation_m": 8.2176628112792969, "population": 23049.033203125 }, "geometry": { "type": "Point", "coordinates": [ 80.2259088, 13.0301835 ] } },
{ "type": "Feature", "properties": { "osmid": 250363497, "y": 13.0299075, "x": 80.2274105, "street_count": 4, "highway": null, "elevation_m": 7.9032039642333984, "population": 23049.033203125 }, "geometry": { "type": "Point", "coordinates": [ 80.2274105, 13.0299075 ] } },
{ "type": "Feature", "properties": { "osmid": 250363498, "y": 13.0286918, "x": 80.2255814, "street_count": 3, "highway": null, "elevation_m": 9.2772493362426758, "population": 23049.033203125 }, "geometry": { "type": "Point", "coordinates": [ 80.2255814, 13.0286918 ] } },
{ "type": "Feature", "properties": { "osmid": 250363499, "y": 13.0284037, "x": 80.2271665, "street_count": 4, "highway": null, "elevation_m": 13.902023315429688, "population": 23049.033203125 }, "geometry": { "type": "Point", "coordinates": [ 80.2271665, 13.0284037 ] } },
{ "type": "Feature", "properties": { "osmid": 250363500, "y": 13.0283147, "x": 80.2279158, "street_count": 3, "highway": null, "elevation_m": 10.382193565368652, "population": 23049.033203125 }, "geometry": { "type": "Point", "coordinates": [ 80.2279158, 13.0283147 ] } },
{ "type": "Feature", "properties": { "osmid": 250363513, "y": 13.0286124, "x": 80.225965, "street_count": 4, "highway": null, "elevation_m": 9.8832998275756836, "population": 23049.033203125 }, "geometry": { "type": "Point", "coordinates": [ 80.225965, 13.0286124 ] } },
{ "type": "Feature", "properties": { "osmid": 250363515, "y": 13.0301021, "x": 80.2263279, "street_count": 3, "highway": null, "elevation_m": 11.807536125183105, "population": 23049.033203125 }, "geometry": { "type": "Point", "coordinates": [ 80.2263279, 13.0301021 ] } },
{ "type": "Feature", "properties": { "osmid": 250363516, "y": 13.0289763, "x": 80.2260559, "street_count": 3, "highway": null, "elevation_m": 11.204728126525879, "population": 23049.033203125 }, "geometry": { "type": "Point", "coordinates": [ 80.2260559, 13.0289763 ] } },
{ "type": "Feature", "properties": { "osmid": 250363518, "y": 13.0294015, "x": 80.2261726, "street_count": 3, "highway": null, "elevation_m": 9.6203947067260742, "population": 23049.033203125 }, "geometry": { "type": "Point", "coordinates": [ 80.2261726, 13.0294015 ] } },
{ "type": "Feature", "properties": { "osmid": 250363519, "y": 13.0298222, "x": 80.2262754, "street_count": 3, "highway": null, "elevation_m": 10.584495544433594, "population": 23049.033203125 }, "geometry": { "type": "Point", "coordinates": [ 80.2262754, 13.0298222 ] } },
{ "type": "Feature", "properties": { "osmid": 250363522, "y": 13.0297526, "x": 80.2266101, "street_count": 3, "highway": null, "elevation_m": 10.371167182922363, "population": 23049.033203125 }, "geometry": { "type": "Point", "coordinates": [ 80.2266101, 13.0297526 ] } },
{ "type": "Feature", "properties": { "osmid": 250363523, "y": 13.0293366, "x": 80.2265379, "street_count": 3, "highway": null, "elevation_m": 10.886852264404297, "population": 23049.033203125 }, "geometry": { "type": "Point", "coordinates": [ 80.2265379, 13.0293366 ] } },
{ "type": "Feature", "properties": { "osmid": 250363524, "y": 13.0297055, "x": 80.2269544, "street_count": 3, "highway": null, "elevation_m": 10.077251434326172, "population": 23049.033203125 }, "geometry": { "type": "Point", "coordinates": [ 80.2269544, 13.0297055 ] } },
{ "type": "Feature", "properties": { "osmid": 250363525, "y": 13.029283, "x": 80.2268707, "street_count": 3, "highway": null, "elevation_m": 12.248688697814941, "population": 23049.033203125 }, "geometry": { "type": "Point", "coordinates": [ 80.2268707, 13.029283 ] } },
{ "type": "Feature", "properties": { "osmid": 250363542, "y": 13.0263539, "x": 80.2297539, "street_count": 4, "highway": null, "elevation_m": 10.325793266296387, "population": 23049.033203125 }, "geometry": { "type": "Point", "coordinates": [ 80.2297539, 13.0263539 ] } },
{ "type": "Feature", "properties": { "osmid": 250363545, "y": 13.0289781, "x": 80.2301552, "street_count": 3, "highway": null, "elevation_m": 15.007181167602539, "population": 23049.033203125 }, "geometry": { "type": "Point", "coordinates": [ 80.2301552, 13.0289781 ] } },
{ "type": "Feature", "properties": { "osmid": 250363552, "y": 13.0278774, "x": 80.2278808, "street_count": 3, "highway": null, "elevation_m": 11.553805351257324, "population": 23049.033203125 }, "geometry": { "type": "Point", "coordinates": [ 80.2278808, 13.0278774 ] } },
{ "type": "Feature", "properties": { "osmid": 250363577, "y": 13.027009, "x": 80.2278012, "street_count": 3, "highway": null, "elevation_m": 11.852993011474609, "population": 23049.033203125 }, "geometry": { "type": "Point", "coordinates": [ 80.2278012, 13.027009 ] } },
{ "type": "Feature", "properties": { "osmid": 250363580, "y": 13.0273241, "x": 80.2278279, "street_count": 3, "highway": null, "elevation_m": 14.129761695861816, "population": 23049.033203125 }, "geometry": { "type": "Point", "coordinates": [ 80.2278279, 13.0273241 ] } },
{ "type": "Feature", "properties": { "osmid": 250363586, "y": 13.0283521, "x": 80.2301954, "street_count": 3, "highway": null, "elevation_m": 13.265096664428711, "population": 23049.033203125 }, "geometry": { "type": "Point", "coordinates": [ 80.2301954, 13.0283521 ] } },
{ "type": "Feature", "properties": { "osmid": 250363589, "y": 13.0296883, "x": 80.2285766, "street_count": 4, "highway": null, "elevation_m": 9.8932743072509766, "population": 23049.033203125 }, "geometry": { "type": "Point", "coordinates": [ 80.2285766, 13.0296883 ] } },
{ "type": "Feature", "properties": { "osmid": 250363592, "y": 13.029133, "x": 80.2285638, "street_count": 1, "highway": null, "elevation_m": 9.2452116012573242, "population": 23049.033203125 }, "geometry": { "type": "Point", "coordinates": [ 80.2285638, 13.029133 ] } },
{ "type": "Feature", "properties": { "osmid": 250363595, "y": 13.0296388, "x": 80.2291233, "street_count": 3, "highway": null, "elevation_m": 9.5936899185180664, "population": 23049.033203125 }, "geometry": { "type": "Point", "coordinates": [ 80.2291233, 13.0296388 ] } },
{ "type": "Feature", "properties": { "osmid": 250363597, "y": 13.0296458, "x": 80.2288621, "street_count": 4, "highway": null, "elevation_m": 9.7138385772705078, "population": 23049.033203125 }, "geometry": { "type": "Point", "coordinates": [ 80.2288621, 13.0296458 ] } },
{ "type": "Feature", "properties": { "osmid": 250363603, "y": 13.0292406, "x": 80.2291055, "street_count": 1, "highway": null, "elevation_m": 9.3824357986450195, "population": 23049.033203125 }, "geometry": { "type": "Point", "coordinates": [ 80.2291055, 13.0292406 ] } },
{ "type": "Feature", "properties": { "osmid": 250363605, "y": 13.0303219, "x": 80.2288912, "street_count": 3, "highway": null, "elevation_m": 10.32927131652832, "population": 23049.033203125 }, "geometry": { "type": "Point", "coordinates": [ 80.2288912, 13.0303219 ] } },
{ "type": "Feature", "properties": { "osmid": 250363608, "y": 13.0291866, "x": 80.2288414, "street_count": 1, "highway": null, "elevation_m": 9.845611572265625, "population": 23049.033203125 }, "geometry": { "type": "Point", "coordinates": [ 80.2288414, 13.0291866 ] } },
{ "type": "Feature", "properties": { "osmid": 250363621, "y": 13.0309712, "x": 80.228678, "street_count": 3, "highway": null, "elevation_m": 10.177455902099609, "population": 23049.033203125 }, "geometry": { "type": "Point", "coordinates": [ 80.228678, 13.0309712 ] } },
{ "type": "Feature", "properties": { "osmid": 250363624, "y": 13.0311182, "x": 80.2274348, "street_count": 3, "highway": null, "elevation_m": 12.062768936157227, "population": 23049.033203125 }, "geometry": { "type": "Point", "coordinates": [ 80.2274348, 13.0311182 ] } },
{ "type": "Feature", "properties": { "osmid": 250363629, "y": 13.0313001, "x": 80.2287045, "street_count": 3, "highway": null, "elevation_m": 11.557178497314453, "population": 23049.033203125 }, "geometry": { "type": "Point", "coordinates": [ 80.2287045, 13.0313001 ] } },
{ "type": "Feature", "properties": { "osmid": 250363632, "y": 13.0313424, "x": 80.2274578, "street_count": 3, "highway": null, "elevation_m": 12.688876152038574, "population": 23049.033203125 }, "geometry": { "type": "Point", "coordinates": [ 80.2274578, 13.0313424 ] } },
{ "type": "Feature", "properties": { "osmid": 250363638, "y": 13.0316741, "x": 80.2287575, "street_count": 3, "highway": null, "elevation_m": 10.057499885559082, "population": 23049.033203125 }, "geometry": { "type": "Point", "coordinates": [ 80.2287575, 13.0316741 ] } },
{ "type": "Feature", "properties": { "osmid": 250363646, "y": 13.032062, "x": 80.2288271, "street_count": 4, "highway": null, "elevation_m": 9.3747701644897461, "population": 23049.033203125 }, "geometry": { "type": "Point", "coordinates": [ 80.2288271, 13.032062 ] } },
{ "type": "Feature", "properties": { "osmid": 250363665, "y": 13.0324687, "x": 80.2288777, "street_count": 3, "highway": null, "elevation_m": 10.675992965698242, "population": 23049.033203125 }, "geometry": { "type": "Point", "coordinates": [ 80.2288777, 13.0324687 ] } },
{ "type": "Feature", "properties": { "osmid": 250363673, "y": 13.0333308, "x": 80.2289734, "street_count": 3, "highway": null, "elevation_m": 11.757785797119141, "population": 19051.626953125 }, "geometry": { "type": "Point", "coordinates": [ 80.2289734, 13.0333308 ] } },
{ "type": "Feature", "properties": { "osmid": 250363680, "y": 13.0337266, "x": 80.2274388, "street_count": 3, "highway": null, "elevation_m": 9.7589759826660156, "population": 19051.626953125 }, "geometry": { "type": "Point", "coordinates": [ 80.2274388, 13.0337266 ] } },
{ "type": "Feature", "properties": { "osmid": 250363689, "y": 13.0327787, "x": 80.2266144, "street_count": 1, "highway": null, "elevation_m": 11.306244850158691, "population": 23049.033203125 }, "geometry": { "type": "Point", "coordinates": [ 80.2266144, 13.0327787 ] } },
{ "type": "Feature", "properties": { "osmid": 250363692, "y": 13.0339472, "x": 80.2290496, "street_count": 3, "highway": null, "elevation_m": 10.974294662475586, "population": 19051.626953125 }, "geometry": { "type": "Point", "coordinates": [ 80.2290496, 13.0339472 ] } },
{ "type": "Feature", "properties": { "osmid": 250363716, "y": 13.0321299, "x": 80.2298247, "street_count": 3, "highway": null, "elevation_m": 9.398859977722168, "population": 23049.033203125 }, "geometry": { "type": "Point", "coordinates": [ 80.2298247, 13.0321299 ] } },
{ "type": "Feature", "properties": { "osmid": 250363731, "y": 13.0369024, "x": 80.2277334, "street_count": 1, "highway": null, "elevation_m": 11.485647201538086, "population": 19051.626953125 }, "geometry": { "type": "Point", "coordinates": [ 80.2277334, 13.0369024 ] } },
{ "type": "Feature", "properties": { "osmid": 250363738, "y": 13.0375841, "x": 80.2279979, "street_count": 1, "highway": null, "elevation_m": 12.385146141052246, "population": 19051.626953125 }, "geometry": { "type": "Point", "coordinates": [ 80.2279979, 13.0375841 ] } },
{ "type": "Feature", "properties": { "osmid": 250363751, "y": 13.0368028, "x": 80.2280463, "street_count": 3, "highway": null, "elevation_m": 13.131280899047852, "population": 19051.626953125 }, "geometry": { "type": "Point", "coordinates": [ 80.2280463, 13.0368028 ] } },
{ "type": "Feature", "properties": { "osmid": 250363753, "y": 13.0352996, "x": 80.22768, "street_count": 1, "highway": null, "elevation_m": 11.756959915161133, "population": 19051.626953125 }, "geometry": { "type": "Point", "coordinates": [ 80.22768, 13.0352996 ] } },
{ "type": "Feature", "properties": { "osmid": 250363755, "y": 13.0366995, "x": 80.2282826, "street_count": 3, "highway": null, "elevation_m": 12.096640586853027, "population": 19051.626953125 }, "geometry": { "type": "Point", "coordinates": [ 80.2282826, 13.0366995 ] } },
{ "type": "Feature", "properties": { "osmid": 250363778, "y": 13.0362075, "x": 80.2298707, "street_count": 3, "highway": null, "elevation_m": 11.754003524780273, "population": 19051.626953125 }, "geometry": { "type": "Point", "coordinates": [ 80.2298707, 13.0362075 ] } },
{ "type": "Feature", "properties": { "osmid": 250363780, "y": 13.035654, "x": 80.2296945, "street_count": 3, "highway": null, "elevation_m": 12.781651496887207, "population": 19051.626953125 }, "geometry": { "type": "Point", "coordinates": [ 80.2296945, 13.035654 ] } },
{ "type": "Feature", "properties": { "osmid": 250363824, "y": 13.0358654, "x": 80.2287224, "street_count": 1, "highway": null, "elevation_m": 13.54801082611084, "population": 19051.626953125 }, "geometry": { "type": "Point", "coordinates": [ 80.2287224, 13.0358654 ] } },
{ "type": "Feature", "properties": { "osmid": 250363890, "y": 13.0366345, "x": 80.228507, "street_count": 3, "highway": null, "elevation_m": 13.170354843139648, "population": 19051.626953125 }, "geometry": { "type": "Point", "coordinates": [ 80.228507, 13.0366345 ] } },
{ "type": "Feature", "properties": { "osmid": 250363925, "y": 13.0374567, "x": 80.2284166, "street_count": 3, "highway": null, "elevation_m": 17.272066116333008, "population": 19051.626953125 }, "geometry": { "type": "Point", "coordinates": [ 80.2284166, 13.0374567 ] } },
{ "type": "Feature", "properties": { "osmid": 250363934, "y": 13.0407379, "x": 80.2310377, "street_count": 3, "highway": null, "elevation_m": 11.200299263000488, "population": 19051.626953125 }, "geometry": { "type": "Point", "coordinates": [ 80.2310377, 13.0407379 ] } },
{ "type": "Feature", "properties": { "osmid": 250363953, "y": 13.0412959, "x": 80.2289537, "street_count": 3, "highway": null, "elevation_m": 9.9906101226806641, "population": 24514.197265625 }, "geometry": { "type": "Point", "coordinates": [ 80.2289537, 13.0412959 ] } },
{ "type": "Feature", "properties": { "osmid": 250363961, "y": 13.041168, "x": 80.228924, "street_count": 2, "highway": null, "elevation_m": 11.012543678283691, "population": 19051.626953125 }, "geometry": { "type": "Point", "coordinates": [ 80.228924, 13.041168 ] } },
{ "type": "Feature", "properties": { "osmid": 250363968, "y": 13.0410703, "x": 80.2293459, "street_count": 3, "highway": null, "elevation_m": 10.286635398864746, "population": 19051.626953125 }, "geometry": { "type": "Point", "coordinates": [ 80.2293459, 13.0410703 ] } },
{ "type": "Feature", "properties": { "osmid": 250363982, "y": 13.0392945, "x": 80.2288857, "street_count": 3, "highway": null, "elevation_m": 13.962567329406738, "population": 19051.626953125 }, "geometry": { "type": "Point", "coordinates": [ 80.2288857, 13.0392945 ] } },
{ "type": "Feature", "properties": { "osmid": 250364032, "y": 13.040219, "x": 80.2291158, "street_count": 4, "highway": null, "elevation_m": 15.520553588867188, "population": 19051.626953125 }, "geometry": { "type": "Point", "coordinates": [ 80.2291158, 13.040219 ] } },
{ "type": "Feature", "properties": { "osmid": 250364033, "y": 13.0430415, "x": 80.2293865, "street_count": 3, "highway": null, "elevation_m": 11.983434677124023, "population": 24514.197265625 }, "geometry": { "type": "Point", "coordinates": [ 80.2293865, 13.0430415 ] } },
{ "type": "Feature", "properties": { "osmid": 250364035, "y": 13.044492, "x": 80.2297715, "street_count": 3, "highway": null, "elevation_m": 10.164557456970215, "population": 24514.197265625 }, "geometry": { "type": "Point", "coordinates": [ 80.2297715, 13.044492 ] } },
{ "type": "Feature", "properties": { "osmid": 250364040, "y": 13.0476602, "x": 80.2303773, "street_count": 3, "highway": null, "elevation_m": 10.614988327026367, "population": 24514.197265625 }, "geometry": { "type": "Point", "coordinates": [ 80.2303773, 13.0476602 ] } },
{ "type": "Feature", "properties": { "osmid": 250364043, "y": 13.0500292, "x": 80.2307327, "street_count": 3, "highway": null, "elevation_m": 10.656349182128906, "population": 20723.693359375 }, "geometry": { "type": "Point", "coordinates": [ 80.2307327, 13.0500292 ] } },
{ "type": "Feature", "properties": { "osmid": 250364048, "y": 13.0521815, "x": 80.231382, "street_count": 3, "highway": null, "elevation_m": 13.399857521057129, "population": 20723.693359375 }, "geometry": { "type": "Point", "coordinates": [ 80.231382, 13.0521815 ] } },
{ "type": "Feature", "properties": { "osmid": 250364051, "y": 13.0531437, "x": 80.2316606, "street_count": 3, "highway": null, "elevation_m": 13.889834403991699, "population": 20723.693359375 }, "geometry": { "type": "Point", "coordinates": [ 80.2316606, 13.0531437 ] } },
{ "type": "Feature", "properties": { "osmid": 250364053, "y": 13.0539658, "x": 80.2318742, "street_count": 3, "highway": null, "elevation_m": 14.705988883972168, "population": 20723.693359375 }, "geometry": { "type": "Point", "coordinates": [ 80.2318742, 13.0539658 ] } },
{ "type": "Feature", "properties": { "osmid": 250364055, "y": 13.0538997, "x": 80.2341358, "street_count": 3, "highway": null, "elevation_m": 9.8104486465454102, "population": 22810.8515625 }, "geometry": { "type": "Point", "coordinates": [ 80.2341358, 13.0538997 ] } },
{ "type": "Feature", "properties": { "osmid": 250364066, "y": 13.04344, "x": 80.2322797, "street_count": 3, "highway": null, "elevation_m": 10.311063766479492, "population": 26002.5859375 }, "geometry": { "type": "Point", "coordinates": [ 80.2322797, 13.04344 ] } },
{ "type": "Feature", "properties": { "osmid": 250364068, "y": 13.0438588, "x": 80.2295978, "street_count": 3, "highway": null, "elevation_m": 12.199134826660156, "population": 24514.197265625 }, "geometry": { "type": "Point", "coordinates": [ 80.2295978, 13.0438588 ] } },
{ "type": "Feature", "properties": { "osmid": 250364069, "y": 13.0470044, "x": 80.2360228, "street_count": 3, "highway": null, "elevation_m": 12.261874198913574, "population": 26002.5859375 }, "geometry": { "type": "Point", "coordinates": [ 80.2360228, 13.0470044 ] } },
{ "type": "Feature", "properties": { "osmid": 250364070, "y": 13.0465404, "x": 80.2382514, "street_count": 4, "highway": null, "elevation_m": 13.71714973449707, "population": 26002.5859375 }, "geometry": { "type": "Point", "coordinates": [ 80.2382514, 13.0465404 ] } },
{ "type": "Feature", "properties": { "osmid": 250364072, "y": 13.0484926, "x": 80.2305005, "street_count": 3, "highway": null, "elevation_m": 10.193510055541992, "population": 24514.197265625 }, "geometry": { "type": "Point", "coordinates": [ 80.2305005, 13.0484926 ] } },
{ "type": "Feature", "properties": { "osmid": 250364075, "y": 13.0493616, "x": 80.2306347, "street_count": 3, "highway": null, "elevation_m": 10.4678955078125, "population": 24514.197265625 }, "geometry": { "type": "Point", "coordinates": [ 80.2306347, 13.0493616 ] } },
{ "type": "Feature", "properties": { "osmid": 250364096, "y": 13.0509695, "x": 80.2309581, "street_count": 3, "highway": null, "elevation_m": 10.937436103820801, "population": 20723.693359375 }, "geometry": { "type": "Point", "coordinates": [ 80.2309581, 13.0509695 ] } },
{ "type": "Feature", "properties": { "osmid": 250364098, "y": 13.0515564, "x": 80.2311738, "street_count": 3, "highway": null, "elevation_m": 12.305710792541504, "population": 20723.693359375 }, "geometry": { "type": "Point", "coordinates": [ 80.2311738, 13.0515564 ] } },
{ "type": "Feature", "properties": { "osmid": 250364105, "y": 13.0538733, "x": 80.233051, "street_count": 3, "highway": null, "elevation_m": 13.617215156555176, "population": 22810.8515625 }, "geometry": { "type": "Point", "coordinates": [ 80.233051, 13.0538733 ] } },
{ "type": "Feature", "properties": { "osmid": 250364108, "y": 13.0525692, "x": 80.2318172, "street_count": 1, "highway": null, "elevation_m": 14.489630699157715, "population": 20723.693359375 }, "geometry": { "type": "Point", "coordinates": [ 80.2318172, 13.0525692 ] } },
{ "type": "Feature", "properties": { "osmid": 250364110, "y": 13.05307, "x": 80.2319561, "street_count": 3, "highway": null, "elevation_m": 14.247086524963379, "population": 20723.693359375 }, "geometry": { "type": "Point", "coordinates": [ 80.2319561, 13.05307 ] } },
{ "type": "Feature", "properties": { "osmid": 250364113, "y": 13.0536654, "x": 80.2321224, "street_count": 3, "highway": null, "elevation_m": 14.319125175476074, "population": 22810.8515625 }, "geometry": { "type": "Point", "coordinates": [ 80.2321224, 13.0536654 ] } },
{ "type": "Feature", "properties": { "osmid": 250364116, "y": 13.0537151, "x": 80.2318076, "street_count": 3, "highway": null, "elevation_m": 14.938061714172363, "population": 20723.693359375 }, "geometry": { "type": "Point", "coordinates": [ 80.2318076, 13.0537151 ] } },
{ "type": "Feature", "properties": { "osmid": 250364126, "y": 13.0518506, "x": 80.2332995, "street_count": 3, "highway": null, "elevation_m": 15.041587829589844, "population": 22810.8515625 }, "geometry": { "type": "Point", "coordinates": [ 80.2332995, 13.0518506 ] } },
{ "type": "Feature", "properties": { "osmid": 250364129, "y": 13.0525976, "x": 80.2359238, "street_count": 3, "highway": null, "elevation_m": 15.623435020446777, "population": 22810.8515625 }, "geometry": { "type": "Point", "coordinates": [ 80.2359238, 13.0525976 ] } },
{ "type": "Feature", "properties": { "osmid": 250364131, "y": 13.0519542, "x": 80.2357326, "street_count": 4, "highway": null, "elevation_m": 13.420312881469727, "population": 22810.8515625 }, "geometry": { "type": "Point", "coordinates": [ 80.2357326, 13.0519542 ] } },
{ "type": "Feature", "properties": { "osmid": 250364132, "y": 13.051817, "x": 80.2366779, "street_count": 3, "highway": null, "elevation_m": 13.823719024658203, "population": 22810.8515625 }, "geometry": { "type": "Point", "coordinates": [ 80.2366779, 13.051817 ] } },
{ "type": "Feature", "properties": { "osmid": 250364133, "y": 13.0513899, "x": 80.235526, "street_count": 3, "highway": null, "elevation_m": 13.020037651062012, "population": 22810.8515625 }, "geometry": { "type": "Point", "coordinates": [ 80.235526, 13.0513899 ] } },
{ "type": "Feature", "properties": { "osmid": 250364151, "y": 13.0451515, "x": 80.2299937, "street_count": 3, "highway": null, "elevation_m": 12.845399856567383, "population": 24514.197265625 }, "geometry": { "type": "Point", "coordinates": [ 80.2299937, 13.0451515 ] } },
{ "type": "Feature", "properties": { "osmid": 250364175, "y": 13.0449132, "x": 80.2310048, "street_count": 3, "highway": null, "elevation_m": 13.761774063110352, "population": 24514.197265625 }, "geometry": { "type": "Point", "coordinates": [ 80.2310048, 13.0449132 ] } },
{ "type": "Feature", "properties": { "osmid": 250364178, "y": 13.0428802, "x": 80.2306553, "street_count": 3, "highway": null, "elevation_m": 15.511638641357422, "population": 24514.197265625 }, "geometry": { "type": "Point", "coordinates": [ 80.2306553, 13.0428802 ] } },
{ "type": "Feature", "properties": { "osmid": 250364181, "y": 13.0411675, "x": 80.2294919, "street_count": 3, "highway": null, "elevation_m": 10.286635398864746, "population": 19051.626953125 }, "geometry": { "type": "Point", "coordinates": [ 80.2294919, 13.0411675 ] } },
{ "type": "Feature", "properties": { "osmid": 250364184, "y": 13.0429591, "x": 80.2299434, "street_count": 3, "highway": null, "elevation_m": 15.381098747253418, "population": 24514.197265625 }, "geometry": { "type": "Point", "coordinates": [ 80.2299434, 13.0429591 ] } },
{ "type": "Feature", "properties": { "osmid": 250364200, "y": 13.044621, "x": 80.2355229, "street_count": 3, "highway": null, "elevation_m": 11.834436416625977, "population": 26002.5859375 }, "geometry": { "type": "Point", "coordinates": [ 80.2355229, 13.044621 ] } },
{ "type": "Feature", "properties": { "osmid": 250364206, "y": 13.0439602, "x": 80.2372161, "street_count": 3, "highway": null, "elevation_m": 15.967644691467285, "population": 26002.5859375 }, "geometry": { "type": "Point", "coordinates": [ 80.2372161, 13.0439602 ] } },
{ "type": "Feature", "properties": { "osmid": 250364229, "y": 13.0444551, "x": 80.2377487, "street_count": 3, "highway": null, "elevation_m": 17.763301849365234, "population": 26002.5859375 }, "geometry": { "type": "Point", "coordinates": [ 80.2377487, 13.0444551 ] } },
{ "type": "Feature", "properties": { "osmid": 250364256, "y": 13.0443157, "x": 80.2354583, "street_count": 3, "highway": null, "elevation_m": 12.947473526000977, "population": 26002.5859375 }, "geometry": { "type": "Point", "coordinates": [ 80.2354583, 13.0443157 ] } },
{ "type": "Feature", "properties": { "osmid": 250364258, "y": 13.0479974, "x": 80.2386449, "street_count": 3, "highway": null, "elevation_m": 15.317669868469238, "population": 26002.5859375 }, "geometry": { "type": "Point", "coordinates": [ 80.2386449, 13.0479974 ] } },
{ "type": "Feature", "properties": { "osmid": 250364260, "y": 13.0447014, "x": 80.2378289, "street_count": 3, "highway": null, "elevation_m": 13.04387378692627, "population": 26002.5859375 }, "geometry": { "type": "Point", "coordinates": [ 80.2378289, 13.0447014 ] } },
{ "type": "Feature", "properties": { "osmid": 250364262, "y": 13.0451346, "x": 80.2356412, "street_count": 3, "highway": null, "elevation_m": 15.436443328857422, "population": 26002.5859375 }, "geometry": { "type": "Point", "coordinates": [ 80.2356412, 13.0451346 ] } },
{ "type": "Feature", "properties": { "osmid": 250364269, "y": 13.0452, "x": 80.2356533, "street_count": 3, "highway": null, "elevation_m": 12.053406715393066, "population": 26002.5859375 }, "geometry": { "type": "Point", "coordinates": [ 80.2356533, 13.0452 ] } },
{ "type": "Feature", "properties": { "osmid": 250364273, "y": 13.0452932, "x": 80.235081, "street_count": 4, "highway": null, "elevation_m": 16.887313842773438, "population": 26002.5859375 }, "geometry": { "type": "Point", "coordinates": [ 80.235081, 13.0452932 ] } },
{ "type": "Feature", "properties": { "osmid": 250364274, "y": 13.047096, "x": 80.235426, "street_count": 3, "highway": null, "elevation_m": 15.184471130371094, "population": 26002.5859375 }, "geometry": { "type": "Point", "coordinates": [ 80.235426, 13.047096 ] } },
{ "type": "Feature", "properties": { "osmid": 250364275, "y": 13.0461229, "x": 80.2358379, "street_count": 3, "highway": null, "elevation_m": 12.479878425598145, "population": 26002.5859375 }, "geometry": { "type": "Point", "coordinates": [ 80.2358379, 13.0461229 ] } },
{ "type": "Feature", "properties": { "osmid": 250364276, "y": 13.0462365, "x": 80.2352904, "street_count": 4, "highway": null, "elevation_m": 9.7492465972900391, "population": 26002.5859375 }, "geometry": { "type": "Point", "coordinates": [ 80.2352904, 13.0462365 ] } },
{ "type": "Feature", "properties": { "osmid": 250364290, "y": 13.046593, "x": 80.2329085, "street_count": 4, "highway": null, "elevation_m": 10.718539237976074, "population": 26002.5859375 }, "geometry": { "type": "Point", "coordinates": [ 80.2329085, 13.046593 ] } },
{ "type": "Feature", "properties": { "osmid": 250364291, "y": 13.0465093, "x": 80.2334924, "street_count": 4, "highway": null, "elevation_m": 13.368332862854004, "population": 26002.5859375 }, "geometry": { "type": "Point", "coordinates": [ 80.2334924, 13.0465093 ] } },
{ "type": "Feature", "properties": { "osmid": 250364293, "y": 13.0449834, "x": 80.2332034, "street_count": 3, "highway": null, "elevation_m": 15.854939460754395, "population": 26002.5859375 }, "geometry": { "type": "Point", "coordinates": [ 80.2332034, 13.0449834 ] } },
{ "type": "Feature", "properties": { "osmid": 250364295, "y": 13.0455387, "x": 80.2333085, "street_count": 4, "highway": null, "elevation_m": 14.474818229675293, "population": 26002.5859375 }, "geometry": { "type": "Point", "coordinates": [ 80.2333085, 13.0455387 ] } },
{ "type": "Feature", "properties": { "osmid": 250364320, "y": 13.0421835, "x": 80.2443715, "street_count": 3, "highway": null, "elevation_m": 11.039188385009766, "population": 27057.625 }, "geometry": { "type": "Point", "coordinates": [ 80.2443715, 13.0421835 ] } },
{ "type": "Feature", "properties": { "osmid": 250364321, "y": 13.0427047, "x": 80.240815, "street_count": 4, "highway": null, "elevation_m": 10.626421928405762, "population": 27057.625 }, "geometry": { "type": "Point", "coordinates": [ 80.240815, 13.0427047 ] } },
{ "type": "Feature", "properties": { "osmid": 250364332, "y": 13.0471019, "x": 80.2466462, "street_count": 3, "highway": null, "elevation_m": 9.9326496124267578, "population": 27057.625 }, "geometry": { "type": "Point", "coordinates": [ 80.2466462, 13.0471019 ] } },
{ "type": "Feature", "properties": { "osmid": 250364355, "y": 13.0464668, "x": 80.245202, "street_count": 3, "highway": null, "elevation_m": 9.3742465972900391, "population": 27057.625 }, "geometry": { "type": "Point", "coordinates": [ 80.245202, 13.0464668 ] } },
{ "type": "Feature", "properties": { "osmid": 250364360, "y": 13.0460251, "x": 80.2451171, "street_count": 3, "highway": null, "elevation_m": 15.69124698638916, "population": 27057.625 }, "geometry": { "type": "Point", "coordinates": [ 80.2451171, 13.0460251 ] } },
{ "type": "Feature", "properties": { "osmid": 250364364, "y": 13.045695, "x": 80.2450561, "street_count": 3, "highway": null, "elevation_m": 16.794950485229492, "population": 27057.625 }, "geometry": { "type": "Point", "coordinates": [ 80.2450561, 13.045695 ] } },
{ "type": "Feature", "properties": { "osmid": 250364365, "y": 13.0455961, "x": 80.2456036, "street_count": 1, "highway": null, "elevation_m": 13.208039283752441, "population": 27057.625 }, "geometry": { "type": "Point", "coordinates": [ 80.2456036, 13.0455961 ] } },
{ "type": "Feature", "properties": { "osmid": 250364367, "y": 13.0458793, "x": 80.2457489, "street_count": 1, "highway": null, "elevation_m": 16.13630485534668, "population": 27057.625 }, "geometry": { "type": "Point", "coordinates": [ 80.2457489, 13.0458793 ] } },
{ "type": "Feature", "properties": { "osmid": 250364371, "y": 13.0430743, "x": 80.2464914, "street_count": 4, "highway": null, "elevation_m": 11.696494102478027, "population": 27057.625 }, "geometry": { "type": "Point", "coordinates": [ 80.2464914, 13.0430743 ] } },
{ "type": "Feature", "properties": { "osmid": 250364377, "y": 13.0420037, "x": 80.2452858, "street_count": 1, "highway": null, "elevation_m": 12.933297157287598, "population": 27057.625 }, "geometry": { "type": "Point", "coordinates": [ 80.2452858, 13.0420037 ] } },
{ "type": "Feature", "properties": { "osmid": 250364399, "y": 13.0402507, "x": 80.2421856, "street_count": 3, "highway": null, "elevation_m": 10.070189476013184, "population": 20546.419921875 }, "geometry": { "type": "Point", "coordinates": [ 80.2421856, 13.0402507 ] } },
{ "type": "Feature", "properties": { "osmid": 250364401, "y": 13.041432, "x": 80.2424344, "street_count": 3, "highway": null, "elevation_m": 11.424083709716797, "population": 27057.625 }, "geometry": { "type": "Point", "coordinates": [ 80.2424344, 13.041432 ] } },
{ "type": "Feature", "properties": { "osmid": 250364402, "y": 13.0415052, "x": 80.2419929, "street_count": 3, "highway": null, "elevation_m": 12.475133895874023, "population": 27057.625 }, "geometry": { "type": "Point", "coordinates": [ 80.2419929, 13.0415052 ] } },
{ "type": "Feature", "properties": { "osmid": 250364403, "y": 13.0425101, "x": 80.2421257, "street_count": 3, "highway": null, "elevation_m": 11.586522102355957, "population": 27057.625 }, "geometry": { "type": "Point", "coordinates": [ 80.2421257, 13.0425101 ] } },
{ "type": "Feature", "properties": { "osmid": 250364427, "y": 13.0424404, "x": 80.2425561, "street_count": 3, "highway": null, "elevation_m": 14.406071662902832, "population": 27057.625 }, "geometry": { "type": "Point", "coordinates": [ 80.2425561, 13.0424404 ] } },
{ "type": "Feature", "properties": { "osmid": 250364430, "y": 13.043657, "x": 80.2427473, "street_count": 3, "highway": null, "elevation_m": 13.073184013366699, "population": 27057.625 }, "geometry": { "type": "Point", "coordinates": [ 80.2427473, 13.043657 ] } },
{ "type": "Feature", "properties": { "osmid": 250364431, "y": 13.0429034, "x": 80.2397171, "street_count": 3, "highway": null, "elevation_m": 15.96259593963623, "population": 26002.5859375 }, "geometry": { "type": "Point", "coordinates": [ 80.2397171, 13.0429034 ] } },
{ "type": "Feature", "properties": { "osmid": 250364477, "y": 13.0453916, "x": 80.2379985, "street_count": 3, "highway": null, "elevation_m": 13.779820442199707, "population": 26002.5859375 }, "geometry": { "type": "Point", "coordinates": [ 80.2379985, 13.0453916 ] } },
{ "type": "Feature", "properties": { "osmid": 250364480, "y": 13.0453195, "x": 80.2379774, "street_count": 3, "highway": null, "elevation_m": 13.779820442199707, "population": 26002.5859375 }, "geometry": { "type": "Point", "coordinates": [ 80.2379774, 13.0453195 ] } },
{ "type": "Feature", "properties": { "osmid": 250364486, "y": 13.0457418, "x": 80.2357611, "street_count": 3, "highway": null, "elevation_m": 12.229021072387695, "population": 26002.5859375 }, "geometry": { "type": "Point", "coordinates": [ 80.2357611, 13.0457418 ] } },
{ "type": "Feature", "properties": { "osmid": 250364491, "y": 13.0458615, "x": 80.238104, "street_count": 3, "highway": null, "elevation_m": 14.504579544067383, "population": 26002.5859375 }, "geometry": { "type": "Point", "coordinates": [ 80.238104, 13.0458615 ] } },
{ "type": "Feature", "properties": { "osmid": 250364495, "y": 13.0463481, "x": 80.2358892, "street_count": 3, "highway": null, "elevation_m": 14.406877517700195, "population": 26002.5859375 }, "geometry": { "type": "Point", "coordinates": [ 80.2358892, 13.0463481 ] } },
{ "type": "Feature", "properties": { "osmid": 250364504, "y": 13.0447188, "x": 80.234966, "street_count": 3, "highway": null, "elevation_m": 12.529219627380371, "population": 26002.5859375 }, "geometry": { "type": "Point", "coordinates": [ 80.234966, 13.0447188 ] } },
{ "type": "Feature", "properties": { "osmid": 250364512, "y": 13.0473412, "x": 80.2336315, "street_count": 3, "highway": null, "elevation_m": 14.183210372924805, "population": 26002.5859375 }, "geometry": { "type": "Point", "coordinates": [ 80.2336315, 13.0473412 ] } },
{ "type": "Feature", "properties": { "osmid": 250364519, "y": 13.0454322, "x": 80.2326225, "street_count": 3, "highway": null, "elevation_m": 11.943957328796387, "population": 26002.5859375 }, "geometry": { "type": "Point", "coordinates": [ 80.2326225, 13.0454322 ] } },
{ "type": "Feature", "properties": { "osmid": 250364576, "y": 13.0467046, "x": 80.2321183, "street_count": 1, "highway": null, "elevation_m": 17.698736190795898, "population": 26002.5859375 }, "geometry": { "type": "Point", "coordinates": [ 80.2321183, 13.0467046 ] } },
{ "type": "Feature", "properties": { "osmid": 250364624, "y": 13.0490548, "x": 80.2305857, "street_count": 3, "highway": null, "elevation_m": 10.988922119140625, "population": 24514.197265625 }, "geometry": { "type": "Point", "coordinates": [ 80.2305857, 13.0490548 ] } },
{ "type": "Feature", "properties": { "osmid": 250364636, "y": 13.04915, "x": 80.2321143, "street_count": 3, "highway": null, "elevation_m": 13.93025016784668, "population": 26002.5859375 }, "geometry": { "type": "Point", "coordinates": [ 80.2321143, 13.04915 ] } },
{ "type": "Feature", "properties": { "osmid": 250364652, "y": 13.0522409, "x": 80.233408, "street_count": 3, "highway": null, "elevation_m": 13.837761878967285, "population": 22810.8515625 }, "geometry": { "type": "Point", "coordinates": [ 80.233408, 13.0522409 ] } },
{ "type": "Feature", "properties": { "osmid": 250364655, "y": 13.0524994, "x": 80.2325114, "street_count": 1, "highway": null, "elevation_m": 13.991528511047363, "population": 22810.8515625 }, "geometry": { "type": "Point", "coordinates": [ 80.2325114, 13.0524994 ] } },
{ "type": "Feature", "properties": { "osmid": 250364658, "y": 13.0574015, "x": 80.2321807, "street_count": 3, "highway": null, "elevation_m": 15.06036376953125, "population": 22810.8515625 }, "geometry": { "type": "Point", "coordinates": [ 80.2321807, 13.0574015 ] } },
{ "type": "Feature", "properties": { "osmid": 250364665, "y": 13.0561527, "x": 80.234042, "street_count": 4, "highway": null, "elevation_m": 15.776435852050781, "population": 22810.8515625 }, "geometry": { "type": "Point", "coordinates": [ 80.234042, 13.0561527 ] } },
{ "type": "Feature", "properties": { "osmid": 250364667, "y": 13.0539855, "x": 80.2336072, "street_count": 3, "highway": null, "elevation_m": 10.203732490539551, "population": 22810.8515625 }, "geometry": { "type": "Point", "coordinates": [ 80.2336072, 13.0539855 ] } },
{ "type": "Feature", "properties": { "osmid": 250364669, "y": 13.0549425, "x": 80.2316029, "street_count": 3, "highway": null, "elevation_m": 13.550116539001465, "population": 20723.693359375 }, "geometry": { "type": "Point", "coordinates": [ 80.2316029, 13.0549425 ] } },
{ "type": "Feature", "properties": { "osmid": 250364691, "y": 13.0553663, "x": 80.2338883, "street_count": 3, "highway": null, "elevation_m": 14.238566398620605, "population": 22810.8515625 }, "geometry": { "type": "Point", "coordinates": [ 80.2338883, 13.0553663 ] } },
{ "type": "Feature", "properties": { "osmid": 250364696, "y": 13.0563464, "x": 80.2320404, "street_count": 3, "highway": null, "elevation_m": 13.917648315429688, "population": 20723.693359375 }, "geometry": { "type": "Point", "coordinates": [ 80.2320404, 13.0563464 ] } },
{ "type": "Feature", "properties": { "osmid": 250364698, "y": 13.0559744, "x": 80.2367194, "street_count": 4, "highway": null, "elevation_m": 13.468768119812012, "population": 22810.8515625 }, "geometry": { "type": "Point", "coordinates": [ 80.2367194, 13.0559744 ] } },
{ "type": "Feature", "properties": { "osmid": 250364699, "y": 13.0579346, "x": 80.2369109, "street_count": 4, "highway": null, "elevation_m": 11.972700119018555, "population": 18045.91015625 }, "geometry": { "type": "Point", "coordinates": [ 80.2369109, 13.0579346 ] } },
{ "type": "Feature", "properties": { "osmid": 250364702, "y": 13.0542098, "x": 80.235342, "street_count": 3, "highway": null, "elevation_m": 16.002113342285156, "population": 22810.8515625 }, "geometry": { "type": "Point", "coordinates": [ 80.235342, 13.0542098 ] } },
{ "type": "Feature", "properties": { "osmid": 250364705, "y": 13.056012, "x": 80.2361316, "street_count": 3, "highway": null, "elevation_m": 16.494230270385742, "population": 22810.8515625 }, "geometry": { "type": "Point", "coordinates": [ 80.2361316, 13.056012 ] } },
{ "type": "Feature", "properties": { "osmid": 250364708, "y": 13.0541052, "x": 80.2360903, "street_count": 3, "highway": null, "elevation_m": 15.811399459838867, "population": 22810.8515625 }, "geometry": { "type": "Point", "coordinates": [ 80.2360903, 13.0541052 ] } },
{ "type": "Feature", "properties": { "osmid": 250364712, "y": 13.047757, "x": 80.2359299, "street_count": 3, "highway": null, "elevation_m": 12.199278831481934, "population": 26002.5859375 }, "geometry": { "type": "Point", "coordinates": [ 80.2359299, 13.047757 ] } },
{ "type": "Feature", "properties": { "osmid": 250364713, "y": 13.0470465, "x": 80.2357936, "street_count": 3, "highway": null, "elevation_m": 14.548696517944336, "population": 26002.5859375 }, "geometry": { "type": "Point", "coordinates": [ 80.2357936, 13.0470465 ] } },
{ "type": "Feature", "properties": { "osmid": 250364715, "y": 13.049476, "x": 80.2364816, "street_count": 3, "highway": null, "elevation_m": 14.63438606262207, "population": 26002.5859375 }, "geometry": { "type": "Point", "coordinates": [ 80.2364816, 13.049476 ] } },
{ "type": "Feature", "properties": { "osmid": 250364719, "y": 13.048074, "x": 80.2429284, "street_count": 3, "highway": null, "elevation_m": 12.317010879516602, "population": 27057.625 }, "geometry": { "type": "Point", "coordinates": [ 80.2429284, 13.048074 ] } },
{ "type": "Feature", "properties": { "osmid": 250364722, "y": 13.0469967, "x": 80.2435712, "street_count": 4, "highway": null, "elevation_m": 12.334786415100098, "population": 27057.625 }, "geometry": { "type": "Point", "coordinates": [ 80.2435712, 13.0469967 ] } },
{ "type": "Feature", "properties": { "osmid": 250364727, "y": 13.0478331, "x": 80.2450766, "street_count": 3, "highway": null, "elevation_m": 10.627202033996582, "population": 27057.625 }, "geometry": { "type": "Point", "coordinates": [ 80.2450766, 13.0478331 ] } },
{ "type": "Feature", "properties": { "osmid": 250364740, "y": 13.0496552, "x": 80.2418103, "street_count": 3, "highway": null, "elevation_m": 13.736472129821777, "population": 25040.6953125 }, "geometry": { "type": "Point", "coordinates": [ 80.2418103, 13.0496552 ] } },
{ "type": "Feature", "properties": { "osmid": 250364743, "y": 13.0483816, "x": 80.241512, "street_count": 3, "highway": null, "elevation_m": 14.408888816833496, "population": 27057.625 }, "geometry": { "type": "Point", "coordinates": [ 80.241512, 13.0483816 ] } },
{ "type": "Feature", "properties": { "osmid": 250364745, "y": 13.0487066, "x": 80.2400588, "street_count": 3, "highway": null, "elevation_m": 13.242583274841309, "population": 26002.5859375 }, "geometry": { "type": "Point", "coordinates": [ 80.2400588, 13.0487066 ] } },
{ "type": "Feature", "properties": { "osmid": 250364747, "y": 13.0499319, "x": 80.2392545, "street_count": 3, "highway": null, "elevation_m": 15.962342262268066, "population": 22810.8515625 }, "geometry": { "type": "Point", "coordinates": [ 80.2392545, 13.0499319 ] } },
{ "type": "Feature", "properties": { "osmid": 250364757, "y": 13.0479854, "x": 80.2387185, "street_count": 3, "highway": null, "elevation_m": 15.317669868469238, "population": 26002.5859375 }, "geometry": { "type": "Point", "coordinates": [ 80.2387185, 13.0479854 ] } },
{ "type": "Feature", "properties": { "osmid": 250364758, "y": 13.0489333, "x": 80.2389811, "street_count": 4, "highway": null, "elevation_m": 13.786233901977539, "population": 26002.5859375 }, "geometry": { "type": "Point", "coordinates": [ 80.2389811, 13.0489333 ] } },
{ "type": "Feature", "properties": { "osmid": 250364763, "y": 13.0479135, "x": 80.2351731, "street_count": 3, "highway": null, "elevation_m": 12.49814510345459, "population": 26002.5859375 }, "geometry": { "type": "Point", "coordinates": [ 80.2351731, 13.0479135 ] } },
{ "type": "Feature", "properties": { "osmid": 250364766, "y": 13.0518564, "x": 80.2362283, "street_count": 3, "highway": null, "elevation_m": 12.830073356628418, "population": 22810.8515625 }, "geometry": { "type": "Point", "coordinates": [ 80.2362283, 13.0518564 ] } },
{ "type": "Feature", "properties": { "osmid": 250364767, "y": 13.0505428, "x": 80.2358618, "street_count": 4, "highway": null, "elevation_m": 12.561557769775391, "population": 22810.8515625 }, "geometry": { "type": "Point", "coordinates": [ 80.2358618, 13.0505428 ] } },
{ "type": "Feature", "properties": { "osmid": 250364769, "y": 13.0496317, "x": 80.2355971, "street_count": 4, "highway": null, "elevation_m": 11.481456756591797, "population": 22810.8515625 }, "geometry": { "type": "Point", "coordinates": [ 80.2355971, 13.0496317 ] } },
{ "type": "Feature", "properties": { "osmid": 250364774, "y": 13.049271, "x": 80.234811, "street_count": 3, "highway": null, "elevation_m": 15.251208305358887, "population": 26002.5859375 }, "geometry": { "type": "Point", "coordinates": [ 80.234811, 13.049271 ] } },
{ "type": "Feature", "properties": { "osmid": 250364777, "y": 13.0487898, "x": 80.2346314, "street_count": 3, "highway": null, "elevation_m": 13.046679496765137, "population": 26002.5859375 }, "geometry": { "type": "Point", "coordinates": [ 80.2346314, 13.0487898 ] } },
{ "type": "Feature", "properties": { "osmid": 250364780, "y": 13.0490919, "x": 80.2347803, "street_count": 3, "highway": null, "elevation_m": 15.251208305358887, "population": 26002.5859375 }, "geometry": { "type": "Point", "coordinates": [ 80.2347803, 13.0490919 ] } },
{ "type": "Feature", "properties": { "osmid": 250364782, "y": 13.0482836, "x": 80.2374595, "street_count": 4, "highway": null, "elevation_m": 13.132541656494141, "population": 26002.5859375 }, "geometry": { "type": "Point", "coordinates": [ 80.2374595, 13.0482836 ] } },
{ "type": "Feature", "properties": { "osmid": 250364783, "y": 13.0477372, "x": 80.239854, "street_count": 4, "highway": null, "elevation_m": 12.398685455322266, "population": 26002.5859375 }, "geometry": { "type": "Point", "coordinates": [ 80.239854, 13.0477372 ] } },
{ "type": "Feature", "properties": { "osmid": 250364784, "y": 13.0489017, "x": 80.2354096, "street_count": 4, "highway": null, "elevation_m": 12.15615177154541, "population": 26002.5859375 }, "geometry": { "type": "Point", "coordinates": [ 80.2354096, 13.0489017 ] } },
{ "type": "Feature", "properties": { "osmid": 250364785, "y": 13.048638, "x": 80.2362027, "street_count": 4, "highway": null, "elevation_m": 14.9168701171875, "population": 26002.5859375 }, "geometry": { "type": "Point", "coordinates": [ 80.2362027, 13.048638 ] } },
{ "type": "Feature", "properties": { "osmid": 250364789, "y": 13.0478468, "x": 80.2359526, "street_count": 3, "highway": null, "elevation_m": 12.199278831481934, "population": 26002.5859375 }, "geometry": { "type": "Point", "coordinates": [ 80.2359526, 13.0478468 ] } },
{ "type": "Feature", "properties": { "osmid": 250364792, "y": 13.0472915, "x": 80.2384691, "street_count": 4, "highway": null, "elevation_m": 15.511451721191406, "population": 26002.5859375 }, "geometry": { "type": "Point", "coordinates": [ 80.2384691, 13.0472915 ] } },
{ "type": "Feature", "properties": { "osmid": 250364794, "y": 13.0470199, "x": 80.2396945, "street_count": 4, "highway": null, "elevation_m": 12.741270065307617, "population": 26002.5859375 }, "geometry": { "type": "Point", "coordinates": [ 80.2396945, 13.0470199 ] } },
{ "type": "Feature", "properties": { "osmid": 250364798, "y": 13.0467355, "x": 80.242461, "street_count": 3, "highway": null, "elevation_m": 14.75042724609375, "population": 27057.625 }, "geometry": { "type": "Point", "coordinates": [ 80.242461, 13.0467355 ] } },
{ "type": "Feature", "properties": { "osmid": 250364799, "y": 13.0464626, "x": 80.2426329, "street_count": 3, "highway": null, "elevation_m": 10.752263069152832, "population": 27057.625 }, "geometry": { "type": "Point", "coordinates": [ 80.2426329, 13.0464626 ] } },
{ "type": "Feature", "properties": { "osmid": 250364803, "y": 13.0475936, "x": 80.2420512, "street_count": 3, "highway": null, "elevation_m": 16.834604263305664, "population": 27057.625 }, "geometry": { "type": "Point", "coordinates": [ 80.2420512, 13.0475936 ] } },
{ "type": "Feature", "properties": { "osmid": 250364809, "y": 13.0482075, "x": 80.2422599, "street_count": 3, "highway": null, "elevation_m": 12.166617393493652, "population": 27057.625 }, "geometry": { "type": "Point", "coordinates": [ 80.2422599, 13.0482075 ] } },
{ "type": "Feature", "properties": { "osmid": 250364815, "y": 13.0467432, "x": 80.2396399, "street_count": 3, "highway": null, "elevation_m": 13.320051193237305, "population": 26002.5859375 }, "geometry": { "type": "Point", "coordinates": [ 80.2396399, 13.0467432 ] } },
{ "type": "Feature", "properties": { "osmid": 250364824, "y": 13.0456925, "x": 80.2409081, "street_count": 1, "highway": null, "elevation_m": 12.023665428161621, "population": 27057.625 }, "geometry": { "type": "Point", "coordinates": [ 80.2409081, 13.0456925 ] } },
{ "type": "Feature", "properties": { "osmid": 250364826, "y": 13.050418, "x": 80.2364978, "street_count": 4, "highway": null, "elevation_m": 15.426913261413574, "population": 22810.8515625 }, "geometry": { "type": "Point", "coordinates": [ 80.2364978, 13.050418 ] } },
{ "type": "Feature", "properties": { "osmid": 250364831, "y": 13.0515458, "x": 80.2366436, "street_count": 3, "highway": null, "elevation_m": 14.753726959228516, "population": 22810.8515625 }, "geometry": { "type": "Point", "coordinates": [ 80.2366436, 13.0515458 ] } },
{ "type": "Feature", "properties": { "osmid": 250364834, "y": 13.0513795, "x": 80.2381163, "street_count": 1, "highway": null, "elevation_m": 13.140853881835938, "population": 22810.8515625 }, "geometry": { "type": "Point", "coordinates": [ 80.2381163, 13.0513795 ] } },
{ "type": "Feature", "properties": { "osmid": 250364840, "y": 13.0508875, "x": 80.2375108, "street_count": 3, "highway": null, "elevation_m": 17.78465461730957, "population": 22810.8515625 }, "geometry": { "type": "Point", "coordinates": [ 80.2375108, 13.0508875 ] } },
{ "type": "Feature", "properties": { "osmid": 250364863, "y": 13.0501929, "x": 80.2378587, "street_count": 3, "highway": null, "elevation_m": 13.549321174621582, "population": 22810.8515625 }, "geometry": { "type": "Point", "coordinates": [ 80.2378587, 13.0501929 ] } },
{ "type": "Feature", "properties": { "osmid": 250364868, "y": 13.0512478, "x": 80.2388841, "street_count": 3, "highway": null, "elevation_m": 15.502338409423828, "population": 22810.8515625 }, "geometry": { "type": "Point", "coordinates": [ 80.2388841, 13.0512478 ] } },
{ "type": "Feature", "properties": { "osmid": 250364870, "y": 13.0509425, "x": 80.2405087, "street_count": 3, "highway": null, "elevation_m": 14.20314884185791, "population": 25040.6953125 }, "geometry": { "type": "Point", "coordinates": [ 80.2405087, 13.0509425 ] } },
{ "type": "Feature", "properties": { "osmid": 250364873, "y": 13.0524065, "x": 80.2391547, "street_count": 3, "highway": null, "elevation_m": 11.620190620422363, "population": 22810.8515625 }, "geometry": { "type": "Point", "coordinates": [ 80.2391547, 13.0524065 ] } },
{ "type": "Feature", "properties": { "osmid": 250364874, "y": 13.0518543, "x": 80.2390096, "street_count": 3, "highway": null, "elevation_m": 16.436002731323242, "population": 22810.8515625 }, "geometry": { "type": "Point", "coordinates": [ 80.2390096, 13.0518543 ] } },
{ "type": "Feature", "properties": { "osmid": 250364876, "y": 13.0514389, "x": 80.2375663, "street_count": 4, "highway": null, "elevation_m": 11.969470024108887, "population": 22810.8515625 }, "geometry": { "type": "Point", "coordinates": [ 80.2375663, 13.0514389 ] } },
{ "type": "Feature", "properties": { "osmid": 250364877, "y": 13.0512489, "x": 80.2372352, "street_count": 1, "highway": null, "elevation_m": 13.695127487182617, "population": 22810.8515625 }, "geometry": { "type": "Point", "coordinates": [ 80.2372352, 13.0512489 ] } },
{ "type": "Feature", "properties": { "osmid": 250364878, "y": 13.0512124, "x": 80.2375435, "street_count": 4, "highway": null, "elevation_m": 12.589194297790527, "population": 22810.8515625 }, "geometry": { "type": "Point", "coordinates": [ 80.2375435, 13.0512124 ] } },
{ "type": "Feature", "properties": { "osmid": 250364880, "y": 13.0511595, "x": 80.2379984, "street_count": 1, "highway": null, "elevation_m": 12.982036590576172, "population": 22810.8515625 }, "geometry": { "type": "Point", "coordinates": [ 80.2379984, 13.0511595 ] } },
{ "type": "Feature", "properties": { "osmid": 250364882, "y": 13.0517319, "x": 80.2376072, "street_count": 3, "highway": null, "elevation_m": 11.936994552612305, "population": 22810.8515625 }, "geometry": { "type": "Point", "coordinates": [ 80.2376072, 13.0517319 ] } },
{ "type": "Feature", "properties": { "osmid": 250364884, "y": 13.0522525, "x": 80.2376564, "street_count": 4, "highway": null, "elevation_m": 11.426406860351562, "population": 22810.8515625 }, "geometry": { "type": "Point", "coordinates": [ 80.2376564, 13.0522525 ] } },
{ "type": "Feature", "properties": { "osmid": 250364900, "y": 13.0522302, "x": 80.2378727, "street_count": 3, "highway": null, "elevation_m": 11.426406860351562, "population": 22810.8515625 }, "geometry": { "type": "Point", "coordinates": [ 80.2378727, 13.0522302 ] } },
{ "type": "Feature", "properties": { "osmid": 250364907, "y": 13.0527898, "x": 80.2379497, "street_count": 3, "highway": null, "elevation_m": 12.53078556060791, "population": 22810.8515625 }, "geometry": { "type": "Point", "coordinates": [ 80.2379497, 13.0527898 ] } },
{ "type": "Feature", "properties": { "osmid": 250364917, "y": 13.0528133, "x": 80.2369084, "street_count": 3, "highway": null, "elevation_m": 13.829113960266113, "population": 22810.8515625 }, "geometry": { "type": "Point", "coordinates": [ 80.2369084, 13.0528133 ] } },
{ "type": "Feature", "properties": { "osmid": 250364918, "y": 13.0529209, "x": 80.2364211, "street_count": 3, "highway": null, "elevation_m": 16.908205032348633, "population": 22810.8515625 }, "geometry": { "type": "Point", "coordinates": [ 80.2364211, 13.0529209 ] } },
{ "type": "Feature", "properties": { "osmid": 250364919, "y": 13.0524947, "x": 80.23636, "street_count": 1, "highway": null, "elevation_m": 15.078689575195312, "population": 22810.8515625 }, "geometry": { "type": "Point", "coordinates": [ 80.23636, 13.0524947 ] } },
{ "type": "Feature", "properties": { "osmid": 250364920, "y": 13.0533668, "x": 80.2364859, "street_count": 3, "highway": null, "elevation_m": 14.856894493103027, "population": 22810.8515625 }, "geometry": { "type": "Point", "coordinates": [ 80.2364859, 13.0533668 ] } },
{ "type": "Feature", "properties": { "osmid": 250364921, "y": 13.0510075, "x": 80.2365618, "street_count": 3, "highway": null, "elevation_m": 13.991382598876953, "population": 22810.8515625 }, "geometry": { "type": "Point", "coordinates": [ 80.2365618, 13.0510075 ] } },
{ "type": "Feature", "properties": { "osmid": 250364941, "y": 13.0528421, "x": 80.2377182, "street_count": 4, "highway": null, "elevation_m": 12.807266235351562, "population": 22810.8515625 }, "geometry": { "type": "Point", "coordinates": [ 80.2377182, 13.0528421 ] } },
{ "type": "Feature", "properties": { "osmid": 250364943, "y": 13.0525857, "x": 80.2385054, "street_count": 3, "highway": null, "elevation_m": 13.413996696472168, "population": 22810.8515625 }, "geometry": { "type": "Point", "coordinates": [ 80.2385054, 13.0525857 ] } },
{ "type": "Feature", "properties": { "osmid": 250364944, "y": 13.0525137, "x": 80.2387142, "street_count": 3, "highway": null, "elevation_m": 13.413996696472168, "population": 22810.8515625 }, "geometry": { "type": "Point", "coordinates": [ 80.2387142, 13.0525137 ] } },
{ "type": "Feature", "properties": { "osmid": 250364946, "y": 13.0491996, "x": 80.237713, "street_count": 3, "highway": null, "elevation_m": 13.885367393493652, "population": 26002.5859375 }, "geometry": { "type": "Point", "coordinates": [ 80.237713, 13.0491996 ] } },
{ "type": "Feature", "properties": { "osmid": 250364947, "y": 13.0475563, "x": 80.2372691, "street_count": 3, "highway": null, "elevation_m": 13.459381103515625, "population": 26002.5859375 }, "geometry": { "type": "Point", "coordinates": [ 80.2372691, 13.0475563 ] } },
{ "type": "Feature", "properties": { "osmid": 250364950, "y": 13.049529, "x": 80.2423924, "street_count": 3, "highway": null, "elevation_m": 9.2631397247314453, "population": 27057.625 }, "geometry": { "type": "Point", "coordinates": [ 80.2423924, 13.049529 ] } },
{ "type": "Feature", "properties": { "osmid": 250364952, "y": 13.0518433, "x": 80.2430168, "street_count": 3, "highway": null, "elevation_m": 11.747466087341309, "population": 25040.6953125 }, "geometry": { "type": "Point", "coordinates": [ 80.2430168, 13.0518433 ] } },
{ "type": "Feature", "properties": { "osmid": 250364957, "y": 13.0509725, "x": 80.245643, "street_count": 3, "highway": null, "elevation_m": 10.022860527038574, "population": 25040.6953125 }, "geometry": { "type": "Point", "coordinates": [ 80.245643, 13.0509725 ] } },
{ "type": "Feature", "properties": { "osmid": 250364961, "y": 13.0489861, "x": 80.2448226, "street_count": 3, "highway": null, "elevation_m": 13.554499626159668, "population": 27057.625 }, "geometry": { "type": "Point", "coordinates": [ 80.2448226, 13.0489861 ] } },
{ "type": "Feature", "properties": { "osmid": 250364962, "y": 13.050132, "x": 80.24501, "street_count": 1, "highway": null, "elevation_m": 12.666996955871582, "population": 25040.6953125 }, "geometry": { "type": "Point", "coordinates": [ 80.24501, 13.050132 ] } },
{ "type": "Feature", "properties": { "osmid": 250364963, "y": 13.0505135, "x": 80.2427018, "street_count": 3, "highway": null, "elevation_m": 12.753693580627441, "population": 25040.6953125 }, "geometry": { "type": "Point", "coordinates": [ 80.2427018, 13.0505135 ] } },
{ "type": "Feature", "properties": { "osmid": 250364964, "y": 13.0511504, "x": 80.2428418, "street_count": 3, "highway": null, "elevation_m": 17.274724960327148, "population": 25040.6953125 }, "geometry": { "type": "Point", "coordinates": [ 80.2428418, 13.0511504 ] } },
{ "type": "Feature", "properties": { "osmid": 250364965, "y": 13.0508775, "x": 80.2438636, "street_count": 3, "highway": null, "elevation_m": 17.329235076904297, "population": 25040.6953125 }, "geometry": { "type": "Point", "coordinates": [ 80.2438636, 13.0508775 ] } },
{ "type": "Feature", "properties": { "osmid": 250364974, "y": 13.0502616, "x": 80.2437306, "street_count": 3, "highway": null, "elevation_m": 16.039218902587891, "population": 25040.6953125 }, "geometry": { "type": "Point", "coordinates": [ 80.2437306, 13.0502616 ] } },
{ "type": "Feature", "properties": { "osmid": 250364975, "y": 13.0514793, "x": 80.2440526, "street_count": 3, "highway": null, "elevation_m": 14.834486961364746, "population": 25040.6953125 }, "geometry": { "type": "Point", "coordinates": [ 80.2440526, 13.0514793 ] } },
{ "type": "Feature", "properties": { "osmid": 250364977, "y": 13.0501252, "x": 80.2444691, "street_count": 3, "highway": null, "elevation_m": 11.597322463989258, "population": 25040.6953125 }, "geometry": { "type": "Point", "coordinates": [ 80.2444691, 13.0501252 ] } },
{ "type": "Feature", "properties": { "osmid": 250364979, "y": 13.0512974, "x": 80.2446544, "street_count": 3, "highway": null, "elevation_m": 6.7524604797363281, "population": 25040.6953125 }, "geometry": { "type": "Point", "coordinates": [ 80.2446544, 13.0512974 ] } },
{ "type": "Feature", "properties": { "osmid": 250364993, "y": 13.052057, "x": 80.2456487, "street_count": 3, "highway": null, "elevation_m": 11.519774436950684, "population": 25040.6953125 }, "geometry": { "type": "Point", "coordinates": [ 80.2456487, 13.052057 ] } },
{ "type": "Feature", "properties": { "osmid": 250365001, "y": 13.0547342, "x": 80.233748, "street_count": 3, "highway": null, "elevation_m": 15.874390602111816, "population": 22810.8515625 }, "geometry": { "type": "Point", "coordinates": [ 80.233748, 13.0547342 ] } },
{ "type": "Feature", "properties": { "osmid": 250365003, "y": 13.0544343, "x": 80.2315129, "street_count": 3, "highway": null, "elevation_m": 11.758645057678223, "population": 20723.693359375 }, "geometry": { "type": "Point", "coordinates": [ 80.2315129, 13.0544343 ] } },
{ "type": "Feature", "properties": { "osmid": 250365020, "y": 13.0560488, "x": 80.2354229, "street_count": 3, "highway": null, "elevation_m": 16.09575080871582, "population": 22810.8515625 }, "geometry": { "type": "Point", "coordinates": [ 80.2354229, 13.0560488 ] } },
{ "type": "Feature", "properties": { "osmid": 250365021, "y": 13.0566009, "x": 80.2348507, "street_count": 3, "highway": null, "elevation_m": 10.57414436340332, "population": 22810.8515625 }, "geometry": { "type": "Point", "coordinates": [ 80.2348507, 13.0566009 ] } },
{ "type": "Feature", "properties": { "osmid": 250365022, "y": 13.0564453, "x": 80.2367582, "street_count": 3, "highway": null, "elevation_m": 12.722228050231934, "population": 22810.8515625 }, "geometry": { "type": "Point", "coordinates": [ 80.2367582, 13.0564453 ] } },
{ "type": "Feature", "properties": { "osmid": 250365023, "y": 13.0569695, "x": 80.2367993, "street_count": 3, "highway": null, "elevation_m": 14.016909599304199, "population": 22810.8515625 }, "geometry": { "type": "Point", "coordinates": [ 80.2367993, 13.0569695 ] } },
{ "type": "Feature", "properties": { "osmid": 250365024, "y": 13.0571234, "x": 80.2348868, "street_count": 3, "highway": null, "elevation_m": 14.114803314208984, "population": 22810.8515625 }, "geometry": { "type": "Point", "coordinates": [ 80.2348868, 13.0571234 ] } },
{ "type": "Feature", "properties": { "osmid": 250365025, "y": 13.0575738, "x": 80.234918, "street_count": 3, "highway": null, "elevation_m": 14.919277191162109, "population": 22810.8515625 }, "geometry": { "type": "Point", "coordinates": [ 80.234918, 13.0575738 ] } },
{ "type": "Feature", "properties": { "osmid": 250365026, "y": 13.0574063, "x": 80.2368576, "street_count": 3, "highway": null, "elevation_m": 9.4694766998291016, "population": 22810.8515625 }, "geometry": { "type": "Point", "coordinates": [ 80.2368576, 13.0574063 ] } },
{ "type": "Feature", "properties": { "osmid": 250365027, "y": 13.0572509, "x": 80.2341186, "street_count": 4, "highway": null, "elevation_m": 14.710649490356445, "population": 22810.8515625 }, "geometry": { "type": "Point", "coordinates": [ 80.2341186, 13.0572509 ] } },
{ "type": "Feature", "properties": { "osmid": 250365028, "y": 13.0579172, "x": 80.232187, "street_count": 3, "highway": null, "elevation_m": 15.302260398864746, "population": 18045.91015625 }, "geometry": { "type": "Point", "coordinates": [ 80.232187, 13.0579172 ] } },
{ "type": "Feature", "properties": { "osmid": 250365029, "y": 13.0577435, "x": 80.2341451, "street_count": 3, "highway": null, "elevation_m": 15.467025756835938, "population": 22810.8515625 }, "geometry": { "type": "Point", "coordinates": [ 80.2341451, 13.0577435 ] } },
{ "type": "Feature", "properties": { "osmid": 250365030, "y": 13.0567578, "x": 80.2340811, "street_count": 3, "highway": null, "elevation_m": 13.2362060546875, "population": 22810.8515625 }, "geometry": { "type": "Point", "coordinates": [ 80.2340811, 13.0567578 ] } },
{ "type": "Feature", "properties": { "osmid": 250365032, "y": 13.056834, "x": 80.2331654, "street_count": 1, "highway": null, "elevation_m": 13.332433700561523, "population": 22810.8515625 }, "geometry": { "type": "Point", "coordinates": [ 80.2331654, 13.056834 ] } },
{ "type": "Feature", "properties": { "osmid": 250365041, "y": 13.0562579, "x": 80.2326979, "street_count": 3, "highway": null, "elevation_m": 13.451834678649902, "population": 22810.8515625 }, "geometry": { "type": "Point", "coordinates": [ 80.2326979, 13.0562579 ] } },
{ "type": "Feature", "properties": { "osmid": 250365047, "y": 13.0572316, "x": 80.2348943, "street_count": 3, "highway": null, "elevation_m": 14.114803314208984, "population": 22810.8515625 }, "geometry": { "type": "Point", "coordinates": [ 80.2348943, 13.0572316 ] } },
{ "type": "Feature", "properties": { "osmid": 250365050, "y": 13.0566403, "x": 80.2340771, "street_count": 3, "highway": null, "elevation_m": 13.2362060546875, "population": 22810.8515625 }, "geometry": { "type": "Point", "coordinates": [ 80.2340771, 13.0566403 ] } },
{ "type": "Feature", "properties": { "osmid": 250365069, "y": 13.0568257, "x": 80.2400641, "street_count": 3, "highway": null, "elevation_m": 12.475750923156738, "population": 22810.8515625 }, "geometry": { "type": "Point", "coordinates": [ 80.2400641, 13.0568257 ] } },
{ "type": "Feature", "properties": { "osmid": 250365074, "y": 13.0568257, "x": 80.2414736, "street_count": 3, "highway": null, "elevation_m": 14.389896392822266, "population": 25040.6953125 }, "geometry": { "type": "Point", "coordinates": [ 80.2414736, 13.0568257 ] } },
{ "type": "Feature", "properties": { "osmid": 250365098, "y": 13.0562092, "x": 80.2414497, "street_count": 3, "highway": null, "elevation_m": 12.612085342407227, "population": 25040.6953125 }, "geometry": { "type": "Point", "coordinates": [ 80.2414497, 13.0562092 ] } },
{ "type": "Feature", "properties": { "osmid": 250365102, "y": 13.0531743, "x": 80.2412857, "street_count": 3, "highway": null, "elevation_m": 13.687643051147461, "population": 25040.6953125 }, "geometry": { "type": "Point", "coordinates": [ 80.2412857, 13.0531743 ] } },
{ "type": "Feature", "properties": { "osmid": 250365113, "y": 13.0536999, "x": 80.2391002, "street_count": 4, "highway": null, "elevation_m": 14.65296459197998, "population": 22810.8515625 }, "geometry": { "type": "Point", "coordinates": [ 80.2391002, 13.0536999 ] } },
{ "type": "Feature", "properties": { "osmid": 250365152, "y": 13.0462446, "x": 80.2422806, "street_count": 3, "highway": null, "elevation_m": 13.850152969360352, "population": 27057.625 }, "geometry": { "type": "Point", "coordinates": [ 80.2422806, 13.0462446 ] } },
{ "type": "Feature", "properties": { "osmid": 250365186, "y": 13.0500186, "x": 80.2497534, "street_count": 3, "highway": null, "elevation_m": 11.051141738891602, "population": 25360.1484375 }, "geometry": { "type": "Point", "coordinates": [ 80.2497534, 13.0500186 ] } },
{ "type": "Feature", "properties": { "osmid": 250365191, "y": 13.0514714, "x": 80.249906, "street_count": 3, "highway": null, "elevation_m": 8.3703746795654297, "population": 25360.1484375 }, "geometry": { "type": "Point", "coordinates": [ 80.249906, 13.0514714 ] } },
{ "type": "Feature", "properties": { "osmid": 250365192, "y": 13.0502601, "x": 80.2498028, "street_count": 3, "highway": null, "elevation_m": 11.955910682678223, "population": 25360.1484375 }, "geometry": { "type": "Point", "coordinates": [ 80.2498028, 13.0502601 ] } },
{ "type": "Feature", "properties": { "osmid": 250365206, "y": 13.0496692, "x": 80.2497416, "street_count": 3, "highway": null, "elevation_m": 10.148189544677734, "population": 25360.1484375 }, "geometry": { "type": "Point", "coordinates": [ 80.2497416, 13.0496692 ] } },
{ "type": "Feature", "properties": { "osmid": 250737467, "y": 13.0545512, "x": 80.2374358, "street_count": 3, "highway": null, "elevation_m": 13.810346603393555, "population": 22810.8515625 }, "geometry": { "type": "Point", "coordinates": [ 80.2374358, 13.0545512 ] } },
{ "type": "Feature", "properties": { "osmid": 250737479, "y": 13.0538332, "x": 80.2377512, "street_count": 3, "highway": null, "elevation_m": 12.812837600708008, "population": 22810.8515625 }, "geometry": { "type": "Point", "coordinates": [ 80.2377512, 13.0538332 ] } },
{ "type": "Feature", "properties": { "osmid": 250737480, "y": 13.0569603, "x": 80.2378932, "street_count": 3, "highway": null, "elevation_m": 12.370809555053711, "population": 22810.8515625 }, "geometry": { "type": "Point", "coordinates": [ 80.2378932, 13.0569603 ] } },
{ "type": "Feature", "properties": { "osmid": 250737482, "y": 13.0539488, "x": 80.237407, "street_count": 3, "highway": null, "elevation_m": 14.088447570800781, "population": 22810.8515625 }, "geometry": { "type": "Point", "coordinates": [ 80.237407, 13.0539488 ] } },
{ "type": "Feature", "properties": { "osmid": 250737511, "y": 13.056928, "x": 80.2382499, "street_count": 3, "highway": null, "elevation_m": 12.294479370117188, "population": 22810.8515625 }, "geometry": { "type": "Point", "coordinates": [ 80.2382499, 13.056928 ] } },
{ "type": "Feature", "properties": { "osmid": 250737523, "y": 13.0568643, "x": 80.2393018, "street_count": 3, "highway": null, "elevation_m": 15.690916061401367, "population": 22810.8515625 }, "geometry": { "type": "Point", "coordinates": [ 80.2393018, 13.0568643 ] } },
{ "type": "Feature", "properties": { "osmid": 250737525, "y": 13.0547291, "x": 80.2377721, "street_count": 4, "highway": null, "elevation_m": 11.312813758850098, "population": 22810.8515625 }, "geometry": { "type": "Point", "coordinates": [ 80.2377721, 13.0547291 ] } },
{ "type": "Feature", "properties": { "osmid": 250737526, "y": 13.0546478, "x": 80.2394768, "street_count": 3, "highway": null, "elevation_m": 12.935429573059082, "population": 22810.8515625 }, "geometry": { "type": "Point", "coordinates": [ 80.2394768, 13.0546478 ] } },
{ "type": "Feature", "properties": { "osmid": 250737533, "y": 13.0568414, "x": 80.239595, "street_count": 3, "highway": null, "elevation_m": 15.049813270568848, "population": 22810.8515625 }, "geometry": { "type": "Point", "coordinates": [ 80.239595, 13.0568414 ] } },
{ "type": "Feature", "properties": { "osmid": 250737535, "y": 13.0547169, "x": 80.2380775, "street_count": 3, "highway": null, "elevation_m": 12.356094360351562, "population": 22810.8515625 }, "geometry": { "type": "Point", "coordinates": [ 80.2380775, 13.0547169 ] } },
{ "type": "Feature", "properties": { "osmid": 250737536, "y": 13.0543692, "x": 80.2380536, "street_count": 3, "highway": null, "elevation_m": 12.685455322265625, "population": 22810.8515625 }, "geometry": { "type": "Point", "coordinates": [ 80.2380536, 13.0543692 ] } },
{ "type": "Feature", "properties": { "osmid": 250737543, "y": 13.0538211, "x": 80.2380212, "street_count": 3, "highway": null, "elevation_m": 12.658245086669922, "population": 22810.8515625 }, "geometry": { "type": "Point", "coordinates": [ 80.2380212, 13.0538211 ] } },
{ "type": "Feature", "properties": { "osmid": 250737553, "y": 13.0533631, "x": 80.2390683, "street_count": 3, "highway": null, "elevation_m": 13.771985054016113, "population": 22810.8515625 }, "geometry": { "type": "Point", "coordinates": [ 80.2390683, 13.0533631 ] } },
{ "type": "Feature", "properties": { "osmid": 250737556, "y": 13.0550826, "x": 80.2414153, "street_count": 3, "highway": null, "elevation_m": 10.867169380187988, "population": 25040.6953125 }, "geometry": { "type": "Point", "coordinates": [ 80.2414153, 13.0550826 ] } },
{ "type": "Feature", "properties": { "osmid": 250737557, "y": 13.0552008, "x": 80.2395051, "street_count": 3, "highway": null, "elevation_m": 10.321805000305176, "population": 22810.8515625 }, "geometry": { "type": "Point", "coordinates": [ 80.2395051, 13.0552008 ] } },
{ "type": "Feature", "properties": { "osmid": 250737558, "y": 13.0543308, "x": 80.2391316, "street_count": 3, "highway": null, "elevation_m": 14.343334197998047, "population": 22810.8515625 }, "geometry": { "type": "Point", "coordinates": [ 80.2391316, 13.0543308 ] } },
{ "type": "Feature", "properties": { "osmid": 250737559, "y": 13.0545531, "x": 80.2413822, "street_count": 3, "highway": null, "elevation_m": 15.272415161132812, "population": 25040.6953125 }, "geometry": { "type": "Point", "coordinates": [ 80.2413822, 13.0545531 ] } },
{ "type": "Feature", "properties": { "osmid": 250737564, "y": 13.0537953, "x": 80.2382761, "street_count": 3, "highway": null, "elevation_m": 12.888943672180176, "population": 22810.8515625 }, "geometry": { "type": "Point", "coordinates": [ 80.2382761, 13.0537953 ] } },
{ "type": "Feature", "properties": { "osmid": 250737565, "y": 13.0546636, "x": 80.2391505, "street_count": 3, "highway": null, "elevation_m": 11.771026611328125, "population": 22810.8515625 }, "geometry": { "type": "Point", "coordinates": [ 80.2391505, 13.0546636 ] } },
{ "type": "Feature", "properties": { "osmid": 250737566, "y": 13.0540757, "x": 80.2391062, "street_count": 3, "highway": null, "elevation_m": 13.161952018737793, "population": 22810.8515625 }, "geometry": { "type": "Point", "coordinates": [ 80.2391062, 13.0540757 ] } },
{ "type": "Feature", "properties": { "osmid": 250737571, "y": 13.0539377, "x": 80.2413556, "street_count": 3, "highway": null, "elevation_m": 11.858838081359863, "population": 25040.6953125 }, "geometry": { "type": "Point", "coordinates": [ 80.2413556, 13.0539377 ] } },
{ "type": "Feature", "properties": { "osmid": 250737574, "y": 13.0562788, "x": 80.2395666, "street_count": 3, "highway": null, "elevation_m": 17.305387496948242, "population": 22810.8515625 }, "geometry": { "type": "Point", "coordinates": [ 80.2395666, 13.0562788 ] } },
{ "type": "Feature", "properties": { "osmid": 250737575, "y": 13.0555948, "x": 80.2414247, "street_count": 4, "highway": null, "elevation_m": 14.277309417724609, "population": 25040.6953125 }, "geometry": { "type": "Point", "coordinates": [ 80.2414247, 13.0555948 ] } },
{ "type": "Feature", "properties": { "osmid": 250737576, "y": 13.0557035, "x": 80.2395335, "street_count": 3, "highway": null, "elevation_m": 16.544929504394531, "population": 22810.8515625 }, "geometry": { "type": "Point", "coordinates": [ 80.2395335, 13.0557035 ] } },
{ "type": "Feature", "properties": { "osmid": 250737685, "y": 13.0442204, "x": 80.2308432, "street_count": 3, "highway": null, "elevation_m": 16.445005416870117, "population": 24514.197265625 }, "geometry": { "type": "Point", "coordinates": [ 80.2308432, 13.0442204 ] } },
{ "type": "Feature", "properties": { "osmid": 250737686, "y": 13.0436148, "x": 80.2307459, "street_count": 4, "highway": null, "elevation_m": 15.605525970458984, "population": 24514.197265625 }, "geometry": { "type": "Point", "coordinates": [ 80.2307459, 13.0436148 ] } },
{ "type": "Feature", "properties": { "osmid": 250737703, "y": 13.0497716, "x": 80.2349142, "street_count": 3, "highway": null, "elevation_m": 10.850849151611328, "population": 22810.8515625 }, "geometry": { "type": "Point", "coordinates": [ 80.2349142, 13.0497716 ] } },
{ "type": "Feature", "properties": { "osmid": 250737704, "y": 13.0480866, "x": 80.2343754, "street_count": 3, "highway": null, "elevation_m": 14.674110412597656, "population": 26002.5859375 }, "geometry": { "type": "Point", "coordinates": [ 80.2343754, 13.0480866 ] } },
{ "type": "Feature", "properties": { "osmid": 250737705, "y": 13.0495012, "x": 80.2363147, "street_count": 3, "highway": null, "elevation_m": 14.63438606262207, "population": 26002.5859375 }, "geometry": { "type": "Point", "coordinates": [ 80.2363147, 13.0495012 ] } },
{ "type": "Feature", "properties": { "osmid": 255719152, "y": 13.0537521, "x": 80.2344307, "street_count": 3, "highway": null, "elevation_m": 10.23110294342041, "population": 22810.8515625 }, "geometry": { "type": "Point", "coordinates": [ 80.2344307, 13.0537521 ] } },
{ "type": "Feature", "properties": { "osmid": 256029583, "y": 13.0268822, "x": 80.2197395, "street_count": 3, "highway": null, "elevation_m": 13.271444320678711, "population": 24509.30859375 }, "geometry": { "type": "Point", "coordinates": [ 80.2197395, 13.0268822 ] } },
{ "type": "Feature", "properties": { "osmid": 256029584, "y": 13.027474, "x": 80.2197684, "street_count": 4, "highway": null, "elevation_m": 11.067237854003906, "population": 24509.30859375 }, "geometry": { "type": "Point", "coordinates": [ 80.2197684, 13.027474 ] } },
{ "type": "Feature", "properties": { "osmid": 256029585, "y": 13.0287979, "x": 80.2199388, "street_count": 3, "highway": null, "elevation_m": 11.96117115020752, "population": 24509.30859375 }, "geometry": { "type": "Point", "coordinates": [ 80.2199388, 13.0287979 ] } },
{ "type": "Feature", "properties": { "osmid": 256029591, "y": 13.0284662, "x": 80.2216806, "street_count": 4, "highway": null, "elevation_m": 16.248533248901367, "population": 24509.30859375 }, "geometry": { "type": "Point", "coordinates": [ 80.2216806, 13.0284662 ] } },
{ "type": "Feature", "properties": { "osmid": 256029593, "y": 13.0274489, "x": 80.2216434, "street_count": 3, "highway": null, "elevation_m": 12.156601905822754, "population": 24509.30859375 }, "geometry": { "type": "Point", "coordinates": [ 80.2216434, 13.0274489 ] } },
{ "type": "Feature", "properties": { "osmid": 256029594, "y": 13.0268423, "x": 80.2216494, "street_count": 3, "highway": null, "elevation_m": 13.07965087890625, "population": 24509.30859375 }, "geometry": { "type": "Point", "coordinates": [ 80.2216494, 13.0268423 ] } },
{ "type": "Feature", "properties": { "osmid": 256029607, "y": 13.0274433, "x": 80.2176154, "street_count": 3, "highway": null, "elevation_m": 12.919475555419922, "population": 24509.30859375 }, "geometry": { "type": "Point", "coordinates": [ 80.2176154, 13.0274433 ] } },
{ "type": "Feature", "properties": { "osmid": 256029619, "y": 13.0257625, "x": 80.2176492, "street_count": 4, "highway": null, "elevation_m": 12.343732833862305, "population": 24509.30859375 }, "geometry": { "type": "Point", "coordinates": [ 80.2176492, 13.0257625 ] } },
{ "type": "Feature", "properties": { "osmid": 256029844, "y": 13.0267571, "x": 80.2197336, "street_count": 3, "highway": null, "elevation_m": 11.448413848876953, "population": 24509.30859375 }, "geometry": { "type": "Point", "coordinates": [ 80.2197336, 13.0267571 ] } },
{ "type": "Feature", "properties": { "osmid": 256029898, "y": 13.0262966, "x": 80.2181715, "street_count": 1, "highway": null, "elevation_m": 13.156030654907227, "population": 24509.30859375 }, "geometry": { "type": "Point", "coordinates": [ 80.2181715, 13.0262966 ] } },
{ "type": "Feature", "properties": { "osmid": 256029900, "y": 13.0260418, "x": 80.2181409, "street_count": 1, "highway": null, "elevation_m": 13.82036018371582, "population": 24509.30859375 }, "geometry": { "type": "Point", "coordinates": [ 80.2181409, 13.0260418 ] } },
{ "type": "Feature", "properties": { "osmid": 256029924, "y": 13.0260304, "x": 80.2176488, "street_count": 3, "highway": null, "elevation_m": 12.514290809631348, "population": 24509.30859375 }, "geometry": { "type": "Point", "coordinates": [ 80.2176488, 13.0260304 ] } },
{ "type": "Feature", "properties": { "osmid": 256029936, "y": 13.026311, "x": 80.2176429, "street_count": 3, "highway": null, "elevation_m": 13.240130424499512, "population": 24509.30859375 }, "geometry": { "type": "Point", "coordinates": [ 80.2176429, 13.026311 ] } },
{ "type": "Feature", "properties": { "osmid": 256031648, "y": 13.0264439, "x": 80.2216691, "street_count": 3, "highway": null, "elevation_m": 12.853354454040527, "population": 24509.30859375 }, "geometry": { "type": "Point", "coordinates": [ 80.2216691, 13.0264439 ] } },
{ "type": "Feature", "properties": { "osmid": 256031650, "y": 13.0266306, "x": 80.2241362, "street_count": 3, "highway": null, "elevation_m": 12.003318786621094, "population": 23049.033203125 }, "geometry": { "type": "Point", "coordinates": [ 80.2241362, 13.0266306 ] } },
{ "type": "Feature", "properties": { "osmid": 256031652, "y": 13.0267342, "x": 80.2220019, "street_count": 1, "highway": null, "elevation_m": 15.66349983215332, "population": 24509.30859375 }, "geometry": { "type": "Point", "coordinates": [ 80.2220019, 13.0267342 ] } },
{ "type": "Feature", "properties": { "osmid": 256031653, "y": 13.0257855, "x": 80.2242625, "street_count": 3, "highway": null, "elevation_m": 13.424988746643066, "population": 23049.033203125 }, "geometry": { "type": "Point", "coordinates": [ 80.2242625, 13.0257855 ] } },
{ "type": "Feature", "properties": { "osmid": 256031677, "y": 13.0274139, "x": 80.2219713, "street_count": 1, "highway": null, "elevation_m": 13.445799827575684, "population": 24509.30859375 }, "geometry": { "type": "Point", "coordinates": [ 80.2219713, 13.0274139 ] } },
{ "type": "Feature", "properties": { "osmid": 256031680, "y": 13.0271791, "x": 80.2240855, "street_count": 3, "highway": null, "elevation_m": 9.009037971496582, "population": 23049.033203125 }, "geometry": { "type": "Point", "coordinates": [ 80.2240855, 13.0271791 ] } },
{ "type": "Feature", "properties": { "osmid": 256031684, "y": 13.0280902, "x": 80.2240139, "street_count": 3, "highway": null, "elevation_m": 11.502171516418457, "population": 23049.033203125 }, "geometry": { "type": "Point", "coordinates": [ 80.2240139, 13.0280902 ] } },
{ "type": "Feature", "properties": { "osmid": 256031685, "y": 13.0284717, "x": 80.2239623, "street_count": 3, "highway": null, "elevation_m": 10.413970947265625, "population": 23049.033203125 }, "geometry": { "type": "Point", "coordinates": [ 80.2239623, 13.0284717 ] } },
{ "type": "Feature", "properties": { "osmid": 256031686, "y": 13.0286601, "x": 80.2199076, "street_count": 3, "highway": null, "elevation_m": 11.775698661804199, "population": 24509.30859375 }, "geometry": { "type": "Point", "coordinates": [ 80.2199076, 13.0286601 ] } },
{ "type": "Feature", "properties": { "osmid": 256031687, "y": 13.0284778, "x": 80.2198716, "street_count": 3, "highway": null, "elevation_m": 11.775698661804199, "population": 24509.30859375 }, "geometry": { "type": "Point", "coordinates": [ 80.2198716, 13.0284778 ] } },
{ "type": "Feature", "properties": { "osmid": 256031708, "y": 13.028256, "x": 80.2175168, "street_count": 3, "highway": null, "elevation_m": 11.532654762268066, "population": 24509.30859375 }, "geometry": { "type": "Point", "coordinates": [ 80.2175168, 13.028256 ] } },
{ "type": "Feature", "properties": { "osmid": 256031723, "y": 13.0277173, "x": 80.2197898, "street_count": 3, "highway": null, "elevation_m": 12.768998146057129, "population": 24509.30859375 }, "geometry": { "type": "Point", "coordinates": [ 80.2197898, 13.0277173 ] } },
{ "type": "Feature", "properties": { "osmid": 256031730, "y": 13.0278199, "x": 80.2174838, "street_count": 3, "highway": null, "elevation_m": 12.452838897705078, "population": 24509.30859375 }, "geometry": { "type": "Point", "coordinates": [ 80.2174838, 13.0278199 ] } },
{ "type": "Feature", "properties": { "osmid": 256031750, "y": 13.0271098, "x": 80.2176226, "street_count": 4, "highway": null, "elevation_m": 14.24382209777832, "population": 24509.30859375 }, "geometry": { "type": "Point", "coordinates": [ 80.2176226, 13.0271098 ] } },
{ "type": "Feature", "properties": { "osmid": 256031754, "y": 13.0271777, "x": 80.2197526, "street_count": 3, "highway": null, "elevation_m": 13.339744567871094, "population": 24509.30859375 }, "geometry": { "type": "Point", "coordinates": [ 80.2197526, 13.0271777 ] } },
{ "type": "Feature", "properties": { "osmid": 256031777, "y": 13.0264571, "x": 80.2210535, "street_count": 3, "highway": null, "elevation_m": 13.777236938476562, "population": 24509.30859375 }, "geometry": { "type": "Point", "coordinates": [ 80.2210535, 13.0264571 ] } },
{ "type": "Feature", "properties": { "osmid": 256031782, "y": 13.0264091, "x": 80.2197429, "street_count": 3, "highway": null, "elevation_m": 10.718473434448242, "population": 24509.30859375 }, "geometry": { "type": "Point", "coordinates": [ 80.2197429, 13.0264091 ] } },
{ "type": "Feature", "properties": { "osmid": 256031787, "y": 13.0258422, "x": 80.2197802, "street_count": 3, "highway": null, "elevation_m": 16.943994522094727, "population": 24509.30859375 }, "geometry": { "type": "Point", "coordinates": [ 80.2197802, 13.0258422 ] } },
{ "type": "Feature", "properties": { "osmid": 256031792, "y": 13.0259171, "x": 80.2210923, "street_count": 3, "highway": null, "elevation_m": 14.574489593505859, "population": 24509.30859375 }, "geometry": { "type": "Point", "coordinates": [ 80.2210923, 13.0259171 ] } },
{ "type": "Feature", "properties": { "osmid": 256031796, "y": 13.026314, "x": 80.2216894, "street_count": 3, "highway": null, "elevation_m": 12.853354454040527, "population": 24509.30859375 }, "geometry": { "type": "Point", "coordinates": [ 80.2216894, 13.026314 ] } },
{ "type": "Feature", "properties": { "osmid": 256035543, "y": 13.0258654, "x": 80.2251976, "street_count": 3, "highway": null, "elevation_m": 11.31890869140625, "population": 23049.033203125 }, "geometry": { "type": "Point", "coordinates": [ 80.2251976, 13.0258654 ] } },
{ "type": "Feature", "properties": { "osmid": 256035544, "y": 13.0258714, "x": 80.2247167, "street_count": 1, "highway": null, "elevation_m": 11.788406372070312, "population": 23049.033203125 }, "geometry": { "type": "Point", "coordinates": [ 80.2247167, 13.0258714 ] } },
{ "type": "Feature", "properties": { "osmid": 258056272, "y": 13.0413805, "x": 80.2474274, "street_count": 3, "highway": null, "elevation_m": 11.128216743469238, "population": 27057.625 }, "geometry": { "type": "Point", "coordinates": [ 80.2474274, 13.0413805 ] } },
{ "type": "Feature", "properties": { "osmid": 258056324, "y": 13.0458508, "x": 80.2504071, "street_count": 3, "highway": null, "elevation_m": 14.291570663452148, "population": 27219.494140625 }, "geometry": { "type": "Point", "coordinates": [ 80.2504071, 13.0458508 ] } },
{ "type": "Feature", "properties": { "osmid": 258333548, "y": 13.0380123, "x": 80.2474972, "street_count": 3, "highway": null, "elevation_m": 13.120007514953613, "population": 20546.419921875 }, "geometry": { "type": "Point", "coordinates": [ 80.2474972, 13.0380123 ] } },
{ "type": "Feature", "properties": { "osmid": 258333556, "y": 13.0370114, "x": 80.2503515, "street_count": 3, "highway": null, "elevation_m": 14.738116264343262, "population": 20759.59375 }, "geometry": { "type": "Point", "coordinates": [ 80.2503515, 13.0370114 ] } },
{ "type": "Feature", "properties": { "osmid": 258361739, "y": 13.0437783, "x": 80.2503462, "street_count": 3, "highway": null, "elevation_m": 12.891870498657227, "population": 27219.494140625 }, "geometry": { "type": "Point", "coordinates": [ 80.2503462, 13.0437783 ] } },
{ "type": "Feature", "properties": { "osmid": 264480917, "y": 13.0559283, "x": 80.2476547, "street_count": 3, "highway": null, "elevation_m": 17.222166061401367, "population": 25040.6953125 }, "geometry": { "type": "Point", "coordinates": [ 80.2476547, 13.0559283 ] } },
{ "type": "Feature", "properties": { "osmid": 264480918, "y": 13.0556571, "x": 80.2457139, "street_count": 3, "highway": null, "elevation_m": 14.684130668640137, "population": 25040.6953125 }, "geometry": { "type": "Point", "coordinates": [ 80.2457139, 13.0556571 ] } },
{ "type": "Feature", "properties": { "osmid": 264480923, "y": 13.0558448, "x": 80.2457322, "street_count": 3, "highway": null, "elevation_m": 15.726687431335449, "population": 25040.6953125 }, "geometry": { "type": "Point", "coordinates": [ 80.2457322, 13.0558448 ] } },
{ "type": "Feature", "properties": { "osmid": 264480924, "y": 13.0549253, "x": 80.2456977, "street_count": 3, "highway": null, "elevation_m": 12.820987701416016, "population": 25040.6953125 }, "geometry": { "type": "Point", "coordinates": [ 80.2456977, 13.0549253 ] } },
{ "type": "Feature", "properties": { "osmid": 264480925, "y": 13.0539093, "x": 80.2454978, "street_count": 3, "highway": null, "elevation_m": 12.452905654907227, "population": 25040.6953125 }, "geometry": { "type": "Point", "coordinates": [ 80.2454978, 13.0539093 ] } },
{ "type": "Feature", "properties": { "osmid": 264480928, "y": 13.0533128, "x": 80.2454319, "street_count": 3, "highway": null, "elevation_m": 11.528924942016602, "population": 25040.6953125 }, "geometry": { "type": "Point", "coordinates": [ 80.2454319, 13.0533128 ] } },
{ "type": "Feature", "properties": { "osmid": 264480929, "y": 13.0531857, "x": 80.2439158, "street_count": 3, "highway": null, "elevation_m": 12.414762496948242, "population": 25040.6953125 }, "geometry": { "type": "Point", "coordinates": [ 80.2439158, 13.0531857 ] } },
{ "type": "Feature", "properties": { "osmid": 264480930, "y": 13.0527156, "x": 80.2439675, "street_count": 3, "highway": null, "elevation_m": 12.341655731201172, "population": 25040.6953125 }, "geometry": { "type": "Point", "coordinates": [ 80.2439675, 13.0527156 ] } },
{ "type": "Feature", "properties": { "osmid": 264480931, "y": 13.0537415, "x": 80.2438699, "street_count": 3, "highway": null, "elevation_m": 13.575139999389648, "population": 25040.6953125 }, "geometry": { "type": "Point", "coordinates": [ 80.2438699, 13.0537415 ] } },
{ "type": "Feature", "properties": { "osmid": 264480932, "y": 13.0540441, "x": 80.2438489, "street_count": 3, "highway": null, "elevation_m": 12.106967926025391, "population": 25040.6953125 }, "geometry": { "type": "Point", "coordinates": [ 80.2438489, 13.0540441 ] } },
{ "type": "Feature", "properties": { "osmid": 264480933, "y": 13.0547949, "x": 80.2438102, "street_count": 3, "highway": null, "elevation_m": 11.932282447814941, "population": 25040.6953125 }, "geometry": { "type": "Point", "coordinates": [ 80.2438102, 13.0547949 ] } },
{ "type": "Feature", "properties": { "osmid": 264480934, "y": 13.0534437, "x": 80.2420742, "street_count": 3, "highway": null, "elevation_m": 16.286735534667969, "population": 25040.6953125 }, "geometry": { "type": "Point", "coordinates": [ 80.2420742, 13.0534437 ] } },
{ "type": "Feature", "properties": { "osmid": 264480935, "y": 13.0534889, "x": 80.2438846, "street_count": 3, "highway": null, "elevation_m": 13.575139999389648, "population": 25040.6953125 }, "geometry": { "type": "Point", "coordinates": [ 80.2438846, 13.0534889 ] } },
{ "type": "Feature", "properties": { "osmid": 264480942, "y": 13.0537917, "x": 80.2454777, "street_count": 3, "highway": null, "elevation_m": 12.452905654907227, "population": 25040.6953125 }, "geometry": { "type": "Point", "coordinates": [ 80.2454777, 13.0537917 ] } },
{ "type": "Feature", "properties": { "osmid": 264480947, "y": 13.0536517, "x": 80.2474827, "street_count": 1, "highway": null, "elevation_m": 13.796639442443848, "population": 25040.6953125 }, "geometry": { "type": "Point", "coordinates": [ 80.2474827, 13.0536517 ] } },
{ "type": "Feature", "properties": { "osmid": 264480957, "y": 13.0535103, "x": 80.2454472, "street_count": 3, "highway": null, "elevation_m": 11.420210838317871, "population": 25040.6953125 }, "geometry": { "type": "Point", "coordinates": [ 80.2454472, 13.0535103 ] } },
{ "type": "Feature", "properties": { "osmid": 264480966, "y": 13.0544185, "x": 80.2456167, "street_count": 3, "highway": null, "elevation_m": 13.73625659942627, "population": 25040.6953125 }, "geometry": { "type": "Point", "coordinates": [ 80.2456167, 13.0544185 ] } },
{ "type": "Feature", "properties": { "osmid": 264480967, "y": 13.0545388, "x": 80.2475518, "street_count": 3, "highway": null, "elevation_m": 13.679673194885254, "population": 25040.6953125 }, "geometry": { "type": "Point", "coordinates": [ 80.2475518, 13.0545388 ] } },
{ "type": "Feature", "properties": { "osmid": 264480980, "y": 13.0544613, "x": 80.2462793, "street_count": 4, "highway": null, "elevation_m": 11.040543556213379, "population": 25040.6953125 }, "geometry": { "type": "Point", "coordinates": [ 80.2462793, 13.0544613 ] } },
{ "type": "Feature", "properties": { "osmid": 264480982, "y": 13.0557238, "x": 80.2462772, "street_count": 4, "highway": null, "elevation_m": 17.133010864257812, "population": 25040.6953125 }, "geometry": { "type": "Point", "coordinates": [ 80.2462772, 13.0557238 ] } },
{ "type": "Feature", "properties": { "osmid": 264480983, "y": 13.0550771, "x": 80.2475882, "street_count": 3, "highway": null, "elevation_m": 12.85326099395752, "population": 25040.6953125 }, "geometry": { "type": "Point", "coordinates": [ 80.2475882, 13.0550771 ] } },
{ "type": "Feature", "properties": { "osmid": 264480984, "y": 13.0550474, "x": 80.2469501, "street_count": 3, "highway": null, "elevation_m": 14.055185317993164, "population": 25040.6953125 }, "geometry": { "type": "Point", "coordinates": [ 80.2469501, 13.0550474 ] } },
{ "type": "Feature", "properties": { "osmid": 264480985, "y": 13.054985, "x": 80.2462712, "street_count": 3, "highway": null, "elevation_m": 14.892806053161621, "population": 25040.6953125 }, "geometry": { "type": "Point", "coordinates": [ 80.2462712, 13.054985 ] } },
{ "type": "Feature", "properties": { "osmid": 264480989, "y": 13.0558234, "x": 80.2469793, "street_count": 4, "highway": null, "elevation_m": 14.368873596191406, "population": 25040.6953125 }, "geometry": { "type": "Point", "coordinates": [ 80.2469793, 13.0558234 ] } },
{ "type": "Feature", "properties": { "osmid": 264480991, "y": 13.0571764, "x": 80.2469313, "street_count": 3, "highway": null, "elevation_m": 17.47169303894043, "population": 25040.6953125 }, "geometry": { "type": "Point", "coordinates": [ 80.2469313, 13.0571764 ] } },
{ "type": "Feature", "properties": { "osmid": 264480992, "y": 13.05757, "x": 80.2469037, "street_count": 1, "highway": null, "elevation_m": 14.981204986572266, "population": 25040.6953125 }, "geometry": { "type": "Point", "coordinates": [ 80.2469037, 13.05757 ] } },
{ "type": "Feature", "properties": { "osmid": 264480995, "y": 13.055715, "x": 80.2438888, "street_count": 4, "highway": null, "elevation_m": 13.559207916259766, "population": 25040.6953125 }, "geometry": { "type": "Point", "coordinates": [ 80.2438888, 13.055715 ] } },
{ "type": "Feature", "properties": { "osmid": 264480997, "y": 13.0548055, "x": 80.243916, "street_count": 3, "highway": null, "elevation_m": 11.932282447814941, "population": 25040.6953125 }, "geometry": { "type": "Point", "coordinates": [ 80.243916, 13.0548055 ] } },
{ "type": "Feature", "properties": { "osmid": 264480998, "y": 13.0569835, "x": 80.2439531, "street_count": 4, "highway": null, "elevation_m": 14.05274486541748, "population": 25040.6953125 }, "geometry": { "type": "Point", "coordinates": [ 80.2439531, 13.0569835 ] } },
{ "type": "Feature", "properties": { "osmid": 264480999, "y": 13.0569609, "x": 80.2434526, "street_count": 4, "highway": null, "elevation_m": 15.203298568725586, "population": 25040.6953125 }, "geometry": { "type": "Point", "coordinates": [ 80.2434526, 13.0569609 ] } },
{ "type": "Feature", "properties": { "osmid": 264481000, "y": 13.0570464, "x": 80.2444824, "street_count": 3, "highway": null, "elevation_m": 11.298703193664551, "population": 25040.6953125 }, "geometry": { "type": "Point", "coordinates": [ 80.2444824, 13.0570464 ] } },
{ "type": "Feature", "properties": { "osmid": 264481002, "y": 13.0568242, "x": 80.2446323, "street_count": 3, "highway": null, "elevation_m": 9.0018186569213867, "population": 25040.6953125 }, "geometry": { "type": "Point", "coordinates": [ 80.2446323, 13.0568242 ] } },
{ "type": "Feature", "properties": { "osmid": 264481022, "y": 13.055556, "x": 80.2492529, "street_count": 4, "highway": null, "elevation_m": 7.5339183807373047, "population": 25360.1484375 }, "geometry": { "type": "Point", "coordinates": [ 80.2492529, 13.055556 ] } },
{ "type": "Feature", "properties": { "osmid": 264604501, "y": 13.0310357, "x": 80.2366315, "street_count": 3, "highway": null, "elevation_m": 11.887078285217285, "population": 15232.8125 }, "geometry": { "type": "Point", "coordinates": [ 80.2366315, 13.0310357 ] } },
{ "type": "Feature", "properties": { "osmid": 268789794, "y": 13.0403986, "x": 80.2490709, "street_count": 4, "highway": null, "elevation_m": 13.649975776672363, "population": 20759.59375 }, "geometry": { "type": "Point", "coordinates": [ 80.2490709, 13.0403986 ] } },
{ "type": "Feature", "properties": { "osmid": 268789804, "y": 13.0399954, "x": 80.2490198, "street_count": 1, "highway": null, "elevation_m": 13.505830764770508, "population": 20759.59375 }, "geometry": { "type": "Point", "coordinates": [ 80.2490198, 13.0399954 ] } },
{ "type": "Feature", "properties": { "osmid": 268789806, "y": 13.0412119, "x": 80.2498369, "street_count": 1, "highway": null, "elevation_m": 15.68574047088623, "population": 20759.59375 }, "geometry": { "type": "Point", "coordinates": [ 80.2498369, 13.0412119 ] } },
{ "type": "Feature", "properties": { "osmid": 269768005, "y": 13.0266853, "x": 80.2330185, "street_count": 4, "highway": "traffic_signals", "elevation_m": 11.004317283630371, "population": 15232.8125 }, "geometry": { "type": "Point", "coordinates": [ 80.2330185, 13.0266853 ] } },
{ "type": "Feature", "properties": { "osmid": 269768027, "y": 13.0256253, "x": 80.232792, "street_count": 3, "highway": null, "elevation_m": 10.975310325622559, "population": 15232.8125 }, "geometry": { "type": "Point", "coordinates": [ 80.232792, 13.0256253 ] } },
{ "type": "Feature", "properties": { "osmid": 269768064, "y": 13.0268569, "x": 80.228708, "street_count": 1, "highway": null, "elevation_m": 15.626528739929199, "population": 23049.033203125 }, "geometry": { "type": "Point", "coordinates": [ 80.228708, 13.0268569 ] } },
{ "type": "Feature", "properties": { "osmid": 269768067, "y": 13.0261592, "x": 80.229489, "street_count": 3, "highway": null, "elevation_m": 10.863377571105957, "population": 23049.033203125 }, "geometry": { "type": "Point", "coordinates": [ 80.229489, 13.0261592 ] } },
{ "type": "Feature", "properties": { "osmid": 269768068, "y": 13.0301873, "x": 80.2307861, "street_count": 3, "highway": null, "elevation_m": 11.243334770202637, "population": 23049.033203125 }, "geometry": { "type": "Point", "coordinates": [ 80.2307861, 13.0301873 ] } },
{ "type": "Feature", "properties": { "osmid": 269768070, "y": 13.0304445, "x": 80.2320988, "street_count": 3, "highway": null, "elevation_m": 12.201918601989746, "population": 15232.8125 }, "geometry": { "type": "Point", "coordinates": [ 80.2320988, 13.0304445 ] } },
{ "type": "Feature", "properties": { "osmid": 269768071, "y": 13.0277671, "x": 80.2322579, "street_count": 3, "highway": null, "elevation_m": 12.085144996643066, "population": 15232.8125 }, "geometry": { "type": "Point", "coordinates": [ 80.2322579, 13.0277671 ] } },
{ "type": "Feature", "properties": { "osmid": 269768074, "y": 13.0305697, "x": 80.2326583, "street_count": 3, "highway": null, "elevation_m": 12.355630874633789, "population": 15232.8125 }, "geometry": { "type": "Point", "coordinates": [ 80.2326583, 13.0305697 ] } },
{ "type": "Feature", "properties": { "osmid": 269768075, "y": 13.0303316, "x": 80.2315693, "street_count": 3, "highway": null, "elevation_m": 13.558070182800293, "population": 23049.033203125 }, "geometry": { "type": "Point", "coordinates": [ 80.2315693, 13.0303316 ] } },
{ "type": "Feature", "properties": { "osmid": 269768076, "y": 13.0276829, "x": 80.231775, "street_count": 3, "highway": null, "elevation_m": 11.214090347290039, "population": 23049.033203125 }, "geometry": { "type": "Point", "coordinates": [ 80.231775, 13.0276829 ] } },
{ "type": "Feature", "properties": { "osmid": 269768091, "y": 13.0277647, "x": 80.2338244, "street_count": 3, "highway": null, "elevation_m": 12.507549285888672, "population": 15232.8125 }, "geometry": { "type": "Point", "coordinates": [ 80.2338244, 13.0277647 ] } },
{ "type": "Feature", "properties": { "osmid": 269768094, "y": 13.0286673, "x": 80.2340048, "street_count": 4, "highway": null, "elevation_m": 12.598225593566895, "population": 15232.8125 }, "geometry": { "type": "Point", "coordinates": [ 80.2340048, 13.0286673 ] } },
{ "type": "Feature", "properties": { "osmid": 269768095, "y": 13.0298542, "x": 80.234073, "street_count": 4, "highway": null, "elevation_m": 10.442909240722656, "population": 15232.8125 }, "geometry": { "type": "Point", "coordinates": [ 80.234073, 13.0298542 ] } },
{ "type": "Feature", "properties": { "osmid": 269768096, "y": 13.0308725, "x": 80.2340976, "street_count": 4, "highway": null, "elevation_m": 11.550741195678711, "population": 15232.8125 }, "geometry": { "type": "Point", "coordinates": [ 80.2340976, 13.0308725 ] } },
{ "type": "Feature", "properties": { "osmid": 269768124, "y": 13.0282365, "x": 80.2339412, "street_count": 4, "highway": null, "elevation_m": 12.660653114318848, "population": 15232.8125 }, "geometry": { "type": "Point", "coordinates": [ 80.2339412, 13.0282365 ] } },
{ "type": "Feature", "properties": { "osmid": 269768125, "y": 13.0285206, "x": 80.2337403, "street_count": 3, "highway": null, "elevation_m": 13.793801307678223, "population": 15232.8125 }, "geometry": { "type": "Point", "coordinates": [ 80.2337403, 13.0285206 ] } },
{ "type": "Feature", "properties": { "osmid": 269768126, "y": 13.0283981, "x": 80.2334752, "street_count": 3, "highway": null, "elevation_m": 12.909684181213379, "population": 15232.8125 }, "geometry": { "type": "Point", "coordinates": [ 80.2334752, 13.0283981 ] } },
{ "type": "Feature", "properties": { "osmid": 269768130, "y": 13.0282697, "x": 80.2328018, "street_count": 3, "highway": null, "elevation_m": 12.211053848266602, "population": 15232.8125 }, "geometry": { "type": "Point", "coordinates": [ 80.2328018, 13.0282697 ] } },
{ "type": "Feature", "properties": { "osmid": 269768134, "y": 13.027603, "x": 80.2328611, "street_count": 3, "highway": null, "elevation_m": 15.715692520141602, "population": 15232.8125 }, "geometry": { "type": "Point", "coordinates": [ 80.2328611, 13.027603 ] } },
{ "type": "Feature", "properties": { "osmid": 269768174, "y": 13.0287691, "x": 80.2346268, "street_count": 3, "highway": null, "elevation_m": 9.9041347503662109, "population": 15232.8125 }, "geometry": { "type": "Point", "coordinates": [ 80.2346268, 13.0287691 ] } },
{ "type": "Feature", "properties": { "osmid": 269768185, "y": 13.0293344, "x": 80.234045, "street_count": 3, "highway": null, "elevation_m": 12.188404083251953, "population": 15232.8125 }, "geometry": { "type": "Point", "coordinates": [ 80.234045, 13.0293344 ] } },
{ "type": "Feature", "properties": { "osmid": 269768192, "y": 13.0289255, "x": 80.2344612, "street_count": 4, "highway": null, "elevation_m": 10.932285308837891, "population": 15232.8125 }, "geometry": { "type": "Point", "coordinates": [ 80.2344612, 13.0289255 ] } },
{ "type": "Feature", "properties": { "osmid": 269768247, "y": 13.0305358, "x": 80.2340895, "street_count": 4, "highway": null, "elevation_m": 11.794504165649414, "population": 15232.8125 }, "geometry": { "type": "Point", "coordinates": [ 80.2340895, 13.0305358 ] } },
{ "type": "Feature", "properties": { "osmid": 269768252, "y": 13.0302479, "x": 80.2326855, "street_count": 3, "highway": null, "elevation_m": 12.572507858276367, "population": 15232.8125 }, "geometry": { "type": "Point", "coordinates": [ 80.2326855, 13.0302479 ] } },
{ "type": "Feature", "properties": { "osmid": 269768255, "y": 13.0299213, "x": 80.2327063, "street_count": 3, "highway": null, "elevation_m": 14.702278137207031, "population": 15232.8125 }, "geometry": { "type": "Point", "coordinates": [ 80.2327063, 13.0299213 ] } },
{ "type": "Feature", "properties": { "osmid": 269768257, "y": 13.0301603, "x": 80.2340804, "street_count": 4, "highway": null, "elevation_m": 11.415550231933594, "population": 15232.8125 }, "geometry": { "type": "Point", "coordinates": [ 80.2340804, 13.0301603 ] } },
{ "type": "Feature", "properties": { "osmid": 269768260, "y": 13.0305769, "x": 80.2361431, "street_count": 3, "highway": null, "elevation_m": 10.971823692321777, "population": 15232.8125 }, "geometry": { "type": "Point", "coordinates": [ 80.2361431, 13.0305769 ] } },
{ "type": "Feature", "properties": { "osmid": 269768263, "y": 13.0304679, "x": 80.2355628, "street_count": 3, "highway": null, "elevation_m": 12.322863578796387, "population": 15232.8125 }, "geometry": { "type": "Point", "coordinates": [ 80.2355628, 13.0304679 ] } },
{ "type": "Feature", "properties": { "osmid": 269768265, "y": 13.0291432, "x": 80.2342425, "street_count": 3, "highway": null, "elevation_m": 8.6718978881835938, "population": 15232.8125 }, "geometry": { "type": "Point", "coordinates": [ 80.2342425, 13.0291432 ] } },
{ "type": "Feature", "properties": { "osmid": 269768268, "y": 13.0300786, "x": 80.2352058, "street_count": 3, "highway": null, "elevation_m": 11.679210662841797, "population": 15232.8125 }, "geometry": { "type": "Point", "coordinates": [ 80.2352058, 13.0300786 ] } },
{ "type": "Feature", "properties": { "osmid": 269768270, "y": 13.0295944, "x": 80.2327303, "street_count": 3, "highway": null, "elevation_m": 12.888418197631836, "population": 15232.8125 }, "geometry": { "type": "Point", "coordinates": [ 80.2327303, 13.0295944 ] } },
{ "type": "Feature", "properties": { "osmid": 269768273, "y": 13.0311669, "x": 80.2355918, "street_count": 3, "highway": null, "elevation_m": 11.586085319519043, "population": 15232.8125 }, "geometry": { "type": "Point", "coordinates": [ 80.2355918, 13.0311669 ] } },
{ "type": "Feature", "properties": { "osmid": 269768275, "y": 13.0308432, "x": 80.2356488, "street_count": 4, "highway": null, "elevation_m": 11.813032150268555, "population": 15232.8125 }, "geometry": { "type": "Point", "coordinates": [ 80.2356488, 13.0308432 ] } },
{ "type": "Feature", "properties": { "osmid": 269768277, "y": 13.0305149, "x": 80.2357216, "street_count": 3, "highway": null, "elevation_m": 10.265647888183594, "population": 15232.8125 }, "geometry": { "type": "Point", "coordinates": [ 80.2357216, 13.0305149 ] } },
{ "type": "Feature", "properties": { "osmid": 269768278, "y": 13.0287122, "x": 80.2346943, "street_count": 3, "highway": null, "elevation_m": 11.948967933654785, "population": 15232.8125 }, "geometry": { "type": "Point", "coordinates": [ 80.2346943, 13.0287122 ] } },
{ "type": "Feature", "properties": { "osmid": 269768279, "y": 13.0311257, "x": 80.2371813, "street_count": 3, "highway": null, "elevation_m": 9.8490657806396484, "population": 15232.8125 }, "geometry": { "type": "Point", "coordinates": [ 80.2371813, 13.0311257 ] } },
{ "type": "Feature", "properties": { "osmid": 269768289, "y": 13.033962, "x": 80.2414446, "street_count": 3, "highway": null, "elevation_m": 9.8407993316650391, "population": 20546.419921875 }, "geometry": { "type": "Point", "coordinates": [ 80.2414446, 13.033962 ] } },
{ "type": "Feature", "properties": { "osmid": 269768290, "y": 13.0336169, "x": 80.2416606, "street_count": 4, "highway": null, "elevation_m": 11.066895484924316, "population": 20546.419921875 }, "geometry": { "type": "Point", "coordinates": [ 80.2416606, 13.0336169 ] } },
{ "type": "Feature", "properties": { "osmid": 269768292, "y": 13.033065, "x": 80.2408562, "street_count": 1, "highway": null, "elevation_m": 12.039189338684082, "population": 20546.419921875 }, "geometry": { "type": "Point", "coordinates": [ 80.2408562, 13.033065 ] } },
{ "type": "Feature", "properties": { "osmid": 269769982, "y": 13.0325895, "x": 80.2341074, "street_count": 3, "highway": null, "elevation_m": 14.191822052001953, "population": 15232.8125 }, "geometry": { "type": "Point", "coordinates": [ 80.2341074, 13.0325895 ] } },
{ "type": "Feature", "properties": { "osmid": 269769989, "y": 13.0325947, "x": 80.2330132, "street_count": 3, "highway": null, "elevation_m": 13.08299732208252, "population": 15232.8125 }, "geometry": { "type": "Point", "coordinates": [ 80.2330132, 13.0325947 ] } },
{ "type": "Feature", "properties": { "osmid": 277433684, "y": 13.0541657, "x": 80.2288701, "street_count": 3, "highway": null, "elevation_m": 11.039712905883789, "population": 20723.693359375 }, "geometry": { "type": "Point", "coordinates": [ 80.2288701, 13.0541657 ] } },
{ "type": "Feature", "properties": { "osmid": 277433685, "y": 13.054062, "x": 80.2279404, "street_count": 3, "highway": null, "elevation_m": 15.734979629516602, "population": 20723.693359375 }, "geometry": { "type": "Point", "coordinates": [ 80.2279404, 13.054062 ] } },
{ "type": "Feature", "properties": { "osmid": 277433776, "y": 13.0541782, "x": 80.230712, "street_count": 3, "highway": null, "elevation_m": 11.758532524108887, "population": 20723.693359375 }, "geometry": { "type": "Point", "coordinates": [ 80.230712, 13.0541782 ] } },
{ "type": "Feature", "properties": { "osmid": 277433902, "y": 13.0523468, "x": 80.2275541, "street_count": 4, "highway": null, "elevation_m": 17.348136901855469, "population": 20723.693359375 }, "geometry": { "type": "Point", "coordinates": [ 80.2275541, 13.0523468 ] } },
{ "type": "Feature", "properties": { "osmid": 277433905, "y": 13.0467058, "x": 80.226224, "street_count": 4, "highway": null, "elevation_m": 14.288444519042969, "population": 24514.197265625 }, "geometry": { "type": "Point", "coordinates": [ 80.226224, 13.0467058 ] } },
{ "type": "Feature", "properties": { "osmid": 277433908, "y": 13.0435649, "x": 80.2253412, "street_count": 3, "highway": null, "elevation_m": 11.801948547363281, "population": 24514.197265625 }, "geometry": { "type": "Point", "coordinates": [ 80.2253412, 13.0435649 ] } },
{ "type": "Feature", "properties": { "osmid": 277433909, "y": 13.0421956, "x": 80.2249482, "street_count": 4, "highway": null, "elevation_m": 15.540413856506348, "population": 24514.197265625 }, "geometry": { "type": "Point", "coordinates": [ 80.2249482, 13.0421956 ] } },
{ "type": "Feature", "properties": { "osmid": 277433910, "y": 13.0409041, "x": 80.2245146, "street_count": 4, "highway": null, "elevation_m": 12.870157241821289, "population": 19051.626953125 }, "geometry": { "type": "Point", "coordinates": [ 80.2245146, 13.0409041 ] } },
{ "type": "Feature", "properties": { "osmid": 277433911, "y": 13.0393009, "x": 80.223696, "street_count": 4, "highway": null, "elevation_m": 14.202783584594727, "population": 26918.638671875 }, "geometry": { "type": "Point", "coordinates": [ 80.223696, 13.0393009 ] } },
{ "type": "Feature", "properties": { "osmid": 277433912, "y": 13.0371304, "x": 80.2226846, "street_count": 3, "highway": null, "elevation_m": 14.07725715637207, "population": 26918.638671875 }, "geometry": { "type": "Point", "coordinates": [ 80.2226846, 13.0371304 ] } },
{ "type": "Feature", "properties": { "osmid": 277434192, "y": 13.0356758, "x": 80.2249434, "street_count": 3, "highway": null, "elevation_m": 10.479580879211426, "population": 19051.626953125 }, "geometry": { "type": "Point", "coordinates": [ 80.2249434, 13.0356758 ] } },
{ "type": "Feature", "properties": { "osmid": 277434197, "y": 13.0416684, "x": 80.2271337, "street_count": 3, "highway": null, "elevation_m": 11.40875244140625, "population": 24514.197265625 }, "geometry": { "type": "Point", "coordinates": [ 80.2271337, 13.0416684 ] } },
{ "type": "Feature", "properties": { "osmid": 277434349, "y": 13.0429082, "x": 80.2220416, "street_count": 4, "highway": null, "elevation_m": 17.668001174926758, "population": 26320.1796875 }, "geometry": { "type": "Point", "coordinates": [ 80.2220416, 13.0429082 ] } },
{ "type": "Feature", "properties": { "osmid": 277434351, "y": 13.0433032, "x": 80.2181081, "street_count": 3, "highway": null, "elevation_m": 13.483320236206055, "population": 26320.1796875 }, "geometry": { "type": "Point", "coordinates": [ 80.2181081, 13.0433032 ] } },
{ "type": "Feature", "properties": { "osmid": 277434539, "y": 13.0386547, "x": 80.2260931, "street_count": 1, "highway": null, "elevation_m": 12.137712478637695, "population": 19051.626953125 }, "geometry": { "type": "Point", "coordinates": [ 80.2260931, 13.0386547 ] } },
{ "type": "Feature", "properties": { "osmid": 277434540, "y": 13.0385555, "x": 80.2259766, "street_count": 1, "highway": null, "elevation_m": 12.137712478637695, "population": 19051.626953125 }, "geometry": { "type": "Point", "coordinates": [ 80.2259766, 13.0385555 ] } },
{ "type": "Feature", "properties": { "osmid": 277434541, "y": 13.0387274, "x": 80.2254242, "street_count": 4, "highway": null, "elevation_m": 13.945560455322266, "population": 19051.626953125 }, "geometry": { "type": "Point", "coordinates": [ 80.2254242, 13.0387274 ] } },
{ "type": "Feature", "properties": { "osmid": 277434542, "y": 13.0390732, "x": 80.2249725, "street_count": 3, "highway": null, "elevation_m": 13.789809226989746, "population": 19051.626953125 }, "geometry": { "type": "Point", "coordinates": [ 80.2249725, 13.0390732 ] } },
{ "type": "Feature", "properties": { "osmid": 277434543, "y": 13.0393712, "x": 80.2232105, "street_count": 3, "highway": null, "elevation_m": 14.020089149475098, "population": 26918.638671875 }, "geometry": { "type": "Point", "coordinates": [ 80.2232105, 13.0393712 ] } },
{ "type": "Feature", "properties": { "osmid": 277434544, "y": 13.0396774, "x": 80.2213348, "street_count": 3, "highway": null, "elevation_m": 14.250733375549316, "population": 26918.638671875 }, "geometry": { "type": "Point", "coordinates": [ 80.2213348, 13.0396774 ] } },
{ "type": "Feature", "properties": { "osmid": 277434589, "y": 13.0351348, "x": 80.2208454, "street_count": 3, "highway": null, "elevation_m": 14.641944885253906, "population": 26918.638671875 }, "geometry": { "type": "Point", "coordinates": [ 80.2208454, 13.0351348 ] } },
{ "type": "Feature", "properties": { "osmid": 277434590, "y": 13.0350133, "x": 80.2219951, "street_count": 4, "highway": null, "elevation_m": 11.627328872680664, "population": 26918.638671875 }, "geometry": { "type": "Point", "coordinates": [ 80.2219951, 13.0350133 ] } },
{ "type": "Feature", "properties": { "osmid": 277434591, "y": 13.0349284, "x": 80.2223651, "street_count": 4, "highway": null, "elevation_m": 11.889255523681641, "population": 26918.638671875 }, "geometry": { "type": "Point", "coordinates": [ 80.2223651, 13.0349284 ] } },
{ "type": "Feature", "properties": { "osmid": 277434833, "y": 13.0438785, "x": 80.2292176, "street_count": 3, "highway": null, "elevation_m": 14.228640556335449, "population": 24514.197265625 }, "geometry": { "type": "Point", "coordinates": [ 80.2292176, 13.0438785 ] } },
{ "type": "Feature", "properties": { "osmid": 277434835, "y": 13.0479468, "x": 80.2299558, "street_count": 3, "highway": null, "elevation_m": 11.849490165710449, "population": 24514.197265625 }, "geometry": { "type": "Point", "coordinates": [ 80.2299558, 13.0479468 ] } },
{ "type": "Feature", "properties": { "osmid": 277434837, "y": 13.0502045, "x": 80.2300139, "street_count": 3, "highway": null, "elevation_m": 12.649127960205078, "population": 20723.693359375 }, "geometry": { "type": "Point", "coordinates": [ 80.2300139, 13.0502045 ] } },
{ "type": "Feature", "properties": { "osmid": 277435125, "y": 13.0478996, "x": 80.2215145, "street_count": 4, "highway": null, "elevation_m": 15.667160987854004, "population": 26320.1796875 }, "geometry": { "type": "Point", "coordinates": [ 80.2215145, 13.0478996 ] } },
{ "type": "Feature", "properties": { "osmid": 277435126, "y": 13.0481766, "x": 80.2192443, "street_count": 4, "highway": null, "elevation_m": 11.761157989501953, "population": 26320.1796875 }, "geometry": { "type": "Point", "coordinates": [ 80.2192443, 13.0481766 ] } },
{ "type": "Feature", "properties": { "osmid": 277435415, "y": 13.0450678, "x": 80.2183273, "street_count": 4, "highway": null, "elevation_m": 10.856441497802734, "population": 26320.1796875 }, "geometry": { "type": "Point", "coordinates": [ 80.2183273, 13.0450678 ] } },
{ "type": "Feature", "properties": { "osmid": 277435416, "y": 13.0454295, "x": 80.218471, "street_count": 3, "highway": null, "elevation_m": 15.685534477233887, "population": 26320.1796875 }, "geometry": { "type": "Point", "coordinates": [ 80.218471, 13.0454295 ] } },
{ "type": "Feature", "properties": { "osmid": 277435460, "y": 13.0522605, "x": 80.2200793, "street_count": 4, "highway": "traffic_signals", "elevation_m": 11.486321449279785, "population": 16902.220703125 }, "geometry": { "type": "Point", "coordinates": [ 80.2200793, 13.0522605 ] } },
{ "type": "Feature", "properties": { "osmid": 277435873, "y": 13.0315708, "x": 80.2183804, "street_count": 4, "highway": null, "elevation_m": 9.9488430023193359, "population": 24509.30859375 }, "geometry": { "type": "Point", "coordinates": [ 80.2183804, 13.0315708 ] } },
{ "type": "Feature", "properties": { "osmid": 277435874, "y": 13.0323045, "x": 80.2184778, "street_count": 4, "highway": null, "elevation_m": 11.152997970581055, "population": 24509.30859375 }, "geometry": { "type": "Point", "coordinates": [ 80.2184778, 13.0323045 ] } },
{ "type": "Feature", "properties": { "osmid": 277435875, "y": 13.0322087, "x": 80.2200554, "street_count": 4, "highway": null, "elevation_m": 10.669133186340332, "population": 24509.30859375 }, "geometry": { "type": "Point", "coordinates": [ 80.2200554, 13.0322087 ] } },
{ "type": "Feature", "properties": { "osmid": 277435876, "y": 13.0320134, "x": 80.2214631, "street_count": 4, "highway": null, "elevation_m": 11.748692512512207, "population": 24509.30859375 }, "geometry": { "type": "Point", "coordinates": [ 80.2214631, 13.0320134 ] } },
{ "type": "Feature", "properties": { "osmid": 277435936, "y": 13.0347191, "x": 80.2246533, "street_count": 3, "highway": null, "elevation_m": 11.838210105895996, "population": 19051.626953125 }, "geometry": { "type": "Point", "coordinates": [ 80.2246533, 13.0347191 ] } },
{ "type": "Feature", "properties": { "osmid": 277436190, "y": 13.0319827, "x": 80.2247005, "street_count": 3, "highway": null, "elevation_m": 14.651222229003906, "population": 23049.033203125 }, "geometry": { "type": "Point", "coordinates": [ 80.2247005, 13.0319827 ] } },
{ "type": "Feature", "properties": { "osmid": 277436191, "y": 13.0319297, "x": 80.2249637, "street_count": 3, "highway": null, "elevation_m": 11.546587944030762, "population": 23049.033203125 }, "geometry": { "type": "Point", "coordinates": [ 80.2249637, 13.0319297 ] } },
{ "type": "Feature", "properties": { "osmid": 277436192, "y": 13.0316028, "x": 80.2251335, "street_count": 3, "highway": null, "elevation_m": 15.48914909362793, "population": 23049.033203125 }, "geometry": { "type": "Point", "coordinates": [ 80.2251335, 13.0316028 ] } },
{ "type": "Feature", "properties": { "osmid": 277436193, "y": 13.0312221, "x": 80.2250571, "street_count": 4, "highway": null, "elevation_m": 10.55959415435791, "population": 23049.033203125 }, "geometry": { "type": "Point", "coordinates": [ 80.2250571, 13.0312221 ] } },
{ "type": "Feature", "properties": { "osmid": 277437129, "y": 13.0348545, "x": 80.2237841, "street_count": 3, "highway": null, "elevation_m": 13.838732719421387, "population": 19051.626953125 }, "geometry": { "type": "Point", "coordinates": [ 80.2237841, 13.0348545 ] } },
{ "type": "Feature", "properties": { "osmid": 277437146, "y": 13.035264, "x": 80.2238234, "street_count": 4, "highway": null, "elevation_m": 12.466907501220703, "population": 19051.626953125 }, "geometry": { "type": "Point", "coordinates": [ 80.2238234, 13.035264 ] } },
{ "type": "Feature", "properties": { "osmid": 277437147, "y": 13.0364547, "x": 80.2239781, "street_count": 3, "highway": null, "elevation_m": 13.648000717163086, "population": 19051.626953125 }, "geometry": { "type": "Point", "coordinates": [ 80.2239781, 13.0364547 ] } },
{ "type": "Feature", "properties": { "osmid": 277437148, "y": 13.0367326, "x": 80.2231141, "street_count": 4, "highway": null, "elevation_m": 13.329071044921875, "population": 26918.638671875 }, "geometry": { "type": "Point", "coordinates": [ 80.2231141, 13.0367326 ] } },
{ "type": "Feature", "properties": { "osmid": 277437149, "y": 13.0373983, "x": 80.2208569, "street_count": 3, "highway": null, "elevation_m": 14.605814933776855, "population": 26918.638671875 }, "geometry": { "type": "Point", "coordinates": [ 80.2208569, 13.0373983 ] } },
{ "type": "Feature", "properties": { "osmid": 277437438, "y": 13.0359889, "x": 80.2188628, "street_count": 4, "highway": null, "elevation_m": 13.266365051269531, "population": 26918.638671875 }, "geometry": { "type": "Point", "coordinates": [ 80.2188628, 13.0359889 ] } },
{ "type": "Feature", "properties": { "osmid": 277437439, "y": 13.0358964, "x": 80.220542, "street_count": 3, "highway": null, "elevation_m": 15.007453918457031, "population": 26918.638671875 }, "geometry": { "type": "Point", "coordinates": [ 80.220542, 13.0358964 ] } },
{ "type": "Feature", "properties": { "osmid": 277437440, "y": 13.0391015, "x": 80.2212141, "street_count": 3, "highway": null, "elevation_m": 12.49760627746582, "population": 26918.638671875 }, "geometry": { "type": "Point", "coordinates": [ 80.2212141, 13.0391015 ] } },
{ "type": "Feature", "properties": { "osmid": 277439410, "y": 13.0559689, "x": 80.2211902, "street_count": 3, "highway": null, "elevation_m": 13.348258972167969, "population": 16902.220703125 }, "geometry": { "type": "Point", "coordinates": [ 80.2211902, 13.0559689 ] } },
{ "type": "Feature", "properties": { "osmid": 277439412, "y": 13.0548662, "x": 80.2203882, "street_count": 3, "highway": null, "elevation_m": 16.313753128051758, "population": 16902.220703125 }, "geometry": { "type": "Point", "coordinates": [ 80.2203882, 13.0548662 ] } },
{ "type": "Feature", "properties": { "osmid": 277439414, "y": 13.0522978, "x": 80.2202337, "street_count": 3, "highway": "traffic_signals", "elevation_m": 11.903633117675781, "population": 16902.220703125 }, "geometry": { "type": "Point", "coordinates": [ 80.2202337, 13.0522978 ] } },
{ "type": "Feature", "properties": { "osmid": 277440091, "y": 13.0401318, "x": 80.2178805, "street_count": 3, "highway": null, "elevation_m": 16.79304313659668, "population": 26918.638671875 }, "geometry": { "type": "Point", "coordinates": [ 80.2178805, 13.0401318 ] } },
{ "type": "Feature", "properties": { "osmid": 277440267, "y": 13.0396092, "x": 80.2213205, "street_count": 3, "highway": null, "elevation_m": 14.250733375549316, "population": 26918.638671875 }, "geometry": { "type": "Point", "coordinates": [ 80.2213205, 13.0396092 ] } },
{ "type": "Feature", "properties": { "osmid": 277440274, "y": 13.0400128, "x": 80.2192873, "street_count": 3, "highway": null, "elevation_m": 16.603713989257812, "population": 26918.638671875 }, "geometry": { "type": "Point", "coordinates": [ 80.2192873, 13.0400128 ] } },
{ "type": "Feature", "properties": { "osmid": 277440277, "y": 13.0398881, "x": 80.2192704, "street_count": 3, "highway": null, "elevation_m": 16.603713989257812, "population": 26918.638671875 }, "geometry": { "type": "Point", "coordinates": [ 80.2192704, 13.0398881 ] } },
{ "type": "Feature", "properties": { "osmid": 277440531, "y": 13.0316607, "x": 80.2202085, "street_count": 4, "highway": null, "elevation_m": 12.988137245178223, "population": 24509.30859375 }, "geometry": { "type": "Point", "coordinates": [ 80.2202085, 13.0316607 ] } },
{ "type": "Feature", "properties": { "osmid": 277440532, "y": 13.0301917, "x": 80.2202222, "street_count": 3, "highway": null, "elevation_m": 13.132007598876953, "population": 24509.30859375 }, "geometry": { "type": "Point", "coordinates": [ 80.2202222, 13.0301917 ] } },
{ "type": "Feature", "properties": { "osmid": 277440533, "y": 13.0353837, "x": 80.2208553, "street_count": 4, "highway": null, "elevation_m": 13.744705200195312, "population": 26918.638671875 }, "geometry": { "type": "Point", "coordinates": [ 80.2208553, 13.0353837 ] } },
{ "type": "Feature", "properties": { "osmid": 277440535, "y": 13.0334099, "x": 80.2198522, "street_count": 3, "highway": null, "elevation_m": 14.795491218566895, "population": 26918.638671875 }, "geometry": { "type": "Point", "coordinates": [ 80.2198522, 13.0334099 ] } },
{ "type": "Feature", "properties": { "osmid": 277440588, "y": 13.0341212, "x": 80.2176165, "street_count": 4, "highway": null, "elevation_m": 13.719466209411621, "population": 26918.638671875 }, "geometry": { "type": "Point", "coordinates": [ 80.2176165, 13.0341212 ] } },
{ "type": "Feature", "properties": { "osmid": 277440593, "y": 13.0326406, "x": 80.2184409, "street_count": 3, "highway": null, "elevation_m": 12.300656318664551, "population": 24509.30859375 }, "geometry": { "type": "Point", "coordinates": [ 80.2184409, 13.0326406 ] } },
{ "type": "Feature", "properties": { "osmid": 277440617, "y": 13.0339176, "x": 80.2191967, "street_count": 4, "highway": null, "elevation_m": 13.76458740234375, "population": 26918.638671875 }, "geometry": { "type": "Point", "coordinates": [ 80.2191967, 13.0339176 ] } },
{ "type": "Feature", "properties": { "osmid": 277440618, "y": 13.0337426, "x": 80.2206448, "street_count": 4, "highway": null, "elevation_m": 13.903308868408203, "population": 26918.638671875 }, "geometry": { "type": "Point", "coordinates": [ 80.2206448, 13.0337426 ] } },
{ "type": "Feature", "properties": { "osmid": 277443359, "y": 13.031546, "x": 80.2215074, "street_count": 3, "highway": null, "elevation_m": 11.744275093078613, "population": 24509.30859375 }, "geometry": { "type": "Point", "coordinates": [ 80.2215074, 13.031546 ] } },
{ "type": "Feature", "properties": { "osmid": 277443361, "y": 13.0301958, "x": 80.2216382, "street_count": 4, "highway": null, "elevation_m": 11.871474266052246, "population": 24509.30859375 }, "geometry": { "type": "Point", "coordinates": [ 80.2216382, 13.0301958 ] } },
{ "type": "Feature", "properties": { "osmid": 277443362, "y": 13.0298455, "x": 80.2217759, "street_count": 4, "highway": null, "elevation_m": 14.176058769226074, "population": 24509.30859375 }, "geometry": { "type": "Point", "coordinates": [ 80.2217759, 13.0298455 ] } },
{ "type": "Feature", "properties": { "osmid": 277498087, "y": 13.0489104, "x": 80.2175372, "street_count": 3, "highway": null, "elevation_m": 13.870376586914062, "population": 26320.1796875 }, "geometry": { "type": "Point", "coordinates": [ 80.2175372, 13.0489104 ] } },
{ "type": "Feature", "properties": { "osmid": 277498088, "y": 13.0487985, "x": 80.2194062, "street_count": 4, "highway": null, "elevation_m": 13.772148132324219, "population": 26320.1796875 }, "geometry": { "type": "Point", "coordinates": [ 80.2194062, 13.0487985 ] } },
{ "type": "Feature", "properties": { "osmid": 277498133, "y": 13.0508567, "x": 80.2272452, "street_count": 4, "highway": null, "elevation_m": 12.872287750244141, "population": 20723.693359375 }, "geometry": { "type": "Point", "coordinates": [ 80.2272452, 13.0508567 ] } },
{ "type": "Feature", "properties": { "osmid": 277498134, "y": 13.0516572, "x": 80.2237478, "street_count": 3, "highway": null, "elevation_m": 15.348186492919922, "population": 16902.220703125 }, "geometry": { "type": "Point", "coordinates": [ 80.2237478, 13.0516572 ] } },
{ "type": "Feature", "properties": { "osmid": 277498277, "y": 13.0382879, "x": 80.2210435, "street_count": 3, "highway": null, "elevation_m": 14.533074378967285, "population": 26918.638671875 }, "geometry": { "type": "Point", "coordinates": [ 80.2210435, 13.0382879 ] } },
{ "type": "Feature", "properties": { "osmid": 277498285, "y": 13.0394579, "x": 80.2263706, "street_count": 4, "highway": null, "elevation_m": 10.806492805480957, "population": 19051.626953125 }, "geometry": { "type": "Point", "coordinates": [ 80.2263706, 13.0394579 ] } },
{ "type": "Feature", "properties": { "osmid": 277498286, "y": 13.0412195, "x": 80.2285242, "street_count": 3, "highway": null, "elevation_m": 10.325560569763184, "population": 19051.626953125 }, "geometry": { "type": "Point", "coordinates": [ 80.2285242, 13.0412195 ] } },
{ "type": "Feature", "properties": { "osmid": 277498287, "y": 13.0431806, "x": 80.2290754, "street_count": 3, "highway": null, "elevation_m": 11.534104347229004, "population": 24514.197265625 }, "geometry": { "type": "Point", "coordinates": [ 80.2290754, 13.0431806 ] } },
{ "type": "Feature", "properties": { "osmid": 277498944, "y": 13.0412961, "x": 80.2237465, "street_count": 3, "highway": null, "elevation_m": 13.958315849304199, "population": 26320.1796875 }, "geometry": { "type": "Point", "coordinates": [ 80.2237465, 13.0412961 ] } },
{ "type": "Feature", "properties": { "osmid": 277498945, "y": 13.0419282, "x": 80.2218068, "street_count": 3, "highway": null, "elevation_m": 12.962471961975098, "population": 26320.1796875 }, "geometry": { "type": "Point", "coordinates": [ 80.2218068, 13.0419282 ] } },
{ "type": "Feature", "properties": { "osmid": 277499000, "y": 13.0383576, "x": 80.2268889, "street_count": 3, "highway": null, "elevation_m": 14.00701904296875, "population": 19051.626953125 }, "geometry": { "type": "Point", "coordinates": [ 80.2268889, 13.0383576 ] } },
{ "type": "Feature", "properties": { "osmid": 277499115, "y": 13.0343636, "x": 80.2207643, "street_count": 3, "highway": null, "elevation_m": 14.087795257568359, "population": 26918.638671875 }, "geometry": { "type": "Point", "coordinates": [ 80.2207643, 13.0343636 ] } },
{ "type": "Feature", "properties": { "osmid": 277499199, "y": 13.0344724, "x": 80.2192864, "street_count": 3, "highway": null, "elevation_m": 15.398807525634766, "population": 26918.638671875 }, "geometry": { "type": "Point", "coordinates": [ 80.2192864, 13.0344724 ] } },
{ "type": "Feature", "properties": { "osmid": 277499201, "y": 13.0354168, "x": 80.2187978, "street_count": 4, "highway": null, "elevation_m": 14.665199279785156, "population": 26918.638671875 }, "geometry": { "type": "Point", "coordinates": [ 80.2187978, 13.0354168 ] } },
{ "type": "Feature", "properties": { "osmid": 277499202, "y": 13.037098, "x": 80.2190198, "street_count": 4, "highway": null, "elevation_m": 14.639485359191895, "population": 26918.638671875 }, "geometry": { "type": "Point", "coordinates": [ 80.2190198, 13.037098 ] } },
{ "type": "Feature", "properties": { "osmid": 277499203, "y": 13.0385578, "x": 80.2192159, "street_count": 3, "highway": null, "elevation_m": 13.692997932434082, "population": 26918.638671875 }, "geometry": { "type": "Point", "coordinates": [ 80.2192159, 13.0385578 ] } },
{ "type": "Feature", "properties": { "osmid": 277499226, "y": 13.0369284, "x": 80.2207584, "street_count": 4, "highway": null, "elevation_m": 12.866968154907227, "population": 26918.638671875 }, "geometry": { "type": "Point", "coordinates": [ 80.2207584, 13.0369284 ] } },
{ "type": "Feature", "properties": { "osmid": 277499227, "y": 13.036608, "x": 80.2222934, "street_count": 1, "highway": null, "elevation_m": 13.151653289794922, "population": 26918.638671875 }, "geometry": { "type": "Point", "coordinates": [ 80.2222934, 13.036608 ] } },
{ "type": "Feature", "properties": { "osmid": 277499241, "y": 13.0417555, "x": 80.2217706, "street_count": 3, "highway": null, "elevation_m": 13.974623680114746, "population": 26320.1796875 }, "geometry": { "type": "Point", "coordinates": [ 80.2217706, 13.0417555 ] } },
{ "type": "Feature", "properties": { "osmid": 277499243, "y": 13.0423431, "x": 80.2219064, "street_count": 4, "highway": null, "elevation_m": 14.141610145568848, "population": 26320.1796875 }, "geometry": { "type": "Point", "coordinates": [ 80.2219064, 13.0423431 ] } },
{ "type": "Feature", "properties": { "osmid": 277499244, "y": 13.0425356, "x": 80.218076, "street_count": 3, "highway": null, "elevation_m": 12.891498565673828, "population": 26320.1796875 }, "geometry": { "type": "Point", "coordinates": [ 80.218076, 13.0425356 ] } },
{ "type": "Feature", "properties": { "osmid": 280089107, "y": 13.0269338, "x": 80.2255305, "street_count": 3, "highway": null, "elevation_m": 8.5107460021972656, "population": 23049.033203125 }, "geometry": { "type": "Point", "coordinates": [ 80.2255305, 13.0269338 ] } },
{ "type": "Feature", "properties": { "osmid": 280089108, "y": 13.0266852, "x": 80.2268109, "street_count": 3, "highway": null, "elevation_m": 9.1083755493164062, "population": 23049.033203125 }, "geometry": { "type": "Point", "coordinates": [ 80.2268109, 13.0266852 ] } },
{ "type": "Feature", "properties": { "osmid": 290722489, "y": 13.0486325, "x": 80.2215942, "street_count": 3, "highway": null, "elevation_m": 13.613245964050293, "population": 26320.1796875 }, "geometry": { "type": "Point", "coordinates": [ 80.2215942, 13.0486325 ] } },
{ "type": "Feature", "properties": { "osmid": 290729835, "y": 13.0303315, "x": 80.2202282, "street_count": 3, "highway": null, "elevation_m": 13.132007598876953, "population": 24509.30859375 }, "geometry": { "type": "Point", "coordinates": [ 80.2202282, 13.0303315 ] } },
{ "type": "Feature", "properties": { "osmid": 291800118, "y": 13.0574698, "x": 80.2295595, "street_count": 3, "highway": null, "elevation_m": 14.878092765808105, "population": 20723.693359375 }, "geometry": { "type": "Point", "coordinates": [ 80.2295595, 13.0574698 ] } },
{ "type": "Feature", "properties": { "osmid": 291839034, "y": 13.0562774, "x": 80.2292422, "street_count": 3, "highway": null, "elevation_m": 14.953670501708984, "population": 20723.693359375 }, "geometry": { "type": "Point", "coordinates": [ 80.2292422, 13.0562774 ] } },
{ "type": "Feature", "properties": { "osmid": 291840029, "y": 13.05694, "x": 80.2293867, "street_count": 3, "highway": null, "elevation_m": 13.977773666381836, "population": 20723.693359375 }, "geometry": { "type": "Point", "coordinates": [ 80.2293867, 13.05694 ] } },
{ "type": "Feature", "properties": { "osmid": 291840187, "y": 13.0555739, "x": 80.2291376, "street_count": 3, "highway": null, "elevation_m": 14.476832389831543, "population": 20723.693359375 }, "geometry": { "type": "Point", "coordinates": [ 80.2291376, 13.0555739 ] } },
{ "type": "Feature", "properties": { "osmid": 291992464, "y": 13.054671, "x": 80.2239953, "street_count": 4, "highway": null, "elevation_m": 18.170969009399414, "population": 20723.693359375 }, "geometry": { "type": "Point", "coordinates": [ 80.2239953, 13.054671 ] } },
{ "type": "Feature", "properties": { "osmid": 291992663, "y": 13.0552612, "x": 80.2226406, "street_count": 4, "highway": null, "elevation_m": 12.903597831726074, "population": 16902.220703125 }, "geometry": { "type": "Point", "coordinates": [ 80.2226406, 13.0552612 ] } },
{ "type": "Feature", "properties": { "osmid": 291993310, "y": 13.0538075, "x": 80.2226105, "street_count": 3, "highway": null, "elevation_m": 18.213071823120117, "population": 16902.220703125 }, "geometry": { "type": "Point", "coordinates": [ 80.2226105, 13.0538075 ] } },
{ "type": "Feature", "properties": { "osmid": 291994302, "y": 13.0554149, "x": 80.2206868, "street_count": 3, "highway": null, "elevation_m": 13.052166938781738, "population": 16902.220703125 }, "geometry": { "type": "Point", "coordinates": [ 80.2206868, 13.0554149 ] } },
{ "type": "Feature", "properties": { "osmid": 291994456, "y": 13.0568449, "x": 80.2261613, "street_count": 3, "highway": null, "elevation_m": 14.56982421875, "population": 20723.693359375 }, "geometry": { "type": "Point", "coordinates": [ 80.2261613, 13.0568449 ] } },
{ "type": "Feature", "properties": { "osmid": 291995074, "y": 13.0576135, "x": 80.2262979, "street_count": 3, "highway": null, "elevation_m": 11.799453735351562, "population": 20723.693359375 }, "geometry": { "type": "Point", "coordinates": [ 80.2262979, 13.0576135 ] } },
{ "type": "Feature", "properties": { "osmid": 292020312, "y": 13.0575132, "x": 80.2275798, "street_count": 3, "highway": null, "elevation_m": 11.117587089538574, "population": 20723.693359375 }, "geometry": { "type": "Point", "coordinates": [ 80.2275798, 13.0575132 ] } },
{ "type": "Feature", "properties": { "osmid": 292020317, "y": 13.0564133, "x": 80.2260922, "street_count": 3, "highway": null, "elevation_m": 11.233315467834473, "population": 20723.693359375 }, "geometry": { "type": "Point", "coordinates": [ 80.2260922, 13.0564133 ] } },
{ "type": "Feature", "properties": { "osmid": 293551756, "y": 13.0518735, "x": 80.2303042, "street_count": 3, "highway": null, "elevation_m": 16.99763298034668, "population": 20723.693359375 }, "geometry": { "type": "Point", "coordinates": [ 80.2303042, 13.0518735 ] } },
{ "type": "Feature", "properties": { "osmid": 293551759, "y": 13.0524855, "x": 80.2261996, "street_count": 5, "highway": null, "elevation_m": 15.896903038024902, "population": 20723.693359375 }, "geometry": { "type": "Point", "coordinates": [ 80.2261996, 13.0524855 ] } },
{ "type": "Feature", "properties": { "osmid": 293552222, "y": 13.0539766, "x": 80.22882, "street_count": 3, "highway": null, "elevation_m": 13.476707458496094, "population": 20723.693359375 }, "geometry": { "type": "Point", "coordinates": [ 80.22882, 13.0539766 ] } },
{ "type": "Feature", "properties": { "osmid": 293552337, "y": 13.0525548, "x": 80.2249121, "street_count": 4, "highway": null, "elevation_m": 16.611011505126953, "population": 20723.693359375 }, "geometry": { "type": "Point", "coordinates": [ 80.2249121, 13.0525548 ] } },
{ "type": "Feature", "properties": { "osmid": 293552349, "y": 13.0513346, "x": 80.2251764, "street_count": 3, "highway": null, "elevation_m": 13.736924171447754, "population": 20723.693359375 }, "geometry": { "type": "Point", "coordinates": [ 80.2251764, 13.0513346 ] } },
{ "type": "Feature", "properties": { "osmid": 293552350, "y": 13.0512477, "x": 80.2255306, "street_count": 3, "highway": null, "elevation_m": 16.555274963378906, "population": 20723.693359375 }, "geometry": { "type": "Point", "coordinates": [ 80.2255306, 13.0512477 ] } },
{ "type": "Feature", "properties": { "osmid": 293552357, "y": 13.0517717, "x": 80.2263164, "street_count": 3, "highway": null, "elevation_m": 19.369455337524414, "population": 20723.693359375 }, "geometry": { "type": "Point", "coordinates": [ 80.2263164, 13.0517717 ] } },
{ "type": "Feature", "properties": { "osmid": 293552639, "y": 13.0482433, "x": 80.2282543, "street_count": 3, "highway": null, "elevation_m": 12.823681831359863, "population": 24514.197265625 }, "geometry": { "type": "Point", "coordinates": [ 80.2282543, 13.0482433 ] } },
{ "type": "Feature", "properties": { "osmid": 293552653, "y": 13.0477156, "x": 80.2281268, "street_count": 4, "highway": null, "elevation_m": 12.181527137756348, "population": 24514.197265625 }, "geometry": { "type": "Point", "coordinates": [ 80.2281268, 13.0477156 ] } },
{ "type": "Feature", "properties": { "osmid": 293552673, "y": 13.0464749, "x": 80.2297121, "street_count": 3, "highway": null, "elevation_m": 13.949576377868652, "population": 24514.197265625 }, "geometry": { "type": "Point", "coordinates": [ 80.2297121, 13.0464749 ] } },
{ "type": "Feature", "properties": { "osmid": 293552724, "y": 13.046311, "x": 80.2277449, "street_count": 3, "highway": null, "elevation_m": 13.341436386108398, "population": 24514.197265625 }, "geometry": { "type": "Point", "coordinates": [ 80.2277449, 13.046311 ] } },
{ "type": "Feature", "properties": { "osmid": 293552841, "y": 13.0522874, "x": 80.2283214, "street_count": 4, "highway": null, "elevation_m": 14.962419509887695, "population": 20723.693359375 }, "geometry": { "type": "Point", "coordinates": [ 80.2283214, 13.0522874 ] } },
{ "type": "Feature", "properties": { "osmid": 293552842, "y": 13.0506604, "x": 80.2279324, "street_count": 4, "highway": null, "elevation_m": 13.998638153076172, "population": 20723.693359375 }, "geometry": { "type": "Point", "coordinates": [ 80.2279324, 13.0506604 ] } },
{ "type": "Feature", "properties": { "osmid": 293553145, "y": 13.0521679, "x": 80.2288801, "street_count": 3, "highway": null, "elevation_m": 13.413739204406738, "population": 20723.693359375 }, "geometry": { "type": "Point", "coordinates": [ 80.2288801, 13.0521679 ] } },
{ "type": "Feature", "properties": { "osmid": 293553234, "y": 13.0540066, "x": 80.2293696, "street_count": 3, "highway": null, "elevation_m": 15.65274715423584, "population": 20723.693359375 }, "geometry": { "type": "Point", "coordinates": [ 80.2293696, 13.0540066 ] } },
{ "type": "Feature", "properties": { "osmid": 293553283, "y": 13.051587, "x": 80.2218203, "street_count": 3, "highway": null, "elevation_m": 15.02055549621582, "population": 16902.220703125 }, "geometry": { "type": "Point", "coordinates": [ 80.2218203, 13.051587 ] } },
{ "type": "Feature", "properties": { "osmid": 293690215, "y": 13.033706, "x": 80.250266, "street_count": 3, "highway": null, "elevation_m": 13.538504600524902, "population": 20759.59375 }, "geometry": { "type": "Point", "coordinates": [ 80.250266, 13.033706 ] } },
{ "type": "Feature", "properties": { "osmid": 293695202, "y": 13.0343546, "x": 80.2502619, "street_count": 1, "highway": null, "elevation_m": 13.06847095489502, "population": 20759.59375 }, "geometry": { "type": "Point", "coordinates": [ 80.2502619, 13.0343546 ] } },
{ "type": "Feature", "properties": { "osmid": 293695216, "y": 13.0353454, "x": 80.2498038, "street_count": 3, "highway": null, "elevation_m": 11.339195251464844, "population": 20759.59375 }, "geometry": { "type": "Point", "coordinates": [ 80.2498038, 13.0353454 ] } },
{ "type": "Feature", "properties": { "osmid": 294946367, "y": 13.0495859, "x": 80.2300126, "street_count": 3, "highway": null, "elevation_m": 10.904177665710449, "population": 20723.693359375 }, "geometry": { "type": "Point", "coordinates": [ 80.2300126, 13.0495859 ] } },
{ "type": "Feature", "properties": { "osmid": 294946408, "y": 13.0488003, "x": 80.2300193, "street_count": 3, "highway": null, "elevation_m": 12.302610397338867, "population": 24514.197265625 }, "geometry": { "type": "Point", "coordinates": [ 80.2300193, 13.0488003 ] } },
{ "type": "Feature", "properties": { "osmid": 294948535, "y": 13.0378144, "x": 80.219118, "street_count": 3, "highway": null, "elevation_m": 14.111784934997559, "population": 26918.638671875 }, "geometry": { "type": "Point", "coordinates": [ 80.219118, 13.0378144 ] } },
{ "type": "Feature", "properties": { "osmid": 294948678, "y": 13.0365436, "x": 80.2189388, "street_count": 4, "highway": null, "elevation_m": 14.076482772827148, "population": 26918.638671875 }, "geometry": { "type": "Point", "coordinates": [ 80.2189388, 13.0365436 ] } },
{ "type": "Feature", "properties": { "osmid": 294950600, "y": 13.0448835, "x": 80.2256999, "street_count": 4, "highway": null, "elevation_m": 14.595337867736816, "population": 24514.197265625 }, "geometry": { "type": "Point", "coordinates": [ 80.2256999, 13.0448835 ] } },
{ "type": "Feature", "properties": { "osmid": 298119811, "y": 13.0374669, "x": 80.2495857, "street_count": 3, "highway": null, "elevation_m": 13.85258960723877, "population": 20759.59375 }, "geometry": { "type": "Point", "coordinates": [ 80.2495857, 13.0374669 ] } },
{ "type": "Feature", "properties": { "osmid": 298119887, "y": 13.0377863, "x": 80.2496583, "street_count": 3, "highway": null, "elevation_m": 13.424245834350586, "population": 20759.59375 }, "geometry": { "type": "Point", "coordinates": [ 80.2496583, 13.0377863 ] } },
{ "type": "Feature", "properties": { "osmid": 298119889, "y": 13.0380155, "x": 80.2497749, "street_count": 1, "highway": null, "elevation_m": 13.765290260314941, "population": 20759.59375 }, "geometry": { "type": "Point", "coordinates": [ 80.2497749, 13.0380155 ] } },
{ "type": "Feature", "properties": { "osmid": 298121047, "y": 13.0336825, "x": 80.2503965, "street_count": 3, "highway": null, "elevation_m": 13.538504600524902, "population": 20759.59375 }, "geometry": { "type": "Point", "coordinates": [ 80.2503965, 13.0336825 ] } },
{ "type": "Feature", "properties": { "osmid": 298123257, "y": 13.0312046, "x": 80.2448676, "street_count": 1, "highway": null, "elevation_m": 10.953522682189941, "population": 17030.998046875 }, "geometry": { "type": "Point", "coordinates": [ 80.2448676, 13.0312046 ] } },
{ "type": "Feature", "properties": { "osmid": 298123412, "y": 13.0305791, "x": 80.2444835, "street_count": 3, "highway": null, "elevation_m": 9.4911041259765625, "population": 17030.998046875 }, "geometry": { "type": "Point", "coordinates": [ 80.2444835, 13.0305791 ] } },
{ "type": "Feature", "properties": { "osmid": 298123993, "y": 13.0287441, "x": 80.2412685, "street_count": 3, "highway": null, "elevation_m": 13.110971450805664, "population": 17030.998046875 }, "geometry": { "type": "Point", "coordinates": [ 80.2412685, 13.0287441 ] } },
{ "type": "Feature", "properties": { "osmid": 298124101, "y": 13.0284496, "x": 80.2423605, "street_count": 3, "highway": null, "elevation_m": 13.065982818603516, "population": 17030.998046875 }, "geometry": { "type": "Point", "coordinates": [ 80.2423605, 13.0284496 ] } },
{ "type": "Feature", "properties": { "osmid": 298124786, "y": 13.0285649, "x": 80.2451444, "street_count": 3, "highway": null, "elevation_m": 12.808417320251465, "population": 17030.998046875 }, "geometry": { "type": "Point", "coordinates": [ 80.2451444, 13.0285649 ] } },
{ "type": "Feature", "properties": { "osmid": 298124813, "y": 13.0286132, "x": 80.2438044, "street_count": 3, "highway": null, "elevation_m": 14.171453475952148, "population": 17030.998046875 }, "geometry": { "type": "Point", "coordinates": [ 80.2438044, 13.0286132 ] } },
{ "type": "Feature", "properties": { "osmid": 298124819, "y": 13.028082, "x": 80.2450919, "street_count": 3, "highway": null, "elevation_m": 13.234857559204102, "population": 17030.998046875 }, "geometry": { "type": "Point", "coordinates": [ 80.2450919, 13.028082 ] } },
{ "type": "Feature", "properties": { "osmid": 298124868, "y": 13.0283217, "x": 80.2437541, "street_count": 3, "highway": null, "elevation_m": 13.006833076477051, "population": 17030.998046875 }, "geometry": { "type": "Point", "coordinates": [ 80.2437541, 13.0283217 ] } },
{ "type": "Feature", "properties": { "osmid": 298125609, "y": 13.0292121, "x": 80.2480098, "street_count": 3, "highway": null, "elevation_m": 12.201642990112305, "population": 17030.998046875 }, "geometry": { "type": "Point", "coordinates": [ 80.2480098, 13.0292121 ] } },
{ "type": "Feature", "properties": { "osmid": 298125720, "y": 13.0288203, "x": 80.2478778, "street_count": 1, "highway": null, "elevation_m": 14.707435607910156, "population": 17030.998046875 }, "geometry": { "type": "Point", "coordinates": [ 80.2478778, 13.0288203 ] } },
{ "type": "Feature", "properties": { "osmid": 298139996, "y": 13.051264, "x": 80.2254028, "street_count": 4, "highway": null, "elevation_m": 13.736924171447754, "population": 20723.693359375 }, "geometry": { "type": "Point", "coordinates": [ 80.2254028, 13.051264 ] } },
{ "type": "Feature", "properties": { "osmid": 298153611, "y": 13.0418269, "x": 80.2312418, "street_count": 1, "highway": null, "elevation_m": 16.816596984863281, "population": 24514.197265625 }, "geometry": { "type": "Point", "coordinates": [ 80.2312418, 13.0418269 ] } },
{ "type": "Feature", "properties": { "osmid": 298154015, "y": 13.0507977, "x": 80.2308719, "street_count": 3, "highway": null, "elevation_m": 10.937436103820801, "population": 20723.693359375 }, "geometry": { "type": "Point", "coordinates": [ 80.2308719, 13.0507977 ] } },
{ "type": "Feature", "properties": { "osmid": 298154045, "y": 13.0506205, "x": 80.2315558, "street_count": 1, "highway": null, "elevation_m": 15.177006721496582, "population": 20723.693359375 }, "geometry": { "type": "Point", "coordinates": [ 80.2315558, 13.0506205 ] } },
{ "type": "Feature", "properties": { "osmid": 298154859, "y": 13.051942, "x": 80.2408139, "street_count": 3, "highway": null, "elevation_m": 13.148916244506836, "population": 25040.6953125 }, "geometry": { "type": "Point", "coordinates": [ 80.2408139, 13.051942 ] } },
{ "type": "Feature", "properties": { "osmid": 298323267, "y": 13.052567, "x": 80.2392104, "street_count": 1, "highway": null, "elevation_m": 11.620190620422363, "population": 22810.8515625 }, "geometry": { "type": "Point", "coordinates": [ 80.2392104, 13.052567 ] } },
{ "type": "Feature", "properties": { "osmid": 298323279, "y": 13.0530688, "x": 80.2377084, "street_count": 3, "highway": null, "elevation_m": 13.596696853637695, "population": 22810.8515625 }, "geometry": { "type": "Point", "coordinates": [ 80.2377084, 13.0530688 ] } },
{ "type": "Feature", "properties": { "osmid": 298323299, "y": 13.0500441, "x": 80.2386289, "street_count": 3, "highway": null, "elevation_m": 17.004398345947266, "population": 22810.8515625 }, "geometry": { "type": "Point", "coordinates": [ 80.2386289, 13.0500441 ] } },
{ "type": "Feature", "properties": { "osmid": 298357274, "y": 13.0521663, "x": 80.2257662, "street_count": 3, "highway": null, "elevation_m": 16.918214797973633, "population": 20723.693359375 }, "geometry": { "type": "Point", "coordinates": [ 80.2257662, 13.0521663 ] } },
{ "type": "Feature", "properties": { "osmid": 298357276, "y": 13.0522256, "x": 80.225319, "street_count": 3, "highway": null, "elevation_m": 18.986295700073242, "population": 20723.693359375 }, "geometry": { "type": "Point", "coordinates": [ 80.225319, 13.0522256 ] } },
{ "type": "Feature", "properties": { "osmid": 298357280, "y": 13.0518067, "x": 80.2255267, "street_count": 3, "highway": null, "elevation_m": 17.856990814208984, "population": 20723.693359375 }, "geometry": { "type": "Point", "coordinates": [ 80.2255267, 13.0518067 ] } },
{ "type": "Feature", "properties": { "osmid": 298357281, "y": 13.0539522, "x": 80.2280194, "street_count": 3, "highway": null, "elevation_m": 16.043678283691406, "population": 20723.693359375 }, "geometry": { "type": "Point", "coordinates": [ 80.2280194, 13.0539522 ] } },
{ "type": "Feature", "properties": { "osmid": 298357282, "y": 13.0540131, "x": 80.2306849, "street_count": 3, "highway": null, "elevation_m": 16.620965957641602, "population": 20723.693359375 }, "geometry": { "type": "Point", "coordinates": [ 80.2306849, 13.0540131 ] } },
{ "type": "Feature", "properties": { "osmid": 298357283, "y": 13.052697, "x": 80.2239541, "street_count": 3, "highway": null, "elevation_m": 15.851456642150879, "population": 20723.693359375 }, "geometry": { "type": "Point", "coordinates": [ 80.2239541, 13.052697 ] } },
{ "type": "Feature", "properties": { "osmid": 298357284, "y": 13.0530986, "x": 80.2262006, "street_count": 3, "highway": null, "elevation_m": 13.804775238037109, "population": 20723.693359375 }, "geometry": { "type": "Point", "coordinates": [ 80.2262006, 13.0530986 ] } },
{ "type": "Feature", "properties": { "osmid": 298357286, "y": 13.0531554, "x": 80.2277119, "street_count": 3, "highway": null, "elevation_m": 11.977225303649902, "population": 20723.693359375 }, "geometry": { "type": "Point", "coordinates": [ 80.2277119, 13.0531554 ] } },
{ "type": "Feature", "properties": { "osmid": 298357288, "y": 13.0540246, "x": 80.2299586, "street_count": 4, "highway": null, "elevation_m": 13.043599128723145, "population": 20723.693359375 }, "geometry": { "type": "Point", "coordinates": [ 80.2299586, 13.0540246 ] } },
{ "type": "Feature", "properties": { "osmid": 298357289, "y": 13.0520581, "x": 80.2293329, "street_count": 4, "highway": null, "elevation_m": 14.810458183288574, "population": 20723.693359375 }, "geometry": { "type": "Point", "coordinates": [ 80.2293329, 13.0520581 ] } },
{ "type": "Feature", "properties": { "osmid": 298357290, "y": 13.0504416, "x": 80.2289742, "street_count": 3, "highway": null, "elevation_m": 13.874666213989258, "population": 20723.693359375 }, "geometry": { "type": "Point", "coordinates": [ 80.2289742, 13.0504416 ] } },
{ "type": "Feature", "properties": { "osmid": 298357291, "y": 13.051949, "x": 80.2298503, "street_count": 3, "highway": null, "elevation_m": 13.344520568847656, "population": 20723.693359375 }, "geometry": { "type": "Point", "coordinates": [ 80.2298503, 13.051949 ] } },
{ "type": "Feature", "properties": { "osmid": 298357292, "y": 13.0503108, "x": 80.2295353, "street_count": 3, "highway": null, "elevation_m": 14.843942642211914, "population": 20723.693359375 }, "geometry": { "type": "Point", "coordinates": [ 80.2295353, 13.0503108 ] } },
{ "type": "Feature", "properties": { "osmid": 298357293, "y": 13.0525507, "x": 80.2295065, "street_count": 3, "highway": null, "elevation_m": 17.552993774414062, "population": 20723.693359375 }, "geometry": { "type": "Point", "coordinates": [ 80.2295065, 13.0525507 ] } },
{ "type": "Feature", "properties": { "osmid": 298357304, "y": 13.0540204, "x": 80.2301114, "street_count": 3, "highway": null, "elevation_m": 13.043599128723145, "population": 20723.693359375 }, "geometry": { "type": "Point", "coordinates": [ 80.2301114, 13.0540204 ] } },
{ "type": "Feature", "properties": { "osmid": 298357305, "y": 13.0504, "x": 80.2291274, "street_count": 3, "highway": null, "elevation_m": 13.445254325866699, "population": 20723.693359375 }, "geometry": { "type": "Point", "coordinates": [ 80.2291274, 13.0504 ] } },
{ "type": "Feature", "properties": { "osmid": 298357321, "y": 13.0544655, "x": 80.2258048, "street_count": 3, "highway": null, "elevation_m": 12.689306259155273, "population": 20723.693359375 }, "geometry": { "type": "Point", "coordinates": [ 80.2258048, 13.0544655 ] } },
{ "type": "Feature", "properties": { "osmid": 298357324, "y": 13.0541117, "x": 80.2240511, "street_count": 4, "highway": null, "elevation_m": 13.835487365722656, "population": 20723.693359375 }, "geometry": { "type": "Point", "coordinates": [ 80.2240511, 13.0541117 ] } },
{ "type": "Feature", "properties": { "osmid": 298357327, "y": 13.0550361, "x": 80.2259104, "street_count": 3, "highway": null, "elevation_m": 16.616350173950195, "population": 20723.693359375 }, "geometry": { "type": "Point", "coordinates": [ 80.2259104, 13.0550361 ] } },
{ "type": "Feature", "properties": { "osmid": 298357331, "y": 13.0544432, "x": 80.2226088, "street_count": 3, "highway": null, "elevation_m": 17.982793807983398, "population": 16902.220703125 }, "geometry": { "type": "Point", "coordinates": [ 80.2226088, 13.0544432 ] } },
{ "type": "Feature", "properties": { "osmid": 298357334, "y": 13.0551846, "x": 80.2240499, "street_count": 3, "highway": null, "elevation_m": 16.365715026855469, "population": 20723.693359375 }, "geometry": { "type": "Point", "coordinates": [ 80.2240499, 13.0551846 ] } },
{ "type": "Feature", "properties": { "osmid": 298357359, "y": 13.051054, "x": 80.2236446, "street_count": 3, "highway": null, "elevation_m": 15.305385589599609, "population": 16902.220703125 }, "geometry": { "type": "Point", "coordinates": [ 80.2236446, 13.051054 ] } },
{ "type": "Feature", "properties": { "osmid": 298357363, "y": 13.0506869, "x": 80.2252865, "street_count": 3, "highway": null, "elevation_m": 16.480255126953125, "population": 20723.693359375 }, "geometry": { "type": "Point", "coordinates": [ 80.2252865, 13.0506869 ] } },
{ "type": "Feature", "properties": { "osmid": 298357368, "y": 13.0502565, "x": 80.2242521, "street_count": 1, "highway": null, "elevation_m": 16.260444641113281, "population": 20723.693359375 }, "geometry": { "type": "Point", "coordinates": [ 80.2242521, 13.0502565 ] } },
{ "type": "Feature", "properties": { "osmid": 298357371, "y": 13.0504207, "x": 80.2234945, "street_count": 3, "highway": null, "elevation_m": 14.428310394287109, "population": 16902.220703125 }, "geometry": { "type": "Point", "coordinates": [ 80.2234945, 13.0504207 ] } },
{ "type": "Feature", "properties": { "osmid": 298357516, "y": 13.0489472, "x": 80.2284223, "street_count": 1, "highway": null, "elevation_m": 10.273515701293945, "population": 24514.197265625 }, "geometry": { "type": "Point", "coordinates": [ 80.2284223, 13.0489472 ] } },
{ "type": "Feature", "properties": { "osmid": 298357517, "y": 13.0505288, "x": 80.2285427, "street_count": 4, "highway": null, "elevation_m": 13.033818244934082, "population": 20723.693359375 }, "geometry": { "type": "Point", "coordinates": [ 80.2285427, 13.0505288 ] } },
{ "type": "Feature", "properties": { "osmid": 298357518, "y": 13.0491474, "x": 80.2300308, "street_count": 3, "highway": null, "elevation_m": 11.896468162536621, "population": 24514.197265625 }, "geometry": { "type": "Point", "coordinates": [ 80.2300308, 13.0491474 ] } },
{ "type": "Feature", "properties": { "osmid": 298357520, "y": 13.0485368, "x": 80.228723, "street_count": 1, "highway": null, "elevation_m": 11.599485397338867, "population": 24514.197265625 }, "geometry": { "type": "Point", "coordinates": [ 80.228723, 13.0485368 ] } },
{ "type": "Feature", "properties": { "osmid": 298357521, "y": 13.0489575, "x": 80.2291424, "street_count": 3, "highway": null, "elevation_m": 12.245872497558594, "population": 24514.197265625 }, "geometry": { "type": "Point", "coordinates": [ 80.2291424, 13.0489575 ] } },
{ "type": "Feature", "properties": { "osmid": 298357526, "y": 13.0488525, "x": 80.2297429, "street_count": 3, "highway": null, "elevation_m": 14.602812767028809, "population": 24514.197265625 }, "geometry": { "type": "Point", "coordinates": [ 80.2297429, 13.0488525 ] } },
{ "type": "Feature", "properties": { "osmid": 298357531, "y": 13.0472479, "x": 80.2280038, "street_count": 3, "highway": null, "elevation_m": 14.683860778808594, "population": 24514.197265625 }, "geometry": { "type": "Point", "coordinates": [ 80.2280038, 13.0472479 ] } },
{ "type": "Feature", "properties": { "osmid": 298357535, "y": 13.0469299, "x": 80.2292843, "street_count": 1, "highway": null, "elevation_m": 17.178173065185547, "population": 24514.197265625 }, "geometry": { "type": "Point", "coordinates": [ 80.2292843, 13.0469299 ] } },
{ "type": "Feature", "properties": { "osmid": 298357539, "y": 13.046589, "x": 80.2292495, "street_count": 3, "highway": null, "elevation_m": 15.594286918640137, "population": 24514.197265625 }, "geometry": { "type": "Point", "coordinates": [ 80.2292495, 13.046589 ] } },
{ "type": "Feature", "properties": { "osmid": 298357540, "y": 13.0473797, "x": 80.2298513, "street_count": 3, "highway": null, "elevation_m": 14.192998886108398, "population": 24514.197265625 }, "geometry": { "type": "Point", "coordinates": [ 80.2298513, 13.0473797 ] } },
{ "type": "Feature", "properties": { "osmid": 298357541, "y": 13.0484879, "x": 80.2272452, "street_count": 3, "highway": null, "elevation_m": 12.744949340820312, "population": 24514.197265625 }, "geometry": { "type": "Point", "coordinates": [ 80.2272452, 13.0484879 ] } },
{ "type": "Feature", "properties": { "osmid": 298357542, "y": 13.0489919, "x": 80.2273709, "street_count": 1, "highway": null, "elevation_m": 12.724807739257812, "population": 24514.197265625 }, "geometry": { "type": "Point", "coordinates": [ 80.2273709, 13.0489919 ] } },
{ "type": "Feature", "properties": { "osmid": 298357544, "y": 13.0482878, "x": 80.2257896, "street_count": 3, "highway": null, "elevation_m": 15.865097999572754, "population": 24514.197265625 }, "geometry": { "type": "Point", "coordinates": [ 80.2257896, 13.0482878 ] } },
{ "type": "Feature", "properties": { "osmid": 298357549, "y": 13.0482541, "x": 80.225945, "street_count": 3, "highway": null, "elevation_m": 15.865097999572754, "population": 24514.197265625 }, "geometry": { "type": "Point", "coordinates": [ 80.225945, 13.0482541 ] } },
{ "type": "Feature", "properties": { "osmid": 298357552, "y": 13.0468667, "x": 80.2255679, "street_count": 3, "highway": null, "elevation_m": 11.668257713317871, "population": 24514.197265625 }, "geometry": { "type": "Point", "coordinates": [ 80.2255679, 13.0468667 ] } },
{ "type": "Feature", "properties": { "osmid": 298357553, "y": 13.0471558, "x": 80.2270297, "street_count": 3, "highway": null, "elevation_m": 14.103280067443848, "population": 24514.197265625 }, "geometry": { "type": "Point", "coordinates": [ 80.2270297, 13.0471558 ] } },
{ "type": "Feature", "properties": { "osmid": 298357554, "y": 13.0475675, "x": 80.2271238, "street_count": 1, "highway": null, "elevation_m": 13.557719230651855, "population": 24514.197265625 }, "geometry": { "type": "Point", "coordinates": [ 80.2271238, 13.0475675 ] } },
{ "type": "Feature", "properties": { "osmid": 298357555, "y": 13.0463504, "x": 80.2275738, "street_count": 3, "highway": null, "elevation_m": 13.951972961425781, "population": 24514.197265625 }, "geometry": { "type": "Point", "coordinates": [ 80.2275738, 13.0463504 ] } },
{ "type": "Feature", "properties": { "osmid": 298357556, "y": 13.0444919, "x": 80.2271459, "street_count": 3, "highway": null, "elevation_m": 13.654441833496094, "population": 24514.197265625 }, "geometry": { "type": "Point", "coordinates": [ 80.2271459, 13.0444919 ] } },
{ "type": "Feature", "properties": { "osmid": 298357557, "y": 13.046156, "x": 80.2283133, "street_count": 3, "highway": null, "elevation_m": 17.348062515258789, "population": 24514.197265625 }, "geometry": { "type": "Point", "coordinates": [ 80.2283133, 13.046156 ] } },
{ "type": "Feature", "properties": { "osmid": 298357558, "y": 13.0442671, "x": 80.2279075, "street_count": 3, "highway": null, "elevation_m": 16.863302230834961, "population": 24514.197265625 }, "geometry": { "type": "Point", "coordinates": [ 80.2279075, 13.0442671 ] } },
{ "type": "Feature", "properties": { "osmid": 298357559, "y": 13.0457591, "x": 80.2274236, "street_count": 3, "highway": null, "elevation_m": 15.169194221496582, "population": 24514.197265625 }, "geometry": { "type": "Point", "coordinates": [ 80.2274236, 13.0457591 ] } },
{ "type": "Feature", "properties": { "osmid": 298357561, "y": 13.0455592, "x": 80.2281854, "street_count": 4, "highway": null, "elevation_m": 19.726348876953125, "population": 24514.197265625 }, "geometry": { "type": "Point", "coordinates": [ 80.2281854, 13.0455592 ] } },
{ "type": "Feature", "properties": { "osmid": 298357562, "y": 13.045148, "x": 80.2272856, "street_count": 3, "highway": null, "elevation_m": 16.596710205078125, "population": 24514.197265625 }, "geometry": { "type": "Point", "coordinates": [ 80.2272856, 13.045148 ] } },
{ "type": "Feature", "properties": { "osmid": 298357563, "y": 13.0445362, "x": 80.2293646, "street_count": 3, "highway": null, "elevation_m": 11.163742065429688, "population": 24514.197265625 }, "geometry": { "type": "Point", "coordinates": [ 80.2293646, 13.0445362 ] } },
{ "type": "Feature", "properties": { "osmid": 298357564, "y": 13.0449272, "x": 80.2280579, "street_count": 4, "highway": null, "elevation_m": 16.012184143066406, "population": 24514.197265625 }, "geometry": { "type": "Point", "coordinates": [ 80.2280579, 13.0449272 ] } },
{ "type": "Feature", "properties": { "osmid": 298357565, "y": 13.044975, "x": 80.2272446, "street_count": 3, "highway": null, "elevation_m": 17.355571746826172, "population": 24514.197265625 }, "geometry": { "type": "Point", "coordinates": [ 80.2272446, 13.044975 ] } },
{ "type": "Feature", "properties": { "osmid": 298357568, "y": 13.0453453, "x": 80.2257841, "street_count": 4, "highway": null, "elevation_m": 15.721291542053223, "population": 24514.197265625 }, "geometry": { "type": "Point", "coordinates": [ 80.2257841, 13.0453453 ] } },
{ "type": "Feature", "properties": { "osmid": 298357571, "y": 13.0458015, "x": 80.2259208, "street_count": 4, "highway": null, "elevation_m": 15.296670913696289, "population": 24514.197265625 }, "geometry": { "type": "Point", "coordinates": [ 80.2259208, 13.0458015 ] } },
{ "type": "Feature", "properties": { "osmid": 298357572, "y": 13.0460127, "x": 80.2250624, "street_count": 3, "highway": null, "elevation_m": 15.846832275390625, "population": 24514.197265625 }, "geometry": { "type": "Point", "coordinates": [ 80.2250624, 13.0460127 ] } },
{ "type": "Feature", "properties": { "osmid": 298357573, "y": 13.0469468, "x": 80.2252741, "street_count": 3, "highway": null, "elevation_m": 13.963105201721191, "population": 24514.197265625 }, "geometry": { "type": "Point", "coordinates": [ 80.2252741, 13.0469468 ] } },
{ "type": "Feature", "properties": { "osmid": 298357574, "y": 13.0450927, "x": 80.2248381, "street_count": 3, "highway": null, "elevation_m": 14.415267944335938, "population": 24514.197265625 }, "geometry": { "type": "Point", "coordinates": [ 80.2248381, 13.0450927 ] } },
{ "type": "Feature", "properties": { "osmid": 298357575, "y": 13.0455614, "x": 80.2249543, "street_count": 3, "highway": null, "elevation_m": 13.929375648498535, "population": 24514.197265625 }, "geometry": { "type": "Point", "coordinates": [ 80.2249543, 13.0455614 ] } },
{ "type": "Feature", "properties": { "osmid": 298357576, "y": 13.0464462, "x": 80.2251771, "street_count": 3, "highway": null, "elevation_m": 12.658050537109375, "population": 24514.197265625 }, "geometry": { "type": "Point", "coordinates": [ 80.2251771, 13.0464462 ] } },
{ "type": "Feature", "properties": { "osmid": 298357579, "y": 13.0462303, "x": 80.2260615, "street_count": 4, "highway": null, "elevation_m": 14.474114418029785, "population": 24514.197265625 }, "geometry": { "type": "Point", "coordinates": [ 80.2260615, 13.0462303 ] } },
{ "type": "Feature", "properties": { "osmid": 298357581, "y": 13.045908, "x": 80.227461, "street_count": 3, "highway": null, "elevation_m": 15.169194221496582, "population": 24514.197265625 }, "geometry": { "type": "Point", "coordinates": [ 80.227461, 13.045908 ] } },
{ "type": "Feature", "properties": { "osmid": 298357582, "y": 13.0487393, "x": 80.2239329, "street_count": 1, "highway": null, "elevation_m": 14.870043754577637, "population": 24514.197265625 }, "geometry": { "type": "Point", "coordinates": [ 80.2239329, 13.0487393 ] } },
{ "type": "Feature", "properties": { "osmid": 298357583, "y": 13.0488103, "x": 80.2231876, "street_count": 3, "highway": null, "elevation_m": 15.79520320892334, "population": 26320.1796875 }, "geometry": { "type": "Point", "coordinates": [ 80.2231876, 13.0488103 ] } },
{ "type": "Feature", "properties": { "osmid": 298357585, "y": 13.0478506, "x": 80.2244106, "street_count": 1, "highway": null, "elevation_m": 14.441632270812988, "population": 24514.197265625 }, "geometry": { "type": "Point", "coordinates": [ 80.2244106, 13.0478506 ] } },
{ "type": "Feature", "properties": { "osmid": 298357589, "y": 13.0471807, "x": 80.2242398, "street_count": 3, "highway": null, "elevation_m": 13.409515380859375, "population": 24514.197265625 }, "geometry": { "type": "Point", "coordinates": [ 80.2242398, 13.0471807 ] } },
{ "type": "Feature", "properties": { "osmid": 298357590, "y": 13.0453451, "x": 80.2237853, "street_count": 3, "highway": null, "elevation_m": 15.06932258605957, "population": 24514.197265625 }, "geometry": { "type": "Point", "coordinates": [ 80.2237853, 13.0453451 ] } },
{ "type": "Feature", "properties": { "osmid": 298357591, "y": 13.0465943, "x": 80.2240965, "street_count": 3, "highway": null, "elevation_m": 15.135143280029297, "population": 24514.197265625 }, "geometry": { "type": "Point", "coordinates": [ 80.2240965, 13.0465943 ] } },
{ "type": "Feature", "properties": { "osmid": 298357592, "y": 13.0468913, "x": 80.2228209, "street_count": 1, "highway": null, "elevation_m": 13.86373233795166, "population": 26320.1796875 }, "geometry": { "type": "Point", "coordinates": [ 80.2228209, 13.0468913 ] } },
{ "type": "Feature", "properties": { "osmid": 298357593, "y": 13.046252, "x": 80.2225831, "street_count": 3, "highway": null, "elevation_m": 14.208042144775391, "population": 26320.1796875 }, "geometry": { "type": "Point", "coordinates": [ 80.2225831, 13.046252 ] } },
{ "type": "Feature", "properties": { "osmid": 298357594, "y": 13.0459467, "x": 80.2239439, "street_count": 3, "highway": null, "elevation_m": 14.096616744995117, "population": 24514.197265625 }, "geometry": { "type": "Point", "coordinates": [ 80.2239439, 13.0459467 ] } },
{ "type": "Feature", "properties": { "osmid": 298357595, "y": 13.0452124, "x": 80.2243219, "street_count": 3, "highway": null, "elevation_m": 14.824840545654297, "population": 24514.197265625 }, "geometry": { "type": "Point", "coordinates": [ 80.2243219, 13.0452124 ] } },
{ "type": "Feature", "properties": { "osmid": 298357596, "y": 13.0530217, "x": 80.2229493, "street_count": 1, "highway": null, "elevation_m": 14.178837776184082, "population": 16902.220703125 }, "geometry": { "type": "Point", "coordinates": [ 80.2229493, 13.0530217 ] } },
{ "type": "Feature", "properties": { "osmid": 298357598, "y": 13.0514893, "x": 80.2228574, "street_count": 4, "highway": null, "elevation_m": 13.472993850708008, "population": 16902.220703125 }, "geometry": { "type": "Point", "coordinates": [ 80.2228574, 13.0514893 ] } },
{ "type": "Feature", "properties": { "osmid": 298357600, "y": 13.05044, "x": 80.2217247, "street_count": 3, "highway": null, "elevation_m": 14.221612930297852, "population": 16902.220703125 }, "geometry": { "type": "Point", "coordinates": [ 80.2217247, 13.05044 ] } },
{ "type": "Feature", "properties": { "osmid": 298357601, "y": 13.0489358, "x": 80.2216089, "street_count": 3, "highway": null, "elevation_m": 12.364480972290039, "population": 26320.1796875 }, "geometry": { "type": "Point", "coordinates": [ 80.2216089, 13.0489358 ] } },
{ "type": "Feature", "properties": { "osmid": 298357602, "y": 13.0484009, "x": 80.2215609, "street_count": 3, "highway": null, "elevation_m": 14.142624855041504, "population": 26320.1796875 }, "geometry": { "type": "Point", "coordinates": [ 80.2215609, 13.0484009 ] } },
{ "type": "Feature", "properties": { "osmid": 298357603, "y": 13.0488968, "x": 80.2223317, "street_count": 3, "highway": null, "elevation_m": 16.560205459594727, "population": 26320.1796875 }, "geometry": { "type": "Point", "coordinates": [ 80.2223317, 13.0488968 ] } },
{ "type": "Feature", "properties": { "osmid": 298357605, "y": 13.0502961, "x": 80.2234677, "street_count": 3, "highway": null, "elevation_m": 15.046680450439453, "population": 16902.220703125 }, "geometry": { "type": "Point", "coordinates": [ 80.2234677, 13.0502961 ] } },
{ "type": "Feature", "properties": { "osmid": 298357607, "y": 13.050771, "x": 80.2217599, "street_count": 3, "highway": null, "elevation_m": 13.08769416809082, "population": 16902.220703125 }, "geometry": { "type": "Point", "coordinates": [ 80.2217599, 13.050771 ] } },
{ "type": "Feature", "properties": { "osmid": 298357612, "y": 13.0506747, "x": 80.2235485, "street_count": 3, "highway": null, "elevation_m": 14.428310394287109, "population": 16902.220703125 }, "geometry": { "type": "Point", "coordinates": [ 80.2235485, 13.0506747 ] } },
{ "type": "Feature", "properties": { "osmid": 298357613, "y": 13.0528802, "x": 80.2223997, "street_count": 1, "highway": null, "elevation_m": 14.431203842163086, "population": 16902.220703125 }, "geometry": { "type": "Point", "coordinates": [ 80.2223997, 13.0528802 ] } },
{ "type": "Feature", "properties": { "osmid": 298357615, "y": 13.0515697, "x": 80.2221429, "street_count": 3, "highway": null, "elevation_m": 13.850006103515625, "population": 16902.220703125 }, "geometry": { "type": "Point", "coordinates": [ 80.2221429, 13.0515697 ] } },
{ "type": "Feature", "properties": { "osmid": 298357620, "y": 13.0520012, "x": 80.2218404, "street_count": 3, "highway": null, "elevation_m": 16.181270599365234, "population": 16902.220703125 }, "geometry": { "type": "Point", "coordinates": [ 80.2218404, 13.0520012 ] } },
{ "type": "Feature", "properties": { "osmid": 298357621, "y": 13.0515516, "x": 80.220172, "street_count": 4, "highway": null, "elevation_m": 12.949158668518066, "population": 16902.220703125 }, "geometry": { "type": "Point", "coordinates": [ 80.220172, 13.0515516 ] } },
{ "type": "Feature", "properties": { "osmid": 298357622, "y": 13.0512489, "x": 80.2189715, "street_count": 3, "highway": null, "elevation_m": 16.306177139282227, "population": 16902.220703125 }, "geometry": { "type": "Point", "coordinates": [ 80.2189715, 13.0512489 ] } },
{ "type": "Feature", "properties": { "osmid": 298357623, "y": 13.0488121, "x": 80.2186691, "street_count": 4, "highway": null, "elevation_m": 15.042475700378418, "population": 26320.1796875 }, "geometry": { "type": "Point", "coordinates": [ 80.2186691, 13.0488121 ] } },
{ "type": "Feature", "properties": { "osmid": 298357624, "y": 13.0468344, "x": 80.2183357, "street_count": 3, "highway": null, "elevation_m": 16.105327606201172, "population": 26320.1796875 }, "geometry": { "type": "Point", "coordinates": [ 80.2183357, 13.0468344 ] } },
{ "type": "Feature", "properties": { "osmid": 298357626, "y": 13.050806, "x": 80.2176371, "street_count": 3, "highway": null, "elevation_m": 16.937450408935547, "population": 16902.220703125 }, "geometry": { "type": "Point", "coordinates": [ 80.2176371, 13.050806 ] } },
{ "type": "Feature", "properties": { "osmid": 298357627, "y": 13.0492414, "x": 80.2175643, "street_count": 3, "highway": null, "elevation_m": 15.050980567932129, "population": 26320.1796875 }, "geometry": { "type": "Point", "coordinates": [ 80.2175643, 13.0492414 ] } },
{ "type": "Feature", "properties": { "osmid": 298357629, "y": 13.0505438, "x": 80.2176238, "street_count": 3, "highway": null, "elevation_m": 15.66767692565918, "population": 16902.220703125 }, "geometry": { "type": "Point", "coordinates": [ 80.2176238, 13.0505438 ] } },
{ "type": "Feature", "properties": { "osmid": 298357633, "y": 13.0496455, "x": 80.2175784, "street_count": 3, "highway": null, "elevation_m": 16.452404022216797, "population": 16902.220703125 }, "geometry": { "type": "Point", "coordinates": [ 80.2175784, 13.0496455 ] } },
{ "type": "Feature", "properties": { "osmid": 298357636, "y": 13.0500424, "x": 80.2175985, "street_count": 3, "highway": null, "elevation_m": 15.626751899719238, "population": 16902.220703125 }, "geometry": { "type": "Point", "coordinates": [ 80.2175985, 13.0500424 ] } },
{ "type": "Feature", "properties": { "osmid": 298357638, "y": 13.0508896, "x": 80.2189196, "street_count": 3, "highway": null, "elevation_m": 14.641127586364746, "population": 16902.220703125 }, "geometry": { "type": "Point", "coordinates": [ 80.2189196, 13.0508896 ] } },
{ "type": "Feature", "properties": { "osmid": 298357640, "y": 13.0516125, "x": 80.2189781, "street_count": 3, "highway": null, "elevation_m": 13.707056999206543, "population": 16902.220703125 }, "geometry": { "type": "Point", "coordinates": [ 80.2189781, 13.0516125 ] } },
{ "type": "Feature", "properties": { "osmid": 298357642, "y": 13.0515951, "x": 80.2179601, "street_count": 3, "highway": null, "elevation_m": 11.521814346313477, "population": 16902.220703125 }, "geometry": { "type": "Point", "coordinates": [ 80.2179601, 13.0515951 ] } },
{ "type": "Feature", "properties": { "osmid": 298357643, "y": 13.05077, "x": 80.2188827, "street_count": 3, "highway": null, "elevation_m": 14.641127586364746, "population": 16902.220703125 }, "geometry": { "type": "Point", "coordinates": [ 80.2188827, 13.05077 ] } },
{ "type": "Feature", "properties": { "osmid": 298357650, "y": 13.0510685, "x": 80.2200463, "street_count": 3, "highway": null, "elevation_m": 12.813061714172363, "population": 16902.220703125 }, "geometry": { "type": "Point", "coordinates": [ 80.2200463, 13.0510685 ] } },
{ "type": "Feature", "properties": { "osmid": 298357657, "y": 13.0504082, "x": 80.218862, "street_count": 3, "highway": null, "elevation_m": 13.828680038452148, "population": 16902.220703125 }, "geometry": { "type": "Point", "coordinates": [ 80.218862, 13.0504082 ] } },
{ "type": "Feature", "properties": { "osmid": 298357662, "y": 13.0503224, "x": 80.2198173, "street_count": 3, "highway": null, "elevation_m": 15.867719650268555, "population": 16902.220703125 }, "geometry": { "type": "Point", "coordinates": [ 80.2198173, 13.0503224 ] } },
{ "type": "Feature", "properties": { "osmid": 298357667, "y": 13.0501966, "x": 80.2212374, "street_count": 3, "highway": null, "elevation_m": 13.556330680847168, "population": 16902.220703125 }, "geometry": { "type": "Point", "coordinates": [ 80.2212374, 13.0501966 ] } },
{ "type": "Feature", "properties": { "osmid": 298357672, "y": 13.0509952, "x": 80.2217647, "street_count": 3, "highway": null, "elevation_m": 15.20226001739502, "population": 16902.220703125 }, "geometry": { "type": "Point", "coordinates": [ 80.2217647, 13.0509952 ] } },
{ "type": "Feature", "properties": { "osmid": 298357683, "y": 13.0517344, "x": 80.2208493, "street_count": 3, "highway": null, "elevation_m": 13.241353988647461, "population": 16902.220703125 }, "geometry": { "type": "Point", "coordinates": [ 80.2208493, 13.0517344 ] } },
{ "type": "Feature", "properties": { "osmid": 298357688, "y": 13.0496963, "x": 80.2206208, "street_count": 3, "highway": null, "elevation_m": 14.484397888183594, "population": 16902.220703125 }, "geometry": { "type": "Point", "coordinates": [ 80.2206208, 13.0496963 ] } },
{ "type": "Feature", "properties": { "osmid": 298357692, "y": 13.0495914, "x": 80.2216521, "street_count": 3, "highway": null, "elevation_m": 12.341205596923828, "population": 16902.220703125 }, "geometry": { "type": "Point", "coordinates": [ 80.2216521, 13.0495914 ] } },
{ "type": "Feature", "properties": { "osmid": 298357693, "y": 13.0498173, "x": 80.2187964, "street_count": 3, "highway": null, "elevation_m": 13.584516525268555, "population": 16902.220703125 }, "geometry": { "type": "Point", "coordinates": [ 80.2187964, 13.0498173 ] } },
{ "type": "Feature", "properties": { "osmid": 298357694, "y": 13.0494773, "x": 80.2187601, "street_count": 3, "highway": null, "elevation_m": 13.118234634399414, "population": 26320.1796875 }, "geometry": { "type": "Point", "coordinates": [ 80.2187601, 13.0494773 ] } },
{ "type": "Feature", "properties": { "osmid": 298357696, "y": 13.0510378, "x": 80.2213242, "street_count": 3, "highway": null, "elevation_m": 14.15611743927002, "population": 16902.220703125 }, "geometry": { "type": "Point", "coordinates": [ 80.2213242, 13.0510378 ] } },
{ "type": "Feature", "properties": { "osmid": 298357697, "y": 13.0486715, "x": 80.22108, "street_count": 3, "highway": null, "elevation_m": 16.109096527099609, "population": 26320.1796875 }, "geometry": { "type": "Point", "coordinates": [ 80.22108, 13.0486715 ] } },
{ "type": "Feature", "properties": { "osmid": 298357699, "y": 13.0489806, "x": 80.2211119, "street_count": 3, "highway": null, "elevation_m": 13.835866928100586, "population": 26320.1796875 }, "geometry": { "type": "Point", "coordinates": [ 80.2211119, 13.0489806 ] } },
{ "type": "Feature", "properties": { "osmid": 298357712, "y": 13.0487855, "x": 80.2190719, "street_count": 3, "highway": null, "elevation_m": 14.227227210998535, "population": 26320.1796875 }, "geometry": { "type": "Point", "coordinates": [ 80.2190719, 13.0487855 ] } },
{ "type": "Feature", "properties": { "osmid": 298357721, "y": 13.0499289, "x": 80.2212097, "street_count": 3, "highway": null, "elevation_m": 15.301143646240234, "population": 16902.220703125 }, "geometry": { "type": "Point", "coordinates": [ 80.2212097, 13.0499289 ] } },
{ "type": "Feature", "properties": { "osmid": 298357722, "y": 13.0499818, "x": 80.220646, "street_count": 3, "highway": null, "elevation_m": 14.906855583190918, "population": 16902.220703125 }, "geometry": { "type": "Point", "coordinates": [ 80.220646, 13.0499818 ] } },
{ "type": "Feature", "properties": { "osmid": 298357729, "y": 13.0501193, "x": 80.2188347, "street_count": 3, "highway": null, "elevation_m": 13.459210395812988, "population": 16902.220703125 }, "geometry": { "type": "Point", "coordinates": [ 80.2188347, 13.0501193 ] } },
{ "type": "Feature", "properties": { "osmid": 298357733, "y": 13.0503686, "x": 80.2191806, "street_count": 3, "highway": null, "elevation_m": 13.553372383117676, "population": 16902.220703125 }, "geometry": { "type": "Point", "coordinates": [ 80.2191806, 13.0503686 ] } },
{ "type": "Feature", "properties": { "osmid": 298357750, "y": 13.050468, "x": 80.2212654, "street_count": 3, "highway": null, "elevation_m": 13.490164756774902, "population": 16902.220703125 }, "geometry": { "type": "Point", "coordinates": [ 80.2212654, 13.050468 ] } },
{ "type": "Feature", "properties": { "osmid": 298357758, "y": 13.0506323, "x": 80.2199123, "street_count": 3, "highway": null, "elevation_m": 13.911545753479004, "population": 16902.220703125 }, "geometry": { "type": "Point", "coordinates": [ 80.2199123, 13.0506323 ] } },
{ "type": "Feature", "properties": { "osmid": 298357765, "y": 13.0505909, "x": 80.2202531, "street_count": 3, "highway": null, "elevation_m": 14.742027282714844, "population": 16902.220703125 }, "geometry": { "type": "Point", "coordinates": [ 80.2202531, 13.0505909 ] } },
{ "type": "Feature", "properties": { "osmid": 298357776, "y": 13.0507493, "x": 80.2212944, "street_count": 3, "highway": null, "elevation_m": 13.933694839477539, "population": 16902.220703125 }, "geometry": { "type": "Point", "coordinates": [ 80.2212944, 13.0507493 ] } },
{ "type": "Feature", "properties": { "osmid": 298357782, "y": 13.0463467, "x": 80.2213394, "street_count": 3, "highway": null, "elevation_m": 16.908748626708984, "population": 26320.1796875 }, "geometry": { "type": "Point", "coordinates": [ 80.2213394, 13.0463467 ] } },
{ "type": "Feature", "properties": { "osmid": 298357787, "y": 13.0470812, "x": 80.2214222, "street_count": 3, "highway": null, "elevation_m": 14.802755355834961, "population": 26320.1796875 }, "geometry": { "type": "Point", "coordinates": [ 80.2214222, 13.0470812 ] } },
{ "type": "Feature", "properties": { "osmid": 298357792, "y": 13.04743, "x": 80.2189965, "street_count": 3, "highway": null, "elevation_m": 16.242969512939453, "population": 26320.1796875 }, "geometry": { "type": "Point", "coordinates": [ 80.2189965, 13.04743 ] } },
{ "type": "Feature", "properties": { "osmid": 298357796, "y": 13.0460911, "x": 80.2225785, "street_count": 3, "highway": null, "elevation_m": 15.53399658203125, "population": 26320.1796875 }, "geometry": { "type": "Point", "coordinates": [ 80.2225785, 13.0460911 ] } },
{ "type": "Feature", "properties": { "osmid": 298357800, "y": 13.0467594, "x": 80.2188113, "street_count": 4, "highway": null, "elevation_m": 13.759056091308594, "population": 26320.1796875 }, "geometry": { "type": "Point", "coordinates": [ 80.2188113, 13.0467594 ] } },
{ "type": "Feature", "properties": { "osmid": 298357802, "y": 13.0478235, "x": 80.2185213, "street_count": 3, "highway": null, "elevation_m": 17.161855697631836, "population": 26320.1796875 }, "geometry": { "type": "Point", "coordinates": [ 80.2185213, 13.0478235 ] } },
{ "type": "Feature", "properties": { "osmid": 298357804, "y": 13.0483204, "x": 80.2186151, "street_count": 3, "highway": null, "elevation_m": 13.631157875061035, "population": 26320.1796875 }, "geometry": { "type": "Point", "coordinates": [ 80.2186151, 13.0483204 ] } },
{ "type": "Feature", "properties": { "osmid": 298357808, "y": 13.0484421, "x": 80.2175059, "street_count": 4, "highway": null, "elevation_m": 15.622601509094238, "population": 26320.1796875 }, "geometry": { "type": "Point", "coordinates": [ 80.2175059, 13.0484421 ] } },
{ "type": "Feature", "properties": { "osmid": 298357821, "y": 13.0473288, "x": 80.2214501, "street_count": 3, "highway": null, "elevation_m": 14.190577507019043, "population": 26320.1796875 }, "geometry": { "type": "Point", "coordinates": [ 80.2214501, 13.0473288 ] } },
{ "type": "Feature", "properties": { "osmid": 298357823, "y": 13.0470182, "x": 80.222728, "street_count": 3, "highway": null, "elevation_m": 13.86373233795166, "population": 26320.1796875 }, "geometry": { "type": "Point", "coordinates": [ 80.222728, 13.0470182 ] } },
{ "type": "Feature", "properties": { "osmid": 298357828, "y": 13.0468272, "x": 80.2213936, "street_count": 3, "highway": null, "elevation_m": 14.802755355834961, "population": 26320.1796875 }, "geometry": { "type": "Point", "coordinates": [ 80.2213936, 13.0468272 ] } },
{ "type": "Feature", "properties": { "osmid": 298357835, "y": 13.0456715, "x": 80.2225066, "street_count": 3, "highway": null, "elevation_m": 11.810951232910156, "population": 26320.1796875 }, "geometry": { "type": "Point", "coordinates": [ 80.2225066, 13.0456715 ] } },
{ "type": "Feature", "properties": { "osmid": 298357837, "y": 13.0450383, "x": 80.2223902, "street_count": 3, "highway": null, "elevation_m": 15.654160499572754, "population": 26320.1796875 }, "geometry": { "type": "Point", "coordinates": [ 80.2223902, 13.0450383 ] } },
{ "type": "Feature", "properties": { "osmid": 298357843, "y": 13.0442423, "x": 80.2222759, "street_count": 4, "highway": null, "elevation_m": 13.254730224609375, "population": 26320.1796875 }, "geometry": { "type": "Point", "coordinates": [ 80.2222759, 13.0442423 ] } },
{ "type": "Feature", "properties": { "osmid": 298357854, "y": 13.0462357, "x": 80.2218774, "street_count": 3, "highway": null, "elevation_m": 17.047344207763672, "population": 26320.1796875 }, "geometry": { "type": "Point", "coordinates": [ 80.2218774, 13.0462357 ] } },
{ "type": "Feature", "properties": { "osmid": 298357859, "y": 13.0443434, "x": 80.2215294, "street_count": 4, "highway": null, "elevation_m": 14.934483528137207, "population": 26320.1796875 }, "geometry": { "type": "Point", "coordinates": [ 80.2215294, 13.0443434 ] } },
{ "type": "Feature", "properties": { "osmid": 298357864, "y": 13.0430598, "x": 80.2213102, "street_count": 3, "highway": null, "elevation_m": 12.761402130126953, "population": 26320.1796875 }, "geometry": { "type": "Point", "coordinates": [ 80.2213102, 13.0430598 ] } },
{ "type": "Feature", "properties": { "osmid": 298357868, "y": 13.0465813, "x": 80.2198813, "street_count": 3, "highway": null, "elevation_m": 13.652511596679688, "population": 26320.1796875 }, "geometry": { "type": "Point", "coordinates": [ 80.2198813, 13.0465813 ] } },
{ "type": "Feature", "properties": { "osmid": 298357872, "y": 13.0447172, "x": 80.2197046, "street_count": 3, "highway": null, "elevation_m": 15.178006172180176, "population": 26320.1796875 }, "geometry": { "type": "Point", "coordinates": [ 80.2197046, 13.0447172 ] } },
{ "type": "Feature", "properties": { "osmid": 298357876, "y": 13.0502493, "x": 80.2206696, "street_count": 4, "highway": null, "elevation_m": 14.838699340820312, "population": 16902.220703125 }, "geometry": { "type": "Point", "coordinates": [ 80.2206696, 13.0502493 ] } },
{ "type": "Feature", "properties": { "osmid": 298357880, "y": 13.0505372, "x": 80.2206949, "street_count": 4, "highway": null, "elevation_m": 13.377738952636719, "population": 16902.220703125 }, "geometry": { "type": "Point", "coordinates": [ 80.2206949, 13.0505372 ] } },
{ "type": "Feature", "properties": { "osmid": 298357884, "y": 13.050813, "x": 80.2207192, "street_count": 4, "highway": null, "elevation_m": 13.853769302368164, "population": 16902.220703125 }, "geometry": { "type": "Point", "coordinates": [ 80.2207192, 13.050813 ] } },
{ "type": "Feature", "properties": { "osmid": 298357889, "y": 13.0510939, "x": 80.220744, "street_count": 4, "highway": null, "elevation_m": 13.6080322265625, "population": 16902.220703125 }, "geometry": { "type": "Point", "coordinates": [ 80.220744, 13.0510939 ] } },
{ "type": "Feature", "properties": { "osmid": 298357892, "y": 13.0496394, "x": 80.2211799, "street_count": 4, "highway": null, "elevation_m": 16.25599479675293, "population": 16902.220703125 }, "geometry": { "type": "Point", "coordinates": [ 80.2211799, 13.0496394 ] } },
{ "type": "Feature", "properties": { "osmid": 298357900, "y": 13.0497936, "x": 80.2196641, "street_count": 3, "highway": null, "elevation_m": 12.551854133605957, "population": 16902.220703125 }, "geometry": { "type": "Point", "coordinates": [ 80.2196641, 13.0497936 ] } },
{ "type": "Feature", "properties": { "osmid": 298357906, "y": 13.0494601, "x": 80.2195751, "street_count": 3, "highway": null, "elevation_m": 13.685362815856934, "population": 26320.1796875 }, "geometry": { "type": "Point", "coordinates": [ 80.2195751, 13.0494601 ] } },
{ "type": "Feature", "properties": { "osmid": 298357912, "y": 13.0491421, "x": 80.2194851, "street_count": 3, "highway": null, "elevation_m": 14.838348388671875, "population": 26320.1796875 }, "geometry": { "type": "Point", "coordinates": [ 80.2194851, 13.0491421 ] } },
{ "type": "Feature", "properties": { "osmid": 298357927, "y": 13.0461131, "x": 80.2176835, "street_count": 3, "highway": null, "elevation_m": 16.150775909423828, "population": 26320.1796875 }, "geometry": { "type": "Point", "coordinates": [ 80.2176835, 13.0461131 ] } },
{ "type": "Feature", "properties": { "osmid": 298357939, "y": 13.0453275, "x": 80.2175158, "street_count": 3, "highway": null, "elevation_m": 15.763879776000977, "population": 26320.1796875 }, "geometry": { "type": "Point", "coordinates": [ 80.2175158, 13.0453275 ] } },
{ "type": "Feature", "properties": { "osmid": 298357941, "y": 13.0460786, "x": 80.2183388, "street_count": 4, "highway": null, "elevation_m": 14.853569030761719, "population": 26320.1796875 }, "geometry": { "type": "Point", "coordinates": [ 80.2183388, 13.0460786 ] } },
{ "type": "Feature", "properties": { "osmid": 298357942, "y": 13.0468058, "x": 80.2185175, "street_count": 3, "highway": null, "elevation_m": 17.047735214233398, "population": 26320.1796875 }, "geometry": { "type": "Point", "coordinates": [ 80.2185175, 13.0468058 ] } },
{ "type": "Feature", "properties": { "osmid": 298357945, "y": 13.0434705, "x": 80.2178126, "street_count": 4, "highway": null, "elevation_m": 13.126225471496582, "population": 26320.1796875 }, "geometry": { "type": "Point", "coordinates": [ 80.2178126, 13.0434705 ] } },
{ "type": "Feature", "properties": { "osmid": 298357947, "y": 13.044593, "x": 80.2180109, "street_count": 3, "highway": null, "elevation_m": 14.831727981567383, "population": 26320.1796875 }, "geometry": { "type": "Point", "coordinates": [ 80.2180109, 13.044593 ] } },
{ "type": "Feature", "properties": { "osmid": 298357948, "y": 13.0437155, "x": 80.2187469, "street_count": 4, "highway": null, "elevation_m": 14.556186676025391, "population": 26320.1796875 }, "geometry": { "type": "Point", "coordinates": [ 80.2187469, 13.0437155 ] } },
{ "type": "Feature", "properties": { "osmid": 298357949, "y": 13.0444741, "x": 80.2189487, "street_count": 1, "highway": null, "elevation_m": 13.918730735778809, "population": 26320.1796875 }, "geometry": { "type": "Point", "coordinates": [ 80.2189487, 13.0444741 ] } },
{ "type": "Feature", "properties": { "osmid": 298357950, "y": 13.0447682, "x": 80.2194451, "street_count": 3, "highway": null, "elevation_m": 15.143248558044434, "population": 26320.1796875 }, "geometry": { "type": "Point", "coordinates": [ 80.2194451, 13.0447682 ] } },
{ "type": "Feature", "properties": { "osmid": 298357951, "y": 13.0435844, "x": 80.219145, "street_count": 3, "highway": null, "elevation_m": 14.19936466217041, "population": 26320.1796875 }, "geometry": { "type": "Point", "coordinates": [ 80.219145, 13.0435844 ] } },
{ "type": "Feature", "properties": { "osmid": 298357952, "y": 13.0444126, "x": 80.2189339, "street_count": 3, "highway": null, "elevation_m": 13.918730735778809, "population": 26320.1796875 }, "geometry": { "type": "Point", "coordinates": [ 80.2189339, 13.0444126 ] } },
{ "type": "Feature", "properties": { "osmid": 298357953, "y": 13.04361, "x": 80.2205147, "street_count": 1, "highway": null, "elevation_m": 15.931761741638184, "population": 26320.1796875 }, "geometry": { "type": "Point", "coordinates": [ 80.2205147, 13.04361 ] } },
{ "type": "Feature", "properties": { "osmid": 298357954, "y": 13.0445132, "x": 80.2206616, "street_count": 4, "highway": null, "elevation_m": 14.317478179931641, "population": 26320.1796875 }, "geometry": { "type": "Point", "coordinates": [ 80.2206616, 13.0445132 ] } },
{ "type": "Feature", "properties": { "osmid": 298357955, "y": 13.0447628, "x": 80.2207051, "street_count": 3, "highway": null, "elevation_m": 15.752991676330566, "population": 26320.1796875 }, "geometry": { "type": "Point", "coordinates": [ 80.2207051, 13.0447628 ] } },
{ "type": "Feature", "properties": { "osmid": 298357956, "y": 13.0445999, "x": 80.221574, "street_count": 3, "highway": null, "elevation_m": 13.504559516906738, "population": 26320.1796875 }, "geometry": { "type": "Point", "coordinates": [ 80.221574, 13.0445999 ] } },
{ "type": "Feature", "properties": { "osmid": 298357957, "y": 13.0444238, "x": 80.22109, "street_count": 3, "highway": null, "elevation_m": 13.865632057189941, "population": 26320.1796875 }, "geometry": { "type": "Point", "coordinates": [ 80.22109, 13.0444238 ] } },
{ "type": "Feature", "properties": { "osmid": 298357961, "y": 13.0446476, "x": 80.2200059, "street_count": 3, "highway": null, "elevation_m": 14.06181812286377, "population": 26320.1796875 }, "geometry": { "type": "Point", "coordinates": [ 80.2200059, 13.0446476 ] } },
{ "type": "Feature", "properties": { "osmid": 298357962, "y": 13.0440729, "x": 80.21988, "street_count": 1, "highway": null, "elevation_m": 15.159467697143555, "population": 26320.1796875 }, "geometry": { "type": "Point", "coordinates": [ 80.21988, 13.0440729 ] } },
{ "type": "Feature", "properties": { "osmid": 298357965, "y": 13.0466469, "x": 80.2194517, "street_count": 3, "highway": null, "elevation_m": 14.821806907653809, "population": 26320.1796875 }, "geometry": { "type": "Point", "coordinates": [ 80.2194517, 13.0466469 ] } },
{ "type": "Feature", "properties": { "osmid": 298357966, "y": 13.0448484, "x": 80.2192776, "street_count": 3, "highway": null, "elevation_m": 15.817802429199219, "population": 26320.1796875 }, "geometry": { "type": "Point", "coordinates": [ 80.2192776, 13.0448484 ] } },
{ "type": "Feature", "properties": { "osmid": 298357967, "y": 13.0467175, "x": 80.2190674, "street_count": 3, "highway": null, "elevation_m": 14.533392906188965, "population": 26320.1796875 }, "geometry": { "type": "Point", "coordinates": [ 80.2190674, 13.0467175 ] } },
{ "type": "Feature", "properties": { "osmid": 298357970, "y": 13.0463818, "x": 80.2211472, "street_count": 3, "highway": null, "elevation_m": 16.542549133300781, "population": 26320.1796875 }, "geometry": { "type": "Point", "coordinates": [ 80.2211472, 13.0463818 ] } },
{ "type": "Feature", "properties": { "osmid": 298357971, "y": 13.0458776, "x": 80.221042, "street_count": 4, "highway": null, "elevation_m": 18.924068450927734, "population": 26320.1796875 }, "geometry": { "type": "Point", "coordinates": [ 80.221042, 13.0458776 ] } },
{ "type": "Feature", "properties": { "osmid": 298357972, "y": 13.0451418, "x": 80.2209399, "street_count": 1, "highway": null, "elevation_m": 17.383649826049805, "population": 26320.1796875 }, "geometry": { "type": "Point", "coordinates": [ 80.2209399, 13.0451418 ] } },
{ "type": "Feature", "properties": { "osmid": 298357973, "y": 13.0446748, "x": 80.2223454, "street_count": 3, "highway": null, "elevation_m": 14.405455589294434, "population": 26320.1796875 }, "geometry": { "type": "Point", "coordinates": [ 80.2223454, 13.0446748 ] } },
{ "type": "Feature", "properties": { "osmid": 298357974, "y": 13.0448239, "x": 80.221613, "street_count": 3, "highway": null, "elevation_m": 13.504559516906738, "population": 26320.1796875 }, "geometry": { "type": "Point", "coordinates": [ 80.221613, 13.0448239 ] } },
{ "type": "Feature", "properties": { "osmid": 298357975, "y": 13.0441883, "x": 80.2242129, "street_count": 1, "highway": null, "elevation_m": 18.014114379882812, "population": 24514.197265625 }, "geometry": { "type": "Point", "coordinates": [ 80.2242129, 13.0441883 ] } },
{ "type": "Feature", "properties": { "osmid": 298357976, "y": 13.0445611, "x": 80.2223285, "street_count": 3, "highway": null, "elevation_m": 15.123517990112305, "population": 26320.1796875 }, "geometry": { "type": "Point", "coordinates": [ 80.2223285, 13.0445611 ] } },
{ "type": "Feature", "properties": { "osmid": 298357978, "y": 13.0441237, "x": 80.2261883, "street_count": 3, "highway": null, "elevation_m": 13.762274742126465, "population": 24514.197265625 }, "geometry": { "type": "Point", "coordinates": [ 80.2261883, 13.0441237 ] } },
{ "type": "Feature", "properties": { "osmid": 298357980, "y": 13.0420348, "x": 80.2256334, "street_count": 3, "highway": null, "elevation_m": 13.548937797546387, "population": 24514.197265625 }, "geometry": { "type": "Point", "coordinates": [ 80.2256334, 13.0420348 ] } },
{ "type": "Feature", "properties": { "osmid": 298357981, "y": 13.0433463, "x": 80.2280925, "street_count": 3, "highway": null, "elevation_m": 14.782025337219238, "population": 24514.197265625 }, "geometry": { "type": "Point", "coordinates": [ 80.2280925, 13.0433463 ] } },
{ "type": "Feature", "properties": { "osmid": 298357985, "y": 13.044137, "x": 80.2283625, "street_count": 3, "highway": null, "elevation_m": 16.193943023681641, "population": 24514.197265625 }, "geometry": { "type": "Point", "coordinates": [ 80.2283625, 13.044137 ] } },
{ "type": "Feature", "properties": { "osmid": 298357986, "y": 13.0437084, "x": 80.228221, "street_count": 3, "highway": null, "elevation_m": 14.803064346313477, "population": 24514.197265625 }, "geometry": { "type": "Point", "coordinates": [ 80.228221, 13.0437084 ] } },
{ "type": "Feature", "properties": { "osmid": 298357988, "y": 13.0446606, "x": 80.2265069, "street_count": 3, "highway": null, "elevation_m": 16.95611572265625, "population": 24514.197265625 }, "geometry": { "type": "Point", "coordinates": [ 80.2265069, 13.0446606 ] } },
{ "type": "Feature", "properties": { "osmid": 298357989, "y": 13.0425071, "x": 80.2289005, "street_count": 3, "highway": null, "elevation_m": 13.216043472290039, "population": 24514.197265625 }, "geometry": { "type": "Point", "coordinates": [ 80.2289005, 13.0425071 ] } },
{ "type": "Feature", "properties": { "osmid": 298357990, "y": 13.0427578, "x": 80.2277422, "street_count": 1, "highway": null, "elevation_m": 14.55731201171875, "population": 24514.197265625 }, "geometry": { "type": "Point", "coordinates": [ 80.2277422, 13.0427578 ] } },
{ "type": "Feature", "properties": { "osmid": 298357992, "y": 13.0418668, "x": 80.2287127, "street_count": 3, "highway": null, "elevation_m": 14.042350769042969, "population": 24514.197265625 }, "geometry": { "type": "Point", "coordinates": [ 80.2287127, 13.0418668 ] } },
{ "type": "Feature", "properties": { "osmid": 298357993, "y": 13.0428322, "x": 80.225821, "street_count": 3, "highway": null, "elevation_m": 15.198721885681152, "population": 24514.197265625 }, "geometry": { "type": "Point", "coordinates": [ 80.225821, 13.0428322 ] } },
{ "type": "Feature", "properties": { "osmid": 298357994, "y": 13.0427839, "x": 80.2258066, "street_count": 3, "highway": null, "elevation_m": 15.198721885681152, "population": 24514.197265625 }, "geometry": { "type": "Point", "coordinates": [ 80.2258066, 13.0427839 ] } },
{ "type": "Feature", "properties": { "osmid": 298357995, "y": 13.0429475, "x": 80.2251569, "street_count": 4, "highway": null, "elevation_m": 15.94976806640625, "population": 24514.197265625 }, "geometry": { "type": "Point", "coordinates": [ 80.2251569, 13.0429475 ] } },
{ "type": "Feature", "properties": { "osmid": 298357997, "y": 13.0427036, "x": 80.2262729, "street_count": 3, "highway": null, "elevation_m": 17.315971374511719, "population": 24514.197265625 }, "geometry": { "type": "Point", "coordinates": [ 80.2262729, 13.0427036 ] } },
{ "type": "Feature", "properties": { "osmid": 298357998, "y": 13.0432659, "x": 80.2269539, "street_count": 3, "highway": null, "elevation_m": 15.322166442871094, "population": 24514.197265625 }, "geometry": { "type": "Point", "coordinates": [ 80.2269539, 13.0432659 ] } },
{ "type": "Feature", "properties": { "osmid": 298357999, "y": 13.0425585, "x": 80.2267094, "street_count": 3, "highway": null, "elevation_m": 15.40364933013916, "population": 24514.197265625 }, "geometry": { "type": "Point", "coordinates": [ 80.2267094, 13.0425585 ] } },
{ "type": "Feature", "properties": { "osmid": 298358002, "y": 13.0430831, "x": 80.2274421, "street_count": 3, "highway": null, "elevation_m": 16.497505187988281, "population": 24514.197265625 }, "geometry": { "type": "Point", "coordinates": [ 80.2274421, 13.0430831 ] } },
{ "type": "Feature", "properties": { "osmid": 298358003, "y": 13.0423778, "x": 80.2271905, "street_count": 3, "highway": null, "elevation_m": 12.724541664123535, "population": 24514.197265625 }, "geometry": { "type": "Point", "coordinates": [ 80.2271905, 13.0423778 ] } },
{ "type": "Feature", "properties": { "osmid": 298358004, "y": 13.0426969, "x": 80.2282721, "street_count": 3, "highway": null, "elevation_m": 14.053219795227051, "population": 24514.197265625 }, "geometry": { "type": "Point", "coordinates": [ 80.2282721, 13.0426969 ] } },
{ "type": "Feature", "properties": { "osmid": 298358005, "y": 13.042597, "x": 80.2285809, "street_count": 3, "highway": null, "elevation_m": 16.144815444946289, "population": 24514.197265625 }, "geometry": { "type": "Point", "coordinates": [ 80.2285809, 13.042597 ] } },
{ "type": "Feature", "properties": { "osmid": 298358006, "y": 13.0419772, "x": 80.2283564, "street_count": 3, "highway": null, "elevation_m": 18.59428596496582, "population": 24514.197265625 }, "geometry": { "type": "Point", "coordinates": [ 80.2283564, 13.0419772 ] } },
{ "type": "Feature", "properties": { "osmid": 298358007, "y": 13.0441914, "x": 80.2259834, "street_count": 1, "highway": null, "elevation_m": 13.762274742126465, "population": 24514.197265625 }, "geometry": { "type": "Point", "coordinates": [ 80.2259834, 13.0441914 ] } },
{ "type": "Feature", "properties": { "osmid": 298358011, "y": 13.0318118, "x": 80.2265603, "street_count": 1, "highway": null, "elevation_m": 11.507416725158691, "population": 23049.033203125 }, "geometry": { "type": "Point", "coordinates": [ 80.2265603, 13.0318118 ] } },
{ "type": "Feature", "properties": { "osmid": 298358013, "y": 13.0323056, "x": 80.2266426, "street_count": 1, "highway": null, "elevation_m": 11.711483001708984, "population": 23049.033203125 }, "geometry": { "type": "Point", "coordinates": [ 80.2266426, 13.0323056 ] } },
{ "type": "Feature", "properties": { "osmid": 298358014, "y": 13.0306676, "x": 80.2286483, "street_count": 3, "highway": null, "elevation_m": 11.589645385742188, "population": 23049.033203125 }, "geometry": { "type": "Point", "coordinates": [ 80.2286483, 13.0306676 ] } },
{ "type": "Feature", "properties": { "osmid": 298358016, "y": 13.0308238, "x": 80.2273707, "street_count": 3, "highway": null, "elevation_m": 12.099540710449219, "population": 23049.033203125 }, "geometry": { "type": "Point", "coordinates": [ 80.2273707, 13.0308238 ] } },
{ "type": "Feature", "properties": { "osmid": 298358020, "y": 13.0304951, "x": 80.2273395, "street_count": 3, "highway": null, "elevation_m": 12.036803245544434, "population": 23049.033203125 }, "geometry": { "type": "Point", "coordinates": [ 80.2273395, 13.0304951 ] } },
{ "type": "Feature", "properties": { "osmid": 298358024, "y": 13.0309352, "x": 80.2273949, "street_count": 3, "highway": null, "elevation_m": 12.099540710449219, "population": 23049.033203125 }, "geometry": { "type": "Point", "coordinates": [ 80.2273949, 13.0309352 ] } },
{ "type": "Feature", "properties": { "osmid": 298358036, "y": 13.0310058, "x": 80.2265617, "street_count": 1, "highway": null, "elevation_m": 13.904019355773926, "population": 23049.033203125 }, "geometry": { "type": "Point", "coordinates": [ 80.2265617, 13.0310058 ] } },
{ "type": "Feature", "properties": { "osmid": 298358057, "y": 13.0352941, "x": 80.2280181, "street_count": 1, "highway": null, "elevation_m": 11.903388977050781, "population": 19051.626953125 }, "geometry": { "type": "Point", "coordinates": [ 80.2280181, 13.0352941 ] } },
{ "type": "Feature", "properties": { "osmid": 298358060, "y": 13.0351691, "x": 80.2278862, "street_count": 1, "highway": null, "elevation_m": 11.756959915161133, "population": 19051.626953125 }, "geometry": { "type": "Point", "coordinates": [ 80.2278862, 13.0351691 ] } },
{ "type": "Feature", "properties": { "osmid": 298358064, "y": 13.0356246, "x": 80.2262897, "street_count": 1, "highway": null, "elevation_m": 11.897722244262695, "population": 19051.626953125 }, "geometry": { "type": "Point", "coordinates": [ 80.2262897, 13.0356246 ] } },
{ "type": "Feature", "properties": { "osmid": 298358076, "y": 13.0404941, "x": 80.2267201, "street_count": 3, "highway": null, "elevation_m": 12.133023262023926, "population": 19051.626953125 }, "geometry": { "type": "Point", "coordinates": [ 80.2267201, 13.0404941 ] } },
{ "type": "Feature", "properties": { "osmid": 298358077, "y": 13.0400872, "x": 80.2272086, "street_count": 3, "highway": null, "elevation_m": 12.748392105102539, "population": 19051.626953125 }, "geometry": { "type": "Point", "coordinates": [ 80.2272086, 13.0400872 ] } },
{ "type": "Feature", "properties": { "osmid": 298358081, "y": 13.0414755, "x": 80.224747, "street_count": 4, "highway": null, "elevation_m": 13.547430992126465, "population": 24514.197265625 }, "geometry": { "type": "Point", "coordinates": [ 80.224747, 13.0414755 ] } },
{ "type": "Feature", "properties": { "osmid": 298358083, "y": 13.0409316, "x": 80.2274532, "street_count": 1, "highway": null, "elevation_m": 15.09735107421875, "population": 19051.626953125 }, "geometry": { "type": "Point", "coordinates": [ 80.2274532, 13.0409316 ] } },
{ "type": "Feature", "properties": { "osmid": 298358084, "y": 13.0410939, "x": 80.2269441, "street_count": 3, "highway": null, "elevation_m": 13.381567001342773, "population": 19051.626953125 }, "geometry": { "type": "Point", "coordinates": [ 80.2269441, 13.0410939 ] } },
{ "type": "Feature", "properties": { "osmid": 298358085, "y": 13.0401871, "x": 80.2255208, "street_count": 3, "highway": null, "elevation_m": 11.168344497680664, "population": 19051.626953125 }, "geometry": { "type": "Point", "coordinates": [ 80.2255208, 13.0401871 ] } },
{ "type": "Feature", "properties": { "osmid": 298358086, "y": 13.039403, "x": 80.226451, "street_count": 3, "highway": null, "elevation_m": 10.806492805480957, "population": 19051.626953125 }, "geometry": { "type": "Point", "coordinates": [ 80.226451, 13.039403 ] } },
{ "type": "Feature", "properties": { "osmid": 298358102, "y": 13.0375095, "x": 80.2255452, "street_count": 3, "highway": null, "elevation_m": 13.499049186706543, "population": 19051.626953125 }, "geometry": { "type": "Point", "coordinates": [ 80.2255452, 13.0375095 ] } },
{ "type": "Feature", "properties": { "osmid": 298358104, "y": 13.0381056, "x": 80.2245961, "street_count": 3, "highway": null, "elevation_m": 11.81461238861084, "population": 19051.626953125 }, "geometry": { "type": "Point", "coordinates": [ 80.2245961, 13.0381056 ] } },
{ "type": "Feature", "properties": { "osmid": 298358105, "y": 13.0378236, "x": 80.22499, "street_count": 3, "highway": null, "elevation_m": 14.067874908447266, "population": 19051.626953125 }, "geometry": { "type": "Point", "coordinates": [ 80.22499, 13.0378236 ] } },
{ "type": "Feature", "properties": { "osmid": 298358113, "y": 13.0362037, "x": 80.2239293, "street_count": 3, "highway": null, "elevation_m": 13.058904647827148, "population": 19051.626953125 }, "geometry": { "type": "Point", "coordinates": [ 80.2239293, 13.0362037 ] } },
{ "type": "Feature", "properties": { "osmid": 298358116, "y": 13.0356438, "x": 80.2252093, "street_count": 3, "highway": null, "elevation_m": 11.955133438110352, "population": 19051.626953125 }, "geometry": { "type": "Point", "coordinates": [ 80.2252093, 13.0356438 ] } },
{ "type": "Feature", "properties": { "osmid": 298358118, "y": 13.0394519, "x": 80.2273387, "street_count": 1, "highway": null, "elevation_m": 14.572595596313477, "population": 19051.626953125 }, "geometry": { "type": "Point", "coordinates": [ 80.2273387, 13.0394519 ] } },
{ "type": "Feature", "properties": { "osmid": 298358119, "y": 13.0352164, "x": 80.2248314, "street_count": 3, "highway": null, "elevation_m": 13.165834426879883, "population": 19051.626953125 }, "geometry": { "type": "Point", "coordinates": [ 80.2248314, 13.0352164 ] } },
{ "type": "Feature", "properties": { "osmid": 298358120, "y": 13.0353893, "x": 80.2227936, "street_count": 3, "highway": null, "elevation_m": 13.232541084289551, "population": 26918.638671875 }, "geometry": { "type": "Point", "coordinates": [ 80.2227936, 13.0353893 ] } },
{ "type": "Feature", "properties": { "osmid": 298358121, "y": 13.0365196, "x": 80.2229158, "street_count": 3, "highway": null, "elevation_m": 12.71937084197998, "population": 26918.638671875 }, "geometry": { "type": "Point", "coordinates": [ 80.2229158, 13.0365196 ] } },
{ "type": "Feature", "properties": { "osmid": 298358122, "y": 13.0349025, "x": 80.2227477, "street_count": 3, "highway": null, "elevation_m": 13.832242965698242, "population": 26918.638671875 }, "geometry": { "type": "Point", "coordinates": [ 80.2227477, 13.0349025 ] } },
{ "type": "Feature", "properties": { "osmid": 298358125, "y": 13.0359778, "x": 80.2222518, "street_count": 3, "highway": null, "elevation_m": 13.531476020812988, "population": 26918.638671875 }, "geometry": { "type": "Point", "coordinates": [ 80.2222518, 13.0359778 ] } },
{ "type": "Feature", "properties": { "osmid": 298358126, "y": 13.0358618, "x": 80.2238855, "street_count": 3, "highway": null, "elevation_m": 11.073238372802734, "population": 19051.626953125 }, "geometry": { "type": "Point", "coordinates": [ 80.2238855, 13.0358618 ] } },
{ "type": "Feature", "properties": { "osmid": 298358127, "y": 13.0360318, "x": 80.2228269, "street_count": 3, "highway": null, "elevation_m": 13.311342239379883, "population": 26918.638671875 }, "geometry": { "type": "Point", "coordinates": [ 80.2228269, 13.0360318 ] } },
{ "type": "Feature", "properties": { "osmid": 298358132, "y": 13.0361509, "x": 80.2221684, "street_count": 1, "highway": null, "elevation_m": 13.531476020812988, "population": 26918.638671875 }, "geometry": { "type": "Point", "coordinates": [ 80.2221684, 13.0361509 ] } },
{ "type": "Feature", "properties": { "osmid": 298358133, "y": 13.0363833, "x": 80.2206441, "street_count": 4, "highway": null, "elevation_m": 13.64115047454834, "population": 26918.638671875 }, "geometry": { "type": "Point", "coordinates": [ 80.2206441, 13.0363833 ] } },
{ "type": "Feature", "properties": { "osmid": 298358135, "y": 13.0403641, "x": 80.2214788, "street_count": 4, "highway": null, "elevation_m": 17.079597473144531, "population": 26918.638671875 }, "geometry": { "type": "Point", "coordinates": [ 80.2214788, 13.0403641 ] } },
{ "type": "Feature", "properties": { "osmid": 298358138, "y": 13.0406754, "x": 80.2194159, "street_count": 3, "highway": null, "elevation_m": 13.747231483459473, "population": 26918.638671875 }, "geometry": { "type": "Point", "coordinates": [ 80.2194159, 13.0406754 ] } },
{ "type": "Feature", "properties": { "osmid": 298358140, "y": 13.0420353, "x": 80.2183072, "street_count": 3, "highway": null, "elevation_m": 14.166305541992188, "population": 26320.1796875 }, "geometry": { "type": "Point", "coordinates": [ 80.2183072, 13.0420353 ] } },
{ "type": "Feature", "properties": { "osmid": 298358141, "y": 13.0425102, "x": 80.2183673, "street_count": 3, "highway": null, "elevation_m": 14.739825248718262, "population": 26320.1796875 }, "geometry": { "type": "Point", "coordinates": [ 80.2183673, 13.0425102 ] } },
{ "type": "Feature", "properties": { "osmid": 298358147, "y": 13.0415304, "x": 80.2191207, "street_count": 1, "highway": null, "elevation_m": 14.019314765930176, "population": 26320.1796875 }, "geometry": { "type": "Point", "coordinates": [ 80.2191207, 13.0415304 ] } },
{ "type": "Feature", "properties": { "osmid": 298358148, "y": 13.0412521, "x": 80.218976, "street_count": 3, "highway": null, "elevation_m": 13.983016967773438, "population": 26320.1796875 }, "geometry": { "type": "Point", "coordinates": [ 80.218976, 13.0412521 ] } },
{ "type": "Feature", "properties": { "osmid": 298358149, "y": 13.0413442, "x": 80.2179786, "street_count": 3, "highway": null, "elevation_m": 13.642075538635254, "population": 26320.1796875 }, "geometry": { "type": "Point", "coordinates": [ 80.2179786, 13.0413442 ] } },
{ "type": "Feature", "properties": { "osmid": 298358153, "y": 13.0421372, "x": 80.2180344, "street_count": 3, "highway": null, "elevation_m": 15.47589111328125, "population": 26320.1796875 }, "geometry": { "type": "Point", "coordinates": [ 80.2180344, 13.0421372 ] } },
{ "type": "Feature", "properties": { "osmid": 298358159, "y": 13.0409625, "x": 80.2179501, "street_count": 3, "highway": null, "elevation_m": 15.651214599609375, "population": 26918.638671875 }, "geometry": { "type": "Point", "coordinates": [ 80.2179501, 13.0409625 ] } },
{ "type": "Feature", "properties": { "osmid": 298358160, "y": 13.0418233, "x": 80.2180182, "street_count": 3, "highway": null, "elevation_m": 14.979443550109863, "population": 26320.1796875 }, "geometry": { "type": "Point", "coordinates": [ 80.2180182, 13.0418233 ] } },
{ "type": "Feature", "properties": { "osmid": 298358162, "y": 13.0415179, "x": 80.2179964, "street_count": 3, "highway": null, "elevation_m": 13.642075538635254, "population": 26320.1796875 }, "geometry": { "type": "Point", "coordinates": [ 80.2179964, 13.0415179 ] } },
{ "type": "Feature", "properties": { "osmid": 298358169, "y": 13.0341105, "x": 80.2207221, "street_count": 3, "highway": null, "elevation_m": 13.486613273620605, "population": 26918.638671875 }, "geometry": { "type": "Point", "coordinates": [ 80.2207221, 13.0341105 ] } },
{ "type": "Feature", "properties": { "osmid": 298358170, "y": 13.034017, "x": 80.2219096, "street_count": 3, "highway": null, "elevation_m": 11.668161392211914, "population": 26918.638671875 }, "geometry": { "type": "Point", "coordinates": [ 80.2219096, 13.034017 ] } },
{ "type": "Feature", "properties": { "osmid": 298358171, "y": 13.0335816, "x": 80.2222566, "street_count": 4, "highway": null, "elevation_m": 11.816061019897461, "population": 26918.638671875 }, "geometry": { "type": "Point", "coordinates": [ 80.2222566, 13.0335816 ] } },
{ "type": "Feature", "properties": { "osmid": 298358175, "y": 13.0384882, "x": 80.2197668, "street_count": 3, "highway": null, "elevation_m": 13.840688705444336, "population": 26918.638671875 }, "geometry": { "type": "Point", "coordinates": [ 80.2197668, 13.0384882 ] } },
{ "type": "Feature", "properties": { "osmid": 298358181, "y": 13.0375609, "x": 80.220891, "street_count": 3, "highway": null, "elevation_m": 14.605814933776855, "population": 26918.638671875 }, "geometry": { "type": "Point", "coordinates": [ 80.220891, 13.0375609 ] } },
{ "type": "Feature", "properties": { "osmid": 298358182, "y": 13.0376423, "x": 80.220269, "street_count": 3, "highway": null, "elevation_m": 15.15880012512207, "population": 26918.638671875 }, "geometry": { "type": "Point", "coordinates": [ 80.220269, 13.0376423 ] } },
{ "type": "Feature", "properties": { "osmid": 298358183, "y": 13.0383917, "x": 80.2203793, "street_count": 3, "highway": null, "elevation_m": 15.041499137878418, "population": 26918.638671875 }, "geometry": { "type": "Point", "coordinates": [ 80.2203793, 13.0383917 ] } },
{ "type": "Feature", "properties": { "osmid": 298358184, "y": 13.0388944, "x": 80.2211706, "street_count": 3, "highway": null, "elevation_m": 13.188931465148926, "population": 26918.638671875 }, "geometry": { "type": "Point", "coordinates": [ 80.2211706, 13.0388944 ] } },
{ "type": "Feature", "properties": { "osmid": 298358187, "y": 13.0393228, "x": 80.2191587, "street_count": 3, "highway": null, "elevation_m": 16.039989471435547, "population": 26918.638671875 }, "geometry": { "type": "Point", "coordinates": [ 80.2191587, 13.0393228 ] } },
{ "type": "Feature", "properties": { "osmid": 298358189, "y": 13.040621, "x": 80.2179197, "street_count": 3, "highway": null, "elevation_m": 15.55502986907959, "population": 26918.638671875 }, "geometry": { "type": "Point", "coordinates": [ 80.2179197, 13.040621 ] } },
{ "type": "Feature", "properties": { "osmid": 298358209, "y": 13.0336247, "x": 80.2235032, "street_count": 3, "highway": null, "elevation_m": 12.99078369140625, "population": 26918.638671875 }, "geometry": { "type": "Point", "coordinates": [ 80.2235032, 13.0336247 ] } },
{ "type": "Feature", "properties": { "osmid": 298358212, "y": 13.0307689, "x": 80.2254224, "street_count": 3, "highway": null, "elevation_m": 11.105358123779297, "population": 23049.033203125 }, "geometry": { "type": "Point", "coordinates": [ 80.2254224, 13.0307689 ] } },
{ "type": "Feature", "properties": { "osmid": 298358213, "y": 13.0312231, "x": 80.2255149, "street_count": 3, "highway": null, "elevation_m": 12.04020881652832, "population": 23049.033203125 }, "geometry": { "type": "Point", "coordinates": [ 80.2255149, 13.0312231 ] } },
{ "type": "Feature", "properties": { "osmid": 298358222, "y": 13.0327089, "x": 80.2234926, "street_count": 3, "highway": null, "elevation_m": 10.326095581054688, "population": 24509.30859375 }, "geometry": { "type": "Point", "coordinates": [ 80.2234926, 13.0327089 ] } },
{ "type": "Feature", "properties": { "osmid": 298358223, "y": 13.0391804, "x": 80.22444, "street_count": 4, "highway": null, "elevation_m": 14.419406890869141, "population": 19051.626953125 }, "geometry": { "type": "Point", "coordinates": [ 80.22444, 13.0391804 ] } },
{ "type": "Feature", "properties": { "osmid": 298358230, "y": 13.0385975, "x": 80.2233512, "street_count": 3, "highway": null, "elevation_m": 14.22002124786377, "population": 26918.638671875 }, "geometry": { "type": "Point", "coordinates": [ 80.2233512, 13.0385975 ] } },
{ "type": "Feature", "properties": { "osmid": 298358231, "y": 13.0380549, "x": 80.2231092, "street_count": 3, "highway": null, "elevation_m": 16.586332321166992, "population": 26918.638671875 }, "geometry": { "type": "Point", "coordinates": [ 80.2231092, 13.0380549 ] } },
{ "type": "Feature", "properties": { "osmid": 298358232, "y": 13.0376269, "x": 80.2229106, "street_count": 3, "highway": null, "elevation_m": 14.247119903564453, "population": 26918.638671875 }, "geometry": { "type": "Point", "coordinates": [ 80.2229106, 13.0376269 ] } },
{ "type": "Feature", "properties": { "osmid": 298358233, "y": 13.0385431, "x": 80.221097, "street_count": 3, "highway": null, "elevation_m": 16.348695755004883, "population": 26918.638671875 }, "geometry": { "type": "Point", "coordinates": [ 80.221097, 13.0385431 ] } },
{ "type": "Feature", "properties": { "osmid": 298358234, "y": 13.0380091, "x": 80.220985, "street_count": 3, "highway": null, "elevation_m": 10.883493423461914, "population": 26918.638671875 }, "geometry": { "type": "Point", "coordinates": [ 80.220985, 13.0380091 ] } },
{ "type": "Feature", "properties": { "osmid": 298358235, "y": 13.0395489, "x": 80.222166, "street_count": 3, "highway": null, "elevation_m": 15.351214408874512, "population": 26918.638671875 }, "geometry": { "type": "Point", "coordinates": [ 80.222166, 13.0395489 ] } },
{ "type": "Feature", "properties": { "osmid": 298358238, "y": 13.0406756, "x": 80.2235203, "street_count": 3, "highway": null, "elevation_m": 12.623946189880371, "population": 26918.638671875 }, "geometry": { "type": "Point", "coordinates": [ 80.2235203, 13.0406756 ] } },
{ "type": "Feature", "properties": { "osmid": 298358241, "y": 13.0410458, "x": 80.2216183, "street_count": 4, "highway": null, "elevation_m": 14.34581184387207, "population": 26918.638671875 }, "geometry": { "type": "Point", "coordinates": [ 80.2216183, 13.0410458 ] } },
{ "type": "Feature", "properties": { "osmid": 298358244, "y": 13.0406009, "x": 80.2249514, "street_count": 3, "highway": null, "elevation_m": 15.600456237792969, "population": 19051.626953125 }, "geometry": { "type": "Point", "coordinates": [ 80.2249514, 13.0406009 ] } },
{ "type": "Feature", "properties": { "osmid": 298358256, "y": 13.0547268, "x": 80.2182821, "street_count": 3, "highway": null, "elevation_m": 13.136619567871094, "population": 16902.220703125 }, "geometry": { "type": "Point", "coordinates": [ 80.2182821, 13.0547268 ] } },
{ "type": "Feature", "properties": { "osmid": 298358268, "y": 13.0542413, "x": 80.2183005, "street_count": 4, "highway": null, "elevation_m": 14.032389640808105, "population": 16902.220703125 }, "geometry": { "type": "Point", "coordinates": [ 80.2183005, 13.0542413 ] } },
{ "type": "Feature", "properties": { "osmid": 298358271, "y": 13.0535035, "x": 80.2182969, "street_count": 3, "highway": null, "elevation_m": 13.462297439575195, "population": 16902.220703125 }, "geometry": { "type": "Point", "coordinates": [ 80.2182969, 13.0535035 ] } },
{ "type": "Feature", "properties": { "osmid": 298358273, "y": 13.052678, "x": 80.2191981, "street_count": 3, "highway": null, "elevation_m": 15.414214134216309, "population": 16902.220703125 }, "geometry": { "type": "Point", "coordinates": [ 80.2191981, 13.052678 ] } },
{ "type": "Feature", "properties": { "osmid": 298358276, "y": 13.0542081, "x": 80.2194473, "street_count": 3, "highway": null, "elevation_m": 16.135526657104492, "population": 16902.220703125 }, "geometry": { "type": "Point", "coordinates": [ 80.2194473, 13.0542081 ] } },
{ "type": "Feature", "properties": { "osmid": 298358277, "y": 13.0549923, "x": 80.2195027, "street_count": 3, "highway": null, "elevation_m": 13.478466987609863, "population": 16902.220703125 }, "geometry": { "type": "Point", "coordinates": [ 80.2195027, 13.0549923 ] } },
{ "type": "Feature", "properties": { "osmid": 298358280, "y": 13.0552311, "x": 80.21833, "street_count": 3, "highway": null, "elevation_m": 15.918846130371094, "population": 16902.220703125 }, "geometry": { "type": "Point", "coordinates": [ 80.21833, 13.0552311 ] } },
{ "type": "Feature", "properties": { "osmid": 298358304, "y": 13.0529893, "x": 80.2181053, "street_count": 3, "highway": null, "elevation_m": 14.996789932250977, "population": 16902.220703125 }, "geometry": { "type": "Point", "coordinates": [ 80.2181053, 13.0529893 ] } },
{ "type": "Feature", "properties": { "osmid": 298358308, "y": 13.0529967, "x": 80.2178166, "street_count": 3, "highway": null, "elevation_m": 13.875068664550781, "population": 16902.220703125 }, "geometry": { "type": "Point", "coordinates": [ 80.2178166, 13.0529967 ] } },
{ "type": "Feature", "properties": { "osmid": 298358310, "y": 13.0539454, "x": 80.2178207, "street_count": 3, "highway": null, "elevation_m": 14.469845771789551, "population": 16902.220703125 }, "geometry": { "type": "Point", "coordinates": [ 80.2178207, 13.0539454 ] } },
{ "type": "Feature", "properties": { "osmid": 298358313, "y": 13.0549702, "x": 80.2204085, "street_count": 3, "highway": null, "elevation_m": 16.313753128051758, "population": 16902.220703125 }, "geometry": { "type": "Point", "coordinates": [ 80.2204085, 13.0549702 ] } },
{ "type": "Feature", "properties": { "osmid": 298358316, "y": 13.0487956, "x": 80.2175295, "street_count": 3, "highway": null, "elevation_m": 13.870376586914062, "population": 26320.1796875 }, "geometry": { "type": "Point", "coordinates": [ 80.2175295, 13.0487956 ] } },
{ "type": "Feature", "properties": { "osmid": 298387364, "y": 13.0523895, "x": 80.2342624, "street_count": 3, "highway": null, "elevation_m": 12.352315902709961, "population": 22810.8515625 }, "geometry": { "type": "Point", "coordinates": [ 80.2342624, 13.0523895 ] } },
{ "type": "Feature", "properties": { "osmid": 298387395, "y": 13.0530191, "x": 80.2343074, "street_count": 3, "highway": null, "elevation_m": 12.655800819396973, "population": 22810.8515625 }, "geometry": { "type": "Point", "coordinates": [ 80.2343074, 13.0530191 ] } },
{ "type": "Feature", "properties": { "osmid": 298387415, "y": 13.0538558, "x": 80.23404, "street_count": 3, "highway": null, "elevation_m": 9.8104486465454102, "population": 22810.8515625 }, "geometry": { "type": "Point", "coordinates": [ 80.23404, 13.0538558 ] } },
{ "type": "Feature", "properties": { "osmid": 298490442, "y": 13.0420875, "x": 80.2280606, "street_count": 3, "highway": null, "elevation_m": 14.186951637268066, "population": 24514.197265625 }, "geometry": { "type": "Point", "coordinates": [ 80.2280606, 13.0420875 ] } },
{ "type": "Feature", "properties": { "osmid": 298493222, "y": 13.0424744, "x": 80.2174996, "street_count": 1, "highway": null, "elevation_m": 12.804805755615234, "population": 26320.1796875 }, "geometry": { "type": "Point", "coordinates": [ 80.2174996, 13.0424744 ] } },
{ "type": "Feature", "properties": { "osmid": 298493223, "y": 13.0427865, "x": 80.2181003, "street_count": 3, "highway": null, "elevation_m": 14.438930511474609, "population": 26320.1796875 }, "geometry": { "type": "Point", "coordinates": [ 80.2181003, 13.0427865 ] } },
{ "type": "Feature", "properties": { "osmid": 298493225, "y": 13.0424933, "x": 80.2184811, "street_count": 3, "highway": null, "elevation_m": 15.641814231872559, "population": 26320.1796875 }, "geometry": { "type": "Point", "coordinates": [ 80.2184811, 13.0424933 ] } },
{ "type": "Feature", "properties": { "osmid": 298493226, "y": 13.0431436, "x": 80.2191614, "street_count": 1, "highway": null, "elevation_m": 14.951557159423828, "population": 26320.1796875 }, "geometry": { "type": "Point", "coordinates": [ 80.2191614, 13.0431436 ] } },
{ "type": "Feature", "properties": { "osmid": 298493228, "y": 13.0424607, "x": 80.2190349, "street_count": 3, "highway": null, "elevation_m": 15.286069869995117, "population": 26320.1796875 }, "geometry": { "type": "Point", "coordinates": [ 80.2190349, 13.0424607 ] } },
{ "type": "Feature", "properties": { "osmid": 298493231, "y": 13.0424617, "x": 80.2196715, "street_count": 3, "highway": null, "elevation_m": 16.035253524780273, "population": 26320.1796875 }, "geometry": { "type": "Point", "coordinates": [ 80.2196715, 13.0424617 ] } },
{ "type": "Feature", "properties": { "osmid": 298493233, "y": 13.0433841, "x": 80.2198154, "street_count": 3, "highway": null, "elevation_m": 16.435701370239258, "population": 26320.1796875 }, "geometry": { "type": "Point", "coordinates": [ 80.2198154, 13.0433841 ] } },
{ "type": "Feature", "properties": { "osmid": 298498365, "y": 13.0408243, "x": 80.2179392, "street_count": 3, "highway": null, "elevation_m": 15.651214599609375, "population": 26918.638671875 }, "geometry": { "type": "Point", "coordinates": [ 80.2179392, 13.0408243 ] } },
{ "type": "Feature", "properties": { "osmid": 298501594, "y": 13.0376353, "x": 80.2203396, "street_count": 3, "highway": null, "elevation_m": 17.220897674560547, "population": 26918.638671875 }, "geometry": { "type": "Point", "coordinates": [ 80.2203396, 13.0376353 ] } },
{ "type": "Feature", "properties": { "osmid": 298501601, "y": 13.037681, "x": 80.2199375, "street_count": 3, "highway": null, "elevation_m": 14.639805793762207, "population": 26918.638671875 }, "geometry": { "type": "Point", "coordinates": [ 80.2199375, 13.037681 ] } },
{ "type": "Feature", "properties": { "osmid": 298501603, "y": 13.0373996, "x": 80.2198962, "street_count": 1, "highway": null, "elevation_m": 14.868684768676758, "population": 26918.638671875 }, "geometry": { "type": "Point", "coordinates": [ 80.2198962, 13.0373996 ] } },
{ "type": "Feature", "properties": { "osmid": 298510178, "y": 13.0312072, "x": 80.224623, "street_count": 3, "highway": null, "elevation_m": 11.055366516113281, "population": 23049.033203125 }, "geometry": { "type": "Point", "coordinates": [ 80.224623, 13.0312072 ] } },
{ "type": "Feature", "properties": { "osmid": 298510179, "y": 13.0307024, "x": 80.2256658, "street_count": 1, "highway": null, "elevation_m": 11.105358123779297, "population": 23049.033203125 }, "geometry": { "type": "Point", "coordinates": [ 80.2256658, 13.0307024 ] } },
{ "type": "Feature", "properties": { "osmid": 298510180, "y": 13.0307793, "x": 80.2252101, "street_count": 3, "highway": null, "elevation_m": 11.317792892456055, "population": 23049.033203125 }, "geometry": { "type": "Point", "coordinates": [ 80.2252101, 13.0307793 ] } },
{ "type": "Feature", "properties": { "osmid": 298514340, "y": 13.0412901, "x": 80.2179735, "street_count": 3, "highway": null, "elevation_m": 13.642075538635254, "population": 26320.1796875 }, "geometry": { "type": "Point", "coordinates": [ 80.2179735, 13.0412901 ] } },
{ "type": "Feature", "properties": { "osmid": 300216075, "y": 13.0303417, "x": 80.2182737, "street_count": 3, "highway": null, "elevation_m": 11.444872856140137, "population": 24509.30859375 }, "geometry": { "type": "Point", "coordinates": [ 80.2182737, 13.0303417 ] } },
{ "type": "Feature", "properties": { "osmid": 300216091, "y": 13.0326602, "x": 80.2181009, "street_count": 3, "highway": null, "elevation_m": 11.064270973205566, "population": 24509.30859375 }, "geometry": { "type": "Point", "coordinates": [ 80.2181009, 13.0326602 ] } },
{ "type": "Feature", "properties": { "osmid": 300216100, "y": 13.0326849, "x": 80.2178044, "street_count": 4, "highway": null, "elevation_m": 11.195088386535645, "population": 24509.30859375 }, "geometry": { "type": "Point", "coordinates": [ 80.2178044, 13.0326849 ] } },
{ "type": "Feature", "properties": { "osmid": 300216112, "y": 13.0322463, "x": 80.2177601, "street_count": 3, "highway": null, "elevation_m": 12.585855484008789, "population": 24509.30859375 }, "geometry": { "type": "Point", "coordinates": [ 80.2177601, 13.0322463 ] } },
{ "type": "Feature", "properties": { "osmid": 300216115, "y": 13.0321412, "x": 80.2177422, "street_count": 3, "highway": null, "elevation_m": 12.585855484008789, "population": 24509.30859375 }, "geometry": { "type": "Point", "coordinates": [ 80.2177422, 13.0321412 ] } },
{ "type": "Feature", "properties": { "osmid": 300218910, "y": 13.0286451, "x": 80.2175536, "street_count": 3, "highway": null, "elevation_m": 12.830204010009766, "population": 24509.30859375 }, "geometry": { "type": "Point", "coordinates": [ 80.2175536, 13.0286451 ] } },
{ "type": "Feature", "properties": { "osmid": 300218914, "y": 13.0283657, "x": 80.2175274, "street_count": 3, "highway": null, "elevation_m": 11.532654762268066, "population": 24509.30859375 }, "geometry": { "type": "Point", "coordinates": [ 80.2175274, 13.0283657 ] } },
{ "type": "Feature", "properties": { "osmid": 300218942, "y": 13.0309088, "x": 80.2183171, "street_count": 3, "highway": null, "elevation_m": 11.234673500061035, "population": 24509.30859375 }, "geometry": { "type": "Point", "coordinates": [ 80.2183171, 13.0309088 ] } },
{ "type": "Feature", "properties": { "osmid": 301171307, "y": 13.0280265, "x": 80.2175036, "street_count": 3, "highway": null, "elevation_m": 12.035402297973633, "population": 24509.30859375 }, "geometry": { "type": "Point", "coordinates": [ 80.2175036, 13.0280265 ] } },
{ "type": "Feature", "properties": { "osmid": 301741361, "y": 13.0440633, "x": 80.2507158, "street_count": 3, "highway": null, "elevation_m": 15.667852401733398, "population": 27219.494140625 }, "geometry": { "type": "Point", "coordinates": [ 80.2507158, 13.0440633 ] } },
{ "type": "Feature", "properties": { "osmid": 301947519, "y": 13.0499892, "x": 80.2499671, "street_count": 3, "highway": null, "elevation_m": 10.620190620422363, "population": 25360.1484375 }, "geometry": { "type": "Point", "coordinates": [ 80.2499671, 13.0499892 ] } },
{ "type": "Feature", "properties": { "osmid": 301947522, "y": 13.0498542, "x": 80.2506357, "street_count": 3, "highway": null, "elevation_m": 13.866861343383789, "population": 25360.1484375 }, "geometry": { "type": "Point", "coordinates": [ 80.2506357, 13.0498542 ] } },
{ "type": "Feature", "properties": { "osmid": 301947523, "y": 13.049496, "x": 80.2505921, "street_count": 3, "highway": null, "elevation_m": 12.811995506286621, "population": 27219.494140625 }, "geometry": { "type": "Point", "coordinates": [ 80.2505921, 13.049496 ] } },
{ "type": "Feature", "properties": { "osmid": 301947529, "y": 13.0498866, "x": 80.2505231, "street_count": 3, "highway": null, "elevation_m": 13.929056167602539, "population": 25360.1484375 }, "geometry": { "type": "Point", "coordinates": [ 80.2505231, 13.0498866 ] } },
{ "type": "Feature", "properties": { "osmid": 301947533, "y": 13.0494995, "x": 80.2504649, "street_count": 3, "highway": null, "elevation_m": 12.811995506286621, "population": 27219.494140625 }, "geometry": { "type": "Point", "coordinates": [ 80.2504649, 13.0494995 ] } },
{ "type": "Feature", "properties": { "osmid": 301949972, "y": 13.048039, "x": 80.2502308, "street_count": 3, "highway": null, "elevation_m": 11.255684852600098, "population": 27219.494140625 }, "geometry": { "type": "Point", "coordinates": [ 80.2502308, 13.048039 ] } },
{ "type": "Feature", "properties": { "osmid": 301949976, "y": 13.0463142, "x": 80.2504231, "street_count": 3, "highway": null, "elevation_m": 14.167115211486816, "population": 27219.494140625 }, "geometry": { "type": "Point", "coordinates": [ 80.2504231, 13.0463142 ] } },
{ "type": "Feature", "properties": { "osmid": 301971772, "y": 13.0504487, "x": 80.2498444, "street_count": 3, "highway": null, "elevation_m": 12.198838233947754, "population": 25360.1484375 }, "geometry": { "type": "Point", "coordinates": [ 80.2498444, 13.0504487 ] } },
{ "type": "Feature", "properties": { "osmid": 301977082, "y": 13.0500568, "x": 80.2491308, "street_count": 3, "highway": null, "elevation_m": 11.78370189666748, "population": 25360.1484375 }, "geometry": { "type": "Point", "coordinates": [ 80.2491308, 13.0500568 ] } },
{ "type": "Feature", "properties": { "osmid": 301977083, "y": 13.0503152, "x": 80.2491489, "street_count": 3, "highway": null, "elevation_m": 14.391478538513184, "population": 25360.1484375 }, "geometry": { "type": "Point", "coordinates": [ 80.2491489, 13.0503152 ] } },
{ "type": "Feature", "properties": { "osmid": 302891536, "y": 13.0429215, "x": 80.2475944, "street_count": 4, "highway": "traffic_signals", "elevation_m": 11.578492164611816, "population": 27057.625 }, "geometry": { "type": "Point", "coordinates": [ 80.2475944, 13.0429215 ] } },
{ "type": "Feature", "properties": { "osmid": 303008047, "y": 13.0339876, "x": 80.24465, "street_count": 3, "highway": null, "elevation_m": 7.9032635688781738, "population": 20546.419921875 }, "geometry": { "type": "Point", "coordinates": [ 80.24465, 13.0339876 ] } },
{ "type": "Feature", "properties": { "osmid": 303008048, "y": 13.0347483, "x": 80.2456729, "street_count": 4, "highway": "traffic_signals", "elevation_m": 9.4769792556762695, "population": 20546.419921875 }, "geometry": { "type": "Point", "coordinates": [ 80.2456729, 13.0347483 ] } },
{ "type": "Feature", "properties": { "osmid": 303008051, "y": 13.0355603, "x": 80.2462047, "street_count": 3, "highway": "traffic_signals", "elevation_m": 8.350184440612793, "population": 20546.419921875 }, "geometry": { "type": "Point", "coordinates": [ 80.2462047, 13.0355603 ] } },
{ "type": "Feature", "properties": { "osmid": 303510937, "y": 13.03109, "x": 80.2399589, "street_count": 4, "highway": "traffic_signals", "elevation_m": 8.919163703918457, "population": 15232.8125 }, "geometry": { "type": "Point", "coordinates": [ 80.2399589, 13.03109 ] } },
{ "type": "Feature", "properties": { "osmid": 303511137, "y": 13.0264002, "x": 80.2328905, "street_count": 3, "highway": null, "elevation_m": 9.1922359466552734, "population": 15232.8125 }, "geometry": { "type": "Point", "coordinates": [ 80.2328905, 13.0264002 ] } },
{ "type": "Feature", "properties": { "osmid": 303511149, "y": 13.0278957, "x": 80.2355115, "street_count": 3, "highway": null, "elevation_m": 13.741790771484375, "population": 15232.8125 }, "geometry": { "type": "Point", "coordinates": [ 80.2355115, 13.0278957 ] } },
{ "type": "Feature", "properties": { "osmid": 303511150, "y": 13.0264963, "x": 80.2330731, "street_count": 3, "highway": "traffic_signals", "elevation_m": 10.245807647705078, "population": 15232.8125 }, "geometry": { "type": "Point", "coordinates": [ 80.2330731, 13.0264963 ] } },
{ "type": "Feature", "properties": { "osmid": 303569587, "y": 13.0381726, "x": 80.2467874, "street_count": 3, "highway": null, "elevation_m": 8.4177303314208984, "population": 20546.419921875 }, "geometry": { "type": "Point", "coordinates": [ 80.2467874, 13.0381726 ] } },
{ "type": "Feature", "properties": { "osmid": 304283815, "y": 13.0274979, "x": 80.225658, "street_count": 3, "highway": null, "elevation_m": 12.32213306427002, "population": 23049.033203125 }, "geometry": { "type": "Point", "coordinates": [ 80.225658, 13.0274979 ] } },
{ "type": "Feature", "properties": { "osmid": 304283883, "y": 13.0272801, "x": 80.2268583, "street_count": 4, "highway": null, "elevation_m": 11.742924690246582, "population": 23049.033203125 }, "geometry": { "type": "Point", "coordinates": [ 80.2268583, 13.0272801 ] } },
{ "type": "Feature", "properties": { "osmid": 306744414, "y": 13.0565486, "x": 80.2281344, "street_count": 3, "highway": null, "elevation_m": 12.041681289672852, "population": 20723.693359375 }, "geometry": { "type": "Point", "coordinates": [ 80.2281344, 13.0565486 ] } },
{ "type": "Feature", "properties": { "osmid": 306745033, "y": 13.057737, "x": 80.2276075, "street_count": 3, "highway": null, "elevation_m": 12.408116340637207, "population": 20723.693359375 }, "geometry": { "type": "Point", "coordinates": [ 80.2276075, 13.057737 ] } },
{ "type": "Feature", "properties": { "osmid": 306746831, "y": 13.0565559, "x": 80.2283192, "street_count": 3, "highway": null, "elevation_m": 14.081408500671387, "population": 20723.693359375 }, "geometry": { "type": "Point", "coordinates": [ 80.2283192, 13.0565559 ] } },
{ "type": "Feature", "properties": { "osmid": 308209325, "y": 13.0440995, "x": 80.2383232, "street_count": 3, "highway": null, "elevation_m": 11.940909385681152, "population": 26002.5859375 }, "geometry": { "type": "Point", "coordinates": [ 80.2383232, 13.0440995 ] } },
{ "type": "Feature", "properties": { "osmid": 308209326, "y": 13.0445686, "x": 80.2391282, "street_count": 3, "highway": null, "elevation_m": 10.739036560058594, "population": 26002.5859375 }, "geometry": { "type": "Point", "coordinates": [ 80.2391282, 13.0445686 ] } },
{ "type": "Feature", "properties": { "osmid": 308209327, "y": 13.0451626, "x": 80.2401677, "street_count": 4, "highway": "traffic_signals", "elevation_m": 8.2497787475585938, "population": 26002.5859375 }, "geometry": { "type": "Point", "coordinates": [ 80.2401677, 13.0451626 ] } },
{ "type": "Feature", "properties": { "osmid": 308209330, "y": 13.0450146, "x": 80.2403338, "street_count": 4, "highway": "traffic_signals", "elevation_m": 9.5703420639038086, "population": 26002.5859375 }, "geometry": { "type": "Point", "coordinates": [ 80.2403338, 13.0450146 ] } },
{ "type": "Feature", "properties": { "osmid": 308209331, "y": 13.0444265, "x": 80.2392593, "street_count": 3, "highway": null, "elevation_m": 10.739036560058594, "population": 26002.5859375 }, "geometry": { "type": "Point", "coordinates": [ 80.2392593, 13.0444265 ] } },
{ "type": "Feature", "properties": { "osmid": 308448447, "y": 13.037729, "x": 80.2355623, "street_count": 4, "highway": null, "elevation_m": 15.256123542785645, "population": 24653.408203125 }, "geometry": { "type": "Point", "coordinates": [ 80.2355623, 13.037729 ] } },
{ "type": "Feature", "properties": { "osmid": 308448448, "y": 13.0383076, "x": 80.2367238, "street_count": 3, "highway": null, "elevation_m": 14.390846252441406, "population": 24653.408203125 }, "geometry": { "type": "Point", "coordinates": [ 80.2367238, 13.0383076 ] } },
{ "type": "Feature", "properties": { "osmid": 308448452, "y": 13.0378797, "x": 80.2372049, "street_count": 3, "highway": null, "elevation_m": 14.788090705871582, "population": 24653.408203125 }, "geometry": { "type": "Point", "coordinates": [ 80.2372049, 13.0378797 ] } },
{ "type": "Feature", "properties": { "osmid": 308448465, "y": 13.0376837, "x": 80.2354734, "street_count": 4, "highway": null, "elevation_m": 15.256123542785645, "population": 24653.408203125 }, "geometry": { "type": "Point", "coordinates": [ 80.2354734, 13.0376837 ] } },
{ "type": "Feature", "properties": { "osmid": 308448468, "y": 13.0369613, "x": 80.2352466, "street_count": 3, "highway": null, "elevation_m": 9.5601577758789062, "population": 24653.408203125 }, "geometry": { "type": "Point", "coordinates": [ 80.2352466, 13.0369613 ] } },
{ "type": "Feature", "properties": { "osmid": 309213706, "y": 13.0561459, "x": 80.2489344, "street_count": 3, "highway": null, "elevation_m": 11.325562477111816, "population": 25360.1484375 }, "geometry": { "type": "Point", "coordinates": [ 80.2489344, 13.0561459 ] } },
{ "type": "Feature", "properties": { "osmid": 309213773, "y": 13.0537205, "x": 80.2501813, "street_count": 3, "highway": "traffic_signals", "elevation_m": 11.440944671630859, "population": 25360.1484375 }, "geometry": { "type": "Point", "coordinates": [ 80.2501813, 13.0537205 ] } },
{ "type": "Feature", "properties": { "osmid": 314625099, "y": 13.0536753, "x": 80.2352825, "street_count": 3, "highway": null, "elevation_m": 12.811723709106445, "population": 22810.8515625 }, "geometry": { "type": "Point", "coordinates": [ 80.2352825, 13.0536753 ] } },
{ "type": "Feature", "properties": { "osmid": 314625102, "y": 13.0537918, "x": 80.2347556, "street_count": 3, "highway": null, "elevation_m": 10.05344295501709, "population": 22810.8515625 }, "geometry": { "type": "Point", "coordinates": [ 80.2347556, 13.0537918 ] } },
{ "type": "Feature", "properties": { "osmid": 314625104, "y": 13.0538466, "x": 80.2344877, "street_count": 3, "highway": null, "elevation_m": 10.23110294342041, "population": 22810.8515625 }, "geometry": { "type": "Point", "coordinates": [ 80.2344877, 13.0538466 ] } },
{ "type": "Feature", "properties": { "osmid": 314643622, "y": 13.0538038, "x": 80.2257232, "street_count": 3, "highway": null, "elevation_m": 14.291298866271973, "population": 20723.693359375 }, "geometry": { "type": "Point", "coordinates": [ 80.2257232, 13.0538038 ] } },
{ "type": "Feature", "properties": { "osmid": 314643627, "y": 13.0534641, "x": 80.2241162, "street_count": 4, "highway": "traffic_signals", "elevation_m": 11.701353073120117, "population": 20723.693359375 }, "geometry": { "type": "Point", "coordinates": [ 80.2241162, 13.0534641 ] } },
{ "type": "Feature", "properties": { "osmid": 314643633, "y": 13.0530918, "x": 80.2227323, "street_count": 3, "highway": null, "elevation_m": 14.550539970397949, "population": 16902.220703125 }, "geometry": { "type": "Point", "coordinates": [ 80.2227323, 13.0530918 ] } },
{ "type": "Feature", "properties": { "osmid": 314643647, "y": 13.0524216, "x": 80.2202026, "street_count": 4, "highway": "traffic_signals", "elevation_m": 11.559732437133789, "population": 16902.220703125 }, "geometry": { "type": "Point", "coordinates": [ 80.2202026, 13.0524216 ] } },
{ "type": "Feature", "properties": { "osmid": 314643651, "y": 13.0521664, "x": 80.2191983, "street_count": 4, "highway": null, "elevation_m": 15.126243591308594, "population": 16902.220703125 }, "geometry": { "type": "Point", "coordinates": [ 80.2191983, 13.0521664 ] } },
{ "type": "Feature", "properties": { "osmid": 314643654, "y": 13.0521044, "x": 80.2189794, "street_count": 3, "highway": null, "elevation_m": 16.102048873901367, "population": 16902.220703125 }, "geometry": { "type": "Point", "coordinates": [ 80.2189794, 13.0521044 ] } },
{ "type": "Feature", "properties": { "osmid": 314643659, "y": 13.0517353, "x": 80.217917, "street_count": 3, "highway": null, "elevation_m": 11.521814346313477, "population": 16902.220703125 }, "geometry": { "type": "Point", "coordinates": [ 80.217917, 13.0517353 ] } },
{ "type": "Feature", "properties": { "osmid": 314643681, "y": 13.052376, "x": 80.2200454, "street_count": 3, "highway": "traffic_signals", "elevation_m": 14.857736587524414, "population": 16902.220703125 }, "geometry": { "type": "Point", "coordinates": [ 80.2200454, 13.052376 ] } },
{ "type": "Feature", "properties": { "osmid": 314913541, "y": 13.0563011, "x": 80.2260575, "street_count": 3, "highway": null, "elevation_m": 11.233315467834473, "population": 20723.693359375 }, "geometry": { "type": "Point", "coordinates": [ 80.2260575, 13.0563011 ] } },
{ "type": "Feature", "properties": { "osmid": 314913931, "y": 13.0564041, "x": 80.2227578, "street_count": 4, "highway": null, "elevation_m": 15.029745101928711, "population": 16902.220703125 }, "geometry": { "type": "Point", "coordinates": [ 80.2227578, 13.0564041 ] } },
{ "type": "Feature", "properties": { "osmid": 314913933, "y": 13.056368, "x": 80.2241198, "street_count": 4, "highway": null, "elevation_m": 17.318632125854492, "population": 20723.693359375 }, "geometry": { "type": "Point", "coordinates": [ 80.2241198, 13.056368 ] } },
{ "type": "Feature", "properties": { "osmid": 314913968, "y": 13.056969, "x": 80.2220771, "street_count": 4, "highway": null, "elevation_m": 13.549726486206055, "population": 16902.220703125 }, "geometry": { "type": "Point", "coordinates": [ 80.2220771, 13.056969 ] } },
{ "type": "Feature", "properties": { "osmid": 314913969, "y": 13.0579144, "x": 80.2223414, "street_count": 3, "highway": null, "elevation_m": 11.645160675048828, "population": 16902.220703125 }, "geometry": { "type": "Point", "coordinates": [ 80.2223414, 13.0579144 ] } },
{ "type": "Feature", "properties": { "osmid": 314913970, "y": 13.057954, "x": 80.2221113, "street_count": 3, "highway": null, "elevation_m": 14.092138290405273, "population": 14789.30859375 }, "geometry": { "type": "Point", "coordinates": [ 80.2221113, 13.057954 ] } },
{ "type": "Feature", "properties": { "osmid": 314913972, "y": 13.0579061, "x": 80.2228544, "street_count": 4, "highway": null, "elevation_m": 14.008684158325195, "population": 16902.220703125 }, "geometry": { "type": "Point", "coordinates": [ 80.2228544, 13.0579061 ] } },
{ "type": "Feature", "properties": { "osmid": 314914171, "y": 13.0569597, "x": 80.22249, "street_count": 3, "highway": null, "elevation_m": 14.277773857116699, "population": 16902.220703125 }, "geometry": { "type": "Point", "coordinates": [ 80.22249, 13.0569597 ] } },
{ "type": "Feature", "properties": { "osmid": 314914197, "y": 13.0566731, "x": 80.2219769, "street_count": 3, "highway": null, "elevation_m": 16.133937835693359, "population": 16902.220703125 }, "geometry": { "type": "Point", "coordinates": [ 80.2219769, 13.0566731 ] } },
{ "type": "Feature", "properties": { "osmid": 314914209, "y": 13.05733, "x": 80.2221604, "street_count": 3, "highway": null, "elevation_m": 15.033899307250977, "population": 16902.220703125 }, "geometry": { "type": "Point", "coordinates": [ 80.2221604, 13.05733 ] } },
{ "type": "Feature", "properties": { "osmid": 314914210, "y": 13.0572881, "x": 80.2228187, "street_count": 4, "highway": null, "elevation_m": 15.360691070556641, "population": 16902.220703125 }, "geometry": { "type": "Point", "coordinates": [ 80.2228187, 13.0572881 ] } },
{ "type": "Feature", "properties": { "osmid": 314914283, "y": 13.057608, "x": 80.2222281, "street_count": 4, "highway": null, "elevation_m": 12.506711006164551, "population": 16902.220703125 }, "geometry": { "type": "Point", "coordinates": [ 80.2222281, 13.057608 ] } },
{ "type": "Feature", "properties": { "osmid": 314914310, "y": 13.0576115, "x": 80.222834, "street_count": 3, "highway": null, "elevation_m": 14.093648910522461, "population": 16902.220703125 }, "geometry": { "type": "Point", "coordinates": [ 80.222834, 13.0576115 ] } },
{ "type": "Feature", "properties": { "osmid": 314914429, "y": 13.0575161, "x": 80.2228324, "street_count": 3, "highway": null, "elevation_m": 14.093648910522461, "population": 16902.220703125 }, "geometry": { "type": "Point", "coordinates": [ 80.2228324, 13.0575161 ] } },
{ "type": "Feature", "properties": { "osmid": 314914430, "y": 13.0574935, "x": 80.2241704, "street_count": 4, "highway": null, "elevation_m": 12.454751014709473, "population": 20723.693359375 }, "geometry": { "type": "Point", "coordinates": [ 80.2241704, 13.0574935 ] } },
{ "type": "Feature", "properties": { "osmid": 314914431, "y": 13.0574104, "x": 80.2262813, "street_count": 3, "highway": null, "elevation_m": 11.799453735351562, "population": 20723.693359375 }, "geometry": { "type": "Point", "coordinates": [ 80.2262813, 13.0574104 ] } },
{ "type": "Feature", "properties": { "osmid": 314914459, "y": 13.057117, "x": 80.2262316, "street_count": 3, "highway": null, "elevation_m": 14.099571228027344, "population": 20723.693359375 }, "geometry": { "type": "Point", "coordinates": [ 80.2262316, 13.057117 ] } },
{ "type": "Feature", "properties": { "osmid": 314914508, "y": 13.05722, "x": 80.2241579, "street_count": 4, "highway": null, "elevation_m": 14.49562931060791, "population": 20723.693359375 }, "geometry": { "type": "Point", "coordinates": [ 80.2241579, 13.05722 ] } },
{ "type": "Feature", "properties": { "osmid": 314914543, "y": 13.0577557, "x": 80.2241829, "street_count": 3, "highway": null, "elevation_m": 13.176023483276367, "population": 20723.693359375 }, "geometry": { "type": "Point", "coordinates": [ 80.2241829, 13.0577557 ] } },
{ "type": "Feature", "properties": { "osmid": 314914624, "y": 13.0576733, "x": 80.2262975, "street_count": 3, "highway": null, "elevation_m": 11.886133193969727, "population": 20723.693359375 }, "geometry": { "type": "Point", "coordinates": [ 80.2262975, 13.0576733 ] } },
{ "type": "Feature", "properties": { "osmid": 314914727, "y": 13.0578082, "x": 80.2238744, "street_count": 3, "highway": null, "elevation_m": 13.023316383361816, "population": 20723.693359375 }, "geometry": { "type": "Point", "coordinates": [ 80.2238744, 13.0578082 ] } },
{ "type": "Feature", "properties": { "osmid": 314914728, "y": 13.0577851, "x": 80.2231467, "street_count": 3, "highway": null, "elevation_m": 14.510097503662109, "population": 16902.220703125 }, "geometry": { "type": "Point", "coordinates": [ 80.2231467, 13.0577851 ] } },
{ "type": "Feature", "properties": { "osmid": 314914789, "y": 13.0577211, "x": 80.2250691, "street_count": 4, "highway": null, "elevation_m": 14.451701164245605, "population": 20723.693359375 }, "geometry": { "type": "Point", "coordinates": [ 80.2250691, 13.0577211 ] } },
{ "type": "Feature", "properties": { "osmid": 314914881, "y": 13.0577464, "x": 80.2244935, "street_count": 3, "highway": null, "elevation_m": 14.438729286193848, "population": 20723.693359375 }, "geometry": { "type": "Point", "coordinates": [ 80.2244935, 13.0577464 ] } },
{ "type": "Feature", "properties": { "osmid": 314914901, "y": 13.0577354, "x": 80.2247721, "street_count": 3, "highway": null, "elevation_m": 14.249019622802734, "population": 20723.693359375 }, "geometry": { "type": "Point", "coordinates": [ 80.2247721, 13.0577354 ] } },
{ "type": "Feature", "properties": { "osmid": 314924749, "y": 13.0563876, "x": 80.2264092, "street_count": 3, "highway": null, "elevation_m": 11.251531600952148, "population": 20723.693359375 }, "geometry": { "type": "Point", "coordinates": [ 80.2264092, 13.0563876 ] } },
{ "type": "Feature", "properties": { "osmid": 314924751, "y": 13.0575924, "x": 80.226572, "street_count": 3, "highway": null, "elevation_m": 12.639764785766602, "population": 20723.693359375 }, "geometry": { "type": "Point", "coordinates": [ 80.226572, 13.0575924 ] } },
{ "type": "Feature", "properties": { "osmid": 314924809, "y": 13.0565419, "x": 80.2278027, "street_count": 3, "highway": null, "elevation_m": 12.53752613067627, "population": 20723.693359375 }, "geometry": { "type": "Point", "coordinates": [ 80.2278027, 13.0565419 ] } },
{ "type": "Feature", "properties": { "osmid": 315257894, "y": 13.0525992, "x": 80.2201829, "street_count": 3, "highway": null, "elevation_m": 11.559732437133789, "population": 16902.220703125 }, "geometry": { "type": "Point", "coordinates": [ 80.2201829, 13.0525992 ] } },
{ "type": "Feature", "properties": { "osmid": 315257944, "y": 13.0527588, "x": 80.2214288, "street_count": 3, "highway": null, "elevation_m": 11.904496192932129, "population": 16902.220703125 }, "geometry": { "type": "Point", "coordinates": [ 80.2214288, 13.0527588 ] } },
{ "type": "Feature", "properties": { "osmid": 315258024, "y": 13.053316, "x": 80.2213064, "street_count": 3, "highway": null, "elevation_m": 19.308248519897461, "population": 16902.220703125 }, "geometry": { "type": "Point", "coordinates": [ 80.2213064, 13.053316 ] } },
{ "type": "Feature", "properties": { "osmid": 315258540, "y": 13.0534461, "x": 80.2189926, "street_count": 1, "highway": null, "elevation_m": 15.579751968383789, "population": 16902.220703125 }, "geometry": { "type": "Point", "coordinates": [ 80.2189926, 13.0534461 ] } },
{ "type": "Feature", "properties": { "osmid": 321713462, "y": 13.0523092, "x": 80.2413662, "street_count": 3, "highway": null, "elevation_m": 10.872701644897461, "population": 25040.6953125 }, "geometry": { "type": "Point", "coordinates": [ 80.2413662, 13.0523092 ] } },
{ "type": "Feature", "properties": { "osmid": 339130556, "y": 13.0507777, "x": 80.2499238, "street_count": 3, "highway": null, "elevation_m": 12.058858871459961, "population": 25360.1484375 }, "geometry": { "type": "Point", "coordinates": [ 80.2499238, 13.0507777 ] } },
{ "type": "Feature", "properties": { "osmid": 357985353, "y": 13.0521581, "x": 80.2506926, "street_count": 3, "highway": null, "elevation_m": 5.8390812873840332, "population": 25360.1484375 }, "geometry": { "type": "Point", "coordinates": [ 80.2506926, 13.0521581 ] } },
{ "type": "Feature", "properties": { "osmid": 360358313, "y": 13.0520279, "x": 80.2475309, "street_count": 3, "highway": null, "elevation_m": 12.621618270874023, "population": 25040.6953125 }, "geometry": { "type": "Point", "coordinates": [ 80.2475309, 13.0520279 ] } },
{ "type": "Feature", "properties": { "osmid": 360358349, "y": 13.051299, "x": 80.2473986, "street_count": 1, "highway": null, "elevation_m": 13.19781494140625, "population": 25040.6953125 }, "geometry": { "type": "Point", "coordinates": [ 80.2473986, 13.051299 ] } },
{ "type": "Feature", "properties": { "osmid": 367868098, "y": 13.0430051, "x": 80.2469418, "street_count": 3, "highway": null, "elevation_m": 7.5684037208557129, "population": 27057.625 }, "geometry": { "type": "Point", "coordinates": [ 80.2469418, 13.0430051 ] } },
{ "type": "Feature", "properties": { "osmid": 383187589, "y": 13.056902, "x": 80.2205136, "street_count": 3, "highway": null, "elevation_m": 14.496210098266602, "population": 16902.220703125 }, "geometry": { "type": "Point", "coordinates": [ 80.2205136, 13.056902 ] } },
{ "type": "Feature", "properties": { "osmid": 388125717, "y": 13.0577918, "x": 80.2271087, "street_count": 4, "highway": null, "elevation_m": 12.14487361907959, "population": 20723.693359375 }, "geometry": { "type": "Point", "coordinates": [ 80.2271087, 13.0577918 ] } },
{ "type": "Feature", "properties": { "osmid": 388126111, "y": 13.0574331, "x": 80.2279094, "street_count": 3, "highway": null, "elevation_m": 11.705595016479492, "population": 20723.693359375 }, "geometry": { "type": "Point", "coordinates": [ 80.2279094, 13.0574331 ] } },
{ "type": "Feature", "properties": { "osmid": 388126112, "y": 13.0573609, "x": 80.2282656, "street_count": 3, "highway": null, "elevation_m": 15.985903739929199, "population": 20723.693359375 }, "geometry": { "type": "Point", "coordinates": [ 80.2282656, 13.0573609 ] } },
{ "type": "Feature", "properties": { "osmid": 388131001, "y": 13.0578269, "x": 80.2263019, "street_count": 3, "highway": null, "elevation_m": 11.886133193969727, "population": 20723.693359375 }, "geometry": { "type": "Point", "coordinates": [ 80.2263019, 13.0578269 ] } },
{ "type": "Feature", "properties": { "osmid": 388131003, "y": 13.05606, "x": 80.2286124, "street_count": 3, "highway": null, "elevation_m": 14.826857566833496, "population": 20723.693359375 }, "geometry": { "type": "Point", "coordinates": [ 80.2286124, 13.05606 ] } },
{ "type": "Feature", "properties": { "osmid": 389017513, "y": 13.0291854, "x": 80.2429661, "street_count": 1, "highway": null, "elevation_m": 16.102832794189453, "population": 17030.998046875 }, "geometry": { "type": "Point", "coordinates": [ 80.2429661, 13.0291854 ] } },
{ "type": "Feature", "properties": { "osmid": 389018441, "y": 13.0284138, "x": 80.2432599, "street_count": 3, "highway": null, "elevation_m": 12.458025932312012, "population": 17030.998046875 }, "geometry": { "type": "Point", "coordinates": [ 80.2432599, 13.0284138 ] } },
{ "type": "Feature", "properties": { "osmid": 389018467, "y": 13.0291135, "x": 80.2433688, "street_count": 3, "highway": null, "elevation_m": 14.479961395263672, "population": 17030.998046875 }, "geometry": { "type": "Point", "coordinates": [ 80.2433688, 13.0291135 ] } },
{ "type": "Feature", "properties": { "osmid": 389019395, "y": 13.0268209, "x": 80.240895, "street_count": 1, "highway": null, "elevation_m": 9.8809442520141602, "population": 17030.998046875 }, "geometry": { "type": "Point", "coordinates": [ 80.240895, 13.0268209 ] } },
{ "type": "Feature", "properties": { "osmid": 389516448, "y": 13.0320454, "x": 80.2488358, "street_count": 1, "highway": null, "elevation_m": 12.268863677978516, "population": 21972.181640625 }, "geometry": { "type": "Point", "coordinates": [ 80.2488358, 13.0320454 ] } },
{ "type": "Feature", "properties": { "osmid": 389516606, "y": 13.0301561, "x": 80.2466781, "street_count": 3, "highway": null, "elevation_m": 14.638938903808594, "population": 17030.998046875 }, "geometry": { "type": "Point", "coordinates": [ 80.2466781, 13.0301561 ] } },
{ "type": "Feature", "properties": { "osmid": 592588929, "y": 13.0279719, "x": 80.2455746, "street_count": 3, "highway": null, "elevation_m": 10.878674507141113, "population": 17030.998046875 }, "geometry": { "type": "Point", "coordinates": [ 80.2455746, 13.0279719 ] } },
{ "type": "Feature", "properties": { "osmid": 762590214, "y": 13.0545109, "x": 80.2497461, "street_count": 3, "highway": null, "elevation_m": 10.342514038085938, "population": 25360.1484375 }, "geometry": { "type": "Point", "coordinates": [ 80.2497461, 13.0545109 ] } },
{ "type": "Feature", "properties": { "osmid": 762590216, "y": 13.0541347, "x": 80.2479969, "street_count": 1, "highway": null, "elevation_m": 18.913364410400391, "population": 25040.6953125 }, "geometry": { "type": "Point", "coordinates": [ 80.2479969, 13.0541347 ] } },
{ "type": "Feature", "properties": { "osmid": 762590217, "y": 13.0541046, "x": 80.2469377, "street_count": 1, "highway": null, "elevation_m": 14.087984085083008, "population": 25040.6953125 }, "geometry": { "type": "Point", "coordinates": [ 80.2469377, 13.0541046 ] } },
{ "type": "Feature", "properties": { "osmid": 864565814, "y": 13.0474538, "x": 80.2327289, "street_count": 3, "highway": null, "elevation_m": 9.2955989837646484, "population": 26002.5859375 }, "geometry": { "type": "Point", "coordinates": [ 80.2327289, 13.0474538 ] } },
{ "type": "Feature", "properties": { "osmid": 928069023, "y": 13.0484265, "x": 80.2252373, "street_count": 1, "highway": null, "elevation_m": 14.295677185058594, "population": 24514.197265625 }, "geometry": { "type": "Point", "coordinates": [ 80.2252373, 13.0484265 ] } },
{ "type": "Feature", "properties": { "osmid": 996565654, "y": 13.0309119, "x": 80.2401197, "street_count": 3, "highway": null, "elevation_m": 12.442106246948242, "population": 15232.8125 }, "geometry": { "type": "Point", "coordinates": [ 80.2401197, 13.0309119 ] } },
{ "type": "Feature", "properties": { "osmid": 996565657, "y": 13.0308227, "x": 80.2395029, "street_count": 3, "highway": null, "elevation_m": 10.01231575012207, "population": 15232.8125 }, "geometry": { "type": "Point", "coordinates": [ 80.2395029, 13.0308227 ] } },
{ "type": "Feature", "properties": { "osmid": 996566523, "y": 13.0296513, "x": 80.24443, "street_count": 3, "highway": null, "elevation_m": 9.4609813690185547, "population": 17030.998046875 }, "geometry": { "type": "Point", "coordinates": [ 80.24443, 13.0296513 ] } },
{ "type": "Feature", "properties": { "osmid": 996566530, "y": 13.0296281, "x": 80.24577, "street_count": 4, "highway": "traffic_signals", "elevation_m": 12.33139705657959, "population": 17030.998046875 }, "geometry": { "type": "Point", "coordinates": [ 80.24577, 13.0296281 ] } },
{ "type": "Feature", "properties": { "osmid": 996566537, "y": 13.0296773, "x": 80.2439232, "street_count": 4, "highway": null, "elevation_m": 10.469696998596191, "population": 17030.998046875 }, "geometry": { "type": "Point", "coordinates": [ 80.2439232, 13.0296773 ] } },
{ "type": "Feature", "properties": { "osmid": 996570067, "y": 13.0312166, "x": 80.2402402, "street_count": 3, "highway": null, "elevation_m": 9.3234519958496094, "population": 15232.8125 }, "geometry": { "type": "Point", "coordinates": [ 80.2402402, 13.0312166 ] } },
{ "type": "Feature", "properties": { "osmid": 996570261, "y": 13.030923, "x": 80.2402861, "street_count": 3, "highway": null, "elevation_m": 11.738472938537598, "population": 15232.8125 }, "geometry": { "type": "Point", "coordinates": [ 80.2402861, 13.030923 ] } },
{ "type": "Feature", "properties": { "osmid": 996578958, "y": 13.0275807, "x": 80.2450844, "street_count": 3, "highway": null, "elevation_m": 7.4704608917236328, "population": 17030.998046875 }, "geometry": { "type": "Point", "coordinates": [ 80.2450844, 13.0275807 ] } },
{ "type": "Feature", "properties": { "osmid": 996580354, "y": 13.0295607, "x": 80.2456523, "street_count": 4, "highway": "traffic_signals", "elevation_m": 8.7184820175170898, "population": 17030.998046875 }, "geometry": { "type": "Point", "coordinates": [ 80.2456523, 13.0295607 ] } },
{ "type": "Feature", "properties": { "osmid": 996580357, "y": 13.0296374, "x": 80.2456563, "street_count": 4, "highway": "traffic_signals", "elevation_m": 8.952239990234375, "population": 17030.998046875 }, "geometry": { "type": "Point", "coordinates": [ 80.2456563, 13.0296374 ] } },
{ "type": "Feature", "properties": { "osmid": 996585803, "y": 13.0275372, "x": 80.2451032, "street_count": 3, "highway": null, "elevation_m": 7.4704608917236328, "population": 17030.998046875 }, "geometry": { "type": "Point", "coordinates": [ 80.2451032, 13.0275372 ] } },
{ "type": "Feature", "properties": { "osmid": 996592880, "y": 13.0304807, "x": 80.2456966, "street_count": 3, "highway": null, "elevation_m": 10.72281551361084, "population": 17030.998046875 }, "geometry": { "type": "Point", "coordinates": [ 80.2456966, 13.0304807 ] } },
{ "type": "Feature", "properties": { "osmid": 996592884, "y": 13.0306445, "x": 80.2457085, "street_count": 3, "highway": null, "elevation_m": 10.72281551361084, "population": 17030.998046875 }, "geometry": { "type": "Point", "coordinates": [ 80.2457085, 13.0306445 ] } },
{ "type": "Feature", "properties": { "osmid": 996596684, "y": 13.0295064, "x": 80.2465506, "street_count": 3, "highway": null, "elevation_m": 9.5039691925048828, "population": 17030.998046875 }, "geometry": { "type": "Point", "coordinates": [ 80.2465506, 13.0295064 ] } },
{ "type": "Feature", "properties": { "osmid": 1177973899, "y": 13.0350717, "x": 80.2460083, "street_count": 3, "highway": null, "elevation_m": 11.340831756591797, "population": 20546.419921875 }, "geometry": { "type": "Point", "coordinates": [ 80.2460083, 13.0350717 ] } },
{ "type": "Feature", "properties": { "osmid": 1177973949, "y": 13.0315482, "x": 80.2457825, "street_count": 3, "highway": null, "elevation_m": 11.48923397064209, "population": 17030.998046875 }, "geometry": { "type": "Point", "coordinates": [ 80.2457825, 13.0315482 ] } },
{ "type": "Feature", "properties": { "osmid": 1177974064, "y": 13.0348418, "x": 80.245793, "street_count": 3, "highway": null, "elevation_m": 8.7513799667358398, "population": 20546.419921875 }, "geometry": { "type": "Point", "coordinates": [ 80.245793, 13.0348418 ] } },
{ "type": "Feature", "properties": { "osmid": 1183492448, "y": 13.0292741, "x": 80.2200384, "street_count": 3, "highway": null, "elevation_m": 14.122175216674805, "population": 24509.30859375 }, "geometry": { "type": "Point", "coordinates": [ 80.2200384, 13.0292741 ] } },
{ "type": "Feature", "properties": { "osmid": 1183492450, "y": 13.0303153, "x": 80.2205422, "street_count": 3, "highway": null, "elevation_m": 14.673508644104004, "population": 24509.30859375 }, "geometry": { "type": "Point", "coordinates": [ 80.2205422, 13.0303153 ] } },
{ "type": "Feature", "properties": { "osmid": 1183492451, "y": 13.0308623, "x": 80.2216145, "street_count": 3, "highway": null, "elevation_m": 14.961287498474121, "population": 24509.30859375 }, "geometry": { "type": "Point", "coordinates": [ 80.2216145, 13.0308623 ] } },
{ "type": "Feature", "properties": { "osmid": 1183492453, "y": 13.0291842, "x": 80.2218035, "street_count": 3, "highway": null, "elevation_m": 12.146478652954102, "population": 24509.30859375 }, "geometry": { "type": "Point", "coordinates": [ 80.2218035, 13.0291842 ] } },
{ "type": "Feature", "properties": { "osmid": 1183492458, "y": 13.0315676, "x": 80.2206762, "street_count": 3, "highway": null, "elevation_m": 15.13280200958252, "population": 24509.30859375 }, "geometry": { "type": "Point", "coordinates": [ 80.2206762, 13.0315676 ] } },
{ "type": "Feature", "properties": { "osmid": 1183492460, "y": 13.0292131, "x": 80.2192566, "street_count": 1, "highway": null, "elevation_m": 14.716547966003418, "population": 24509.30859375 }, "geometry": { "type": "Point", "coordinates": [ 80.2192566, 13.0292131 ] } },
{ "type": "Feature", "properties": { "osmid": 1183492462, "y": 13.0309558, "x": 80.2206233, "street_count": 3, "highway": null, "elevation_m": 14.774941444396973, "population": 24509.30859375 }, "geometry": { "type": "Point", "coordinates": [ 80.2206233, 13.0309558 ] } },
{ "type": "Feature", "properties": { "osmid": 1183492465, "y": 13.0301892, "x": 80.2223393, "street_count": 1, "highway": null, "elevation_m": 13.088082313537598, "population": 24509.30859375 }, "geometry": { "type": "Point", "coordinates": [ 80.2223393, 13.0301892 ] } },
{ "type": "Feature", "properties": { "osmid": 1183492467, "y": 13.0298934, "x": 80.2201901, "street_count": 3, "highway": null, "elevation_m": 14.260141372680664, "population": 24509.30859375 }, "geometry": { "type": "Point", "coordinates": [ 80.2201901, 13.0298934 ] } },
{ "type": "Feature", "properties": { "osmid": 1282292933, "y": 13.0491429, "x": 80.2443801, "street_count": 3, "highway": null, "elevation_m": 10.59876823425293, "population": 27057.625 }, "geometry": { "type": "Point", "coordinates": [ 80.2443801, 13.0491429 ] } },
{ "type": "Feature", "properties": { "osmid": 1283415132, "y": 13.0538701, "x": 80.2377324, "street_count": 3, "highway": null, "elevation_m": 12.812837600708008, "population": 22810.8515625 }, "geometry": { "type": "Point", "coordinates": [ 80.2377324, 13.0538701 ] } },
{ "type": "Feature", "properties": { "osmid": 1283415134, "y": 13.0507829, "x": 80.2383213, "street_count": 3, "highway": null, "elevation_m": 13.423876762390137, "population": 22810.8515625 }, "geometry": { "type": "Point", "coordinates": [ 80.2383213, 13.0507829 ] } },
{ "type": "Feature", "properties": { "osmid": 1283415136, "y": 13.0534715, "x": 80.2435551, "street_count": 3, "highway": null, "elevation_m": 17.017669677734375, "population": 25040.6953125 }, "geometry": { "type": "Point", "coordinates": [ 80.2435551, 13.0534715 ] } },
{ "type": "Feature", "properties": { "osmid": 1283415137, "y": 13.0517517, "x": 80.2385617, "street_count": 1, "highway": null, "elevation_m": 14.948280334472656, "population": 22810.8515625 }, "geometry": { "type": "Point", "coordinates": [ 80.2385617, 13.0517517 ] } },
{ "type": "Feature", "properties": { "osmid": 1283415139, "y": 13.0534483, "x": 80.242391, "street_count": 3, "highway": null, "elevation_m": 13.002964973449707, "population": 25040.6953125 }, "geometry": { "type": "Point", "coordinates": [ 80.242391, 13.0534483 ] } },
{ "type": "Feature", "properties": { "osmid": 1363300917, "y": 13.0455608, "x": 80.2268477, "street_count": 1, "highway": null, "elevation_m": 15.095737457275391, "population": 24514.197265625 }, "geometry": { "type": "Point", "coordinates": [ 80.2268477, 13.0455608 ] } },
{ "type": "Feature", "properties": { "osmid": 1410716388, "y": 13.0301694, "x": 80.2357072, "street_count": 3, "highway": null, "elevation_m": 9.8553390502929688, "population": 15232.8125 }, "geometry": { "type": "Point", "coordinates": [ 80.2357072, 13.0301694 ] } },
{ "type": "Feature", "properties": { "osmid": 1410716391, "y": 13.0283092, "x": 80.2331977, "street_count": 3, "highway": null, "elevation_m": 14.276393890380859, "population": 15232.8125 }, "geometry": { "type": "Point", "coordinates": [ 80.2331977, 13.0283092 ] } },
{ "type": "Feature", "properties": { "osmid": 1410716393, "y": 13.0292192, "x": 80.2340358, "street_count": 3, "highway": null, "elevation_m": 8.6718978881835938, "population": 15232.8125 }, "geometry": { "type": "Point", "coordinates": [ 80.2340358, 13.0292192 ] } },
{ "type": "Feature", "properties": { "osmid": 1410716394, "y": 13.0290834, "x": 80.233599, "street_count": 3, "highway": null, "elevation_m": 8.8629655838012695, "population": 15232.8125 }, "geometry": { "type": "Point", "coordinates": [ 80.233599, 13.0290834 ] } },
{ "type": "Feature", "properties": { "osmid": 1410716395, "y": 13.0315646, "x": 80.2347006, "street_count": 3, "highway": null, "elevation_m": 11.201744079589844, "population": 15232.8125 }, "geometry": { "type": "Point", "coordinates": [ 80.2347006, 13.0315646 ] } },
{ "type": "Feature", "properties": { "osmid": 1410716396, "y": 13.0290337, "x": 80.2333321, "street_count": 3, "highway": null, "elevation_m": 8.0561685562133789, "population": 15232.8125 }, "geometry": { "type": "Point", "coordinates": [ 80.2333321, 13.0290337 ] } },
{ "type": "Feature", "properties": { "osmid": 1410716400, "y": 13.0288684, "x": 80.2327872, "street_count": 3, "highway": null, "elevation_m": 14.010107040405273, "population": 15232.8125 }, "geometry": { "type": "Point", "coordinates": [ 80.2327872, 13.0288684 ] } },
{ "type": "Feature", "properties": { "osmid": 1410716401, "y": 13.0299351, "x": 80.2359737, "street_count": 3, "highway": null, "elevation_m": 10.056520462036133, "population": 15232.8125 }, "geometry": { "type": "Point", "coordinates": [ 80.2359737, 13.0299351 ] } },
{ "type": "Feature", "properties": { "osmid": 1410716402, "y": 13.0324415, "x": 80.2346949, "street_count": 3, "highway": null, "elevation_m": 14.189859390258789, "population": 15232.8125 }, "geometry": { "type": "Point", "coordinates": [ 80.2346949, 13.0324415 ] } },
{ "type": "Feature", "properties": { "osmid": 1410716404, "y": 13.0289208, "x": 80.2331022, "street_count": 4, "highway": null, "elevation_m": 14.052412986755371, "population": 15232.8125 }, "geometry": { "type": "Point", "coordinates": [ 80.2331022, 13.0289208 ] } },
{ "type": "Feature", "properties": { "osmid": 1411289677, "y": 13.0394671, "x": 80.2460105, "street_count": 3, "highway": null, "elevation_m": 10.736081123352051, "population": 20546.419921875 }, "geometry": { "type": "Point", "coordinates": [ 80.2460105, 13.0394671 ] } },
{ "type": "Feature", "properties": { "osmid": 1676252682, "y": 13.0508511, "x": 80.230121, "street_count": 3, "highway": null, "elevation_m": 15.613920211791992, "population": 20723.693359375 }, "geometry": { "type": "Point", "coordinates": [ 80.230121, 13.0508511 ] } },
{ "type": "Feature", "properties": { "osmid": 1701428425, "y": 13.0392158, "x": 80.2468293, "street_count": 3, "highway": "traffic_signals", "elevation_m": 11.621829986572266, "population": 20546.419921875 }, "geometry": { "type": "Point", "coordinates": [ 80.2468293, 13.0392158 ] } },
{ "type": "Feature", "properties": { "osmid": 1701428431, "y": 13.0392236, "x": 80.246537, "street_count": 3, "highway": null, "elevation_m": 10.261475563049316, "population": 20546.419921875 }, "geometry": { "type": "Point", "coordinates": [ 80.246537, 13.0392236 ] } },
{ "type": "Feature", "properties": { "osmid": 1701428453, "y": 13.0396223, "x": 80.2451928, "street_count": 3, "highway": null, "elevation_m": 11.490863800048828, "population": 20546.419921875 }, "geometry": { "type": "Point", "coordinates": [ 80.2451928, 13.0396223 ] } },
{ "type": "Feature", "properties": { "osmid": 1701428463, "y": 13.0461746, "x": 80.2423009, "street_count": 3, "highway": null, "elevation_m": 13.850152969360352, "population": 27057.625 }, "geometry": { "type": "Point", "coordinates": [ 80.2423009, 13.0461746 ] } },
{ "type": "Feature", "properties": { "osmid": 1701428465, "y": 13.0466327, "x": 80.2431308, "street_count": 3, "highway": null, "elevation_m": 8.7190990447998047, "population": 27057.625 }, "geometry": { "type": "Point", "coordinates": [ 80.2431308, 13.0466327 ] } },
{ "type": "Feature", "properties": { "osmid": 1701428472, "y": 13.0478914, "x": 80.2453961, "street_count": 4, "highway": null, "elevation_m": 7.8676867485046387, "population": 27057.625 }, "geometry": { "type": "Point", "coordinates": [ 80.2453961, 13.0478914 ] } },
{ "type": "Feature", "properties": { "osmid": 1701428507, "y": 13.0483902, "x": 80.2461914, "street_count": 3, "highway": null, "elevation_m": 8.6960725784301758, "population": 27057.625 }, "geometry": { "type": "Point", "coordinates": [ 80.2461914, 13.0483902 ] } },
{ "type": "Feature", "properties": { "osmid": 1701428510, "y": 13.0493377, "x": 80.2473003, "street_count": 3, "highway": null, "elevation_m": 9.7172822952270508, "population": 27057.625 }, "geometry": { "type": "Point", "coordinates": [ 80.2473003, 13.0493377 ] } },
{ "type": "Feature", "properties": { "osmid": 1701428511, "y": 13.0495356, "x": 80.247671, "street_count": 4, "highway": "traffic_signals", "elevation_m": 9.9998264312744141, "population": 27057.625 }, "geometry": { "type": "Point", "coordinates": [ 80.247671, 13.0495356 ] } },
{ "type": "Feature", "properties": { "osmid": 1701428530, "y": 13.0499749, "x": 80.2482553, "street_count": 3, "highway": null, "elevation_m": 10.996072769165039, "population": 25040.6953125 }, "geometry": { "type": "Point", "coordinates": [ 80.2482553, 13.0499749 ] } },
{ "type": "Feature", "properties": { "osmid": 1701428536, "y": 13.0502191, "x": 80.2484817, "street_count": 3, "highway": null, "elevation_m": 12.280211448669434, "population": 25040.6953125 }, "geometry": { "type": "Point", "coordinates": [ 80.2484817, 13.0502191 ] } },
{ "type": "Feature", "properties": { "osmid": 1701428537, "y": 13.0504038, "x": 80.2486724, "street_count": 3, "highway": null, "elevation_m": 12.280211448669434, "population": 25040.6953125 }, "geometry": { "type": "Point", "coordinates": [ 80.2486724, 13.0504038 ] } },
{ "type": "Feature", "properties": { "osmid": 1701428539, "y": 13.0506545, "x": 80.2488699, "street_count": 3, "highway": null, "elevation_m": 12.67495059967041, "population": 25360.1484375 }, "geometry": { "type": "Point", "coordinates": [ 80.2488699, 13.0506545 ] } },
{ "type": "Feature", "properties": { "osmid": 1701464404, "y": 13.0430745, "x": 80.2387894, "street_count": 3, "highway": null, "elevation_m": 16.93707275390625, "population": 26002.5859375 }, "geometry": { "type": "Point", "coordinates": [ 80.2387894, 13.0430745 ] } },
{ "type": "Feature", "properties": { "osmid": 1701464405, "y": 13.0416264, "x": 80.2340311, "street_count": 3, "highway": null, "elevation_m": 12.777726173400879, "population": 26002.5859375 }, "geometry": { "type": "Point", "coordinates": [ 80.2340311, 13.0416264 ] } },
{ "type": "Feature", "properties": { "osmid": 1701464406, "y": 13.0440559, "x": 80.2383224, "street_count": 3, "highway": null, "elevation_m": 11.940909385681152, "population": 26002.5859375 }, "geometry": { "type": "Point", "coordinates": [ 80.2383224, 13.0440559 ] } },
{ "type": "Feature", "properties": { "osmid": 1701464407, "y": 13.043947, "x": 80.2383913, "street_count": 3, "highway": null, "elevation_m": 9.4755859375, "population": 26002.5859375 }, "geometry": { "type": "Point", "coordinates": [ 80.2383913, 13.043947 ] } },
{ "type": "Feature", "properties": { "osmid": 1701464415, "y": 13.0457336, "x": 80.2416101, "street_count": 3, "highway": null, "elevation_m": 9.6439733505249023, "population": 27057.625 }, "geometry": { "type": "Point", "coordinates": [ 80.2416101, 13.0457336 ] } },
{ "type": "Feature", "properties": { "osmid": 1701464416, "y": 13.0458656, "x": 80.2414885, "street_count": 3, "highway": null, "elevation_m": 11.249050140380859, "population": 27057.625 }, "geometry": { "type": "Point", "coordinates": [ 80.2414885, 13.0458656 ] } },
{ "type": "Feature", "properties": { "osmid": 1701464420, "y": 13.0463213, "x": 80.2447222, "street_count": 1, "highway": null, "elevation_m": 15.48108959197998, "population": 27057.625 }, "geometry": { "type": "Point", "coordinates": [ 80.2447222, 13.0463213 ] } },
{ "type": "Feature", "properties": { "osmid": 1701464424, "y": 13.0472336, "x": 80.2442052, "street_count": 3, "highway": null, "elevation_m": 8.3494806289672852, "population": 27057.625 }, "geometry": { "type": "Point", "coordinates": [ 80.2442052, 13.0472336 ] } },
{ "type": "Feature", "properties": { "osmid": 1701464426, "y": 13.0481968, "x": 80.2459241, "street_count": 3, "highway": null, "elevation_m": 8.5040597915649414, "population": 27057.625 }, "geometry": { "type": "Point", "coordinates": [ 80.2459241, 13.0481968 ] } },
{ "type": "Feature", "properties": { "osmid": 1702257108, "y": 13.0386395, "x": 80.2477777, "street_count": 1, "highway": null, "elevation_m": 17.490827560424805, "population": 20546.419921875 }, "geometry": { "type": "Point", "coordinates": [ 80.2477777, 13.0386395 ] } },
{ "type": "Feature", "properties": { "osmid": 1702257126, "y": 13.0388268, "x": 80.2479852, "street_count": 1, "highway": null, "elevation_m": 17.902442932128906, "population": 20546.419921875 }, "geometry": { "type": "Point", "coordinates": [ 80.2479852, 13.0388268 ] } },
{ "type": "Feature", "properties": { "osmid": 1702257127, "y": 13.0388423, "x": 80.2477924, "street_count": 3, "highway": null, "elevation_m": 19.129558563232422, "population": 20546.419921875 }, "geometry": { "type": "Point", "coordinates": [ 80.2477924, 13.0388423 ] } },
{ "type": "Feature", "properties": { "osmid": 1702257158, "y": 13.0393154, "x": 80.2477213, "street_count": 3, "highway": null, "elevation_m": 12.257641792297363, "population": 20546.419921875 }, "geometry": { "type": "Point", "coordinates": [ 80.2477213, 13.0393154 ] } },
{ "type": "Feature", "properties": { "osmid": 1702257179, "y": 13.039408, "x": 80.2459516, "street_count": 3, "highway": null, "elevation_m": 7.9902124404907227, "population": 20546.419921875 }, "geometry": { "type": "Point", "coordinates": [ 80.2459516, 13.039408 ] } },
{ "type": "Feature", "properties": { "osmid": 1702257482, "y": 13.0435102, "x": 80.2479055, "street_count": 3, "highway": null, "elevation_m": 11.847614288330078, "population": 27057.625 }, "geometry": { "type": "Point", "coordinates": [ 80.2479055, 13.0435102 ] } },
{ "type": "Feature", "properties": { "osmid": 1702257551, "y": 13.0444751, "x": 80.2406434, "street_count": 4, "highway": null, "elevation_m": 14.187152862548828, "population": 27057.625 }, "geometry": { "type": "Point", "coordinates": [ 80.2406434, 13.0444751 ] } },
{ "type": "Feature", "properties": { "osmid": 1702257555, "y": 13.0445189, "x": 80.241525, "street_count": 1, "highway": null, "elevation_m": 15.486862182617188, "population": 27057.625 }, "geometry": { "type": "Point", "coordinates": [ 80.241525, 13.0445189 ] } },
{ "type": "Feature", "properties": { "osmid": 1702257592, "y": 13.0448785, "x": 80.2404199, "street_count": 3, "highway": null, "elevation_m": 12.72438907623291, "population": 27057.625 }, "geometry": { "type": "Point", "coordinates": [ 80.2404199, 13.0448785 ] } },
{ "type": "Feature", "properties": { "osmid": 1702257618, "y": 13.0448963, "x": 80.2401185, "street_count": 4, "highway": null, "elevation_m": 9.0581865310668945, "population": 26002.5859375 }, "geometry": { "type": "Point", "coordinates": [ 80.2401185, 13.0448963 ] } },
{ "type": "Feature", "properties": { "osmid": 1702257640, "y": 13.0450661, "x": 80.23999, "street_count": 4, "highway": null, "elevation_m": 9.0581865310668945, "population": 26002.5859375 }, "geometry": { "type": "Point", "coordinates": [ 80.23999, 13.0450661 ] } },
{ "type": "Feature", "properties": { "osmid": 1702257652, "y": 13.045115, "x": 80.240477, "street_count": 4, "highway": null, "elevation_m": 12.72438907623291, "population": 27057.625 }, "geometry": { "type": "Point", "coordinates": [ 80.240477, 13.045115 ] } },
{ "type": "Feature", "properties": { "osmid": 1702257658, "y": 13.0451951, "x": 80.2402258, "street_count": 4, "highway": "traffic_signals", "elevation_m": 8.2497787475585938, "population": 26002.5859375 }, "geometry": { "type": "Point", "coordinates": [ 80.2402258, 13.0451951 ] } },
{ "type": "Feature", "properties": { "osmid": 1702257674, "y": 13.045278, "x": 80.2403799, "street_count": 4, "highway": null, "elevation_m": 8.2497787475585938, "population": 26002.5859375 }, "geometry": { "type": "Point", "coordinates": [ 80.2403799, 13.045278 ] } },
{ "type": "Feature", "properties": { "osmid": 1702257683, "y": 13.045324, "x": 80.2400694, "street_count": 3, "highway": null, "elevation_m": 9.7085943222045898, "population": 26002.5859375 }, "geometry": { "type": "Point", "coordinates": [ 80.2400694, 13.045324 ] } },
{ "type": "Feature", "properties": { "osmid": 1702257690, "y": 13.0453311, "x": 80.2401427, "street_count": 3, "highway": null, "elevation_m": 8.2497787475585938, "population": 26002.5859375 }, "geometry": { "type": "Point", "coordinates": [ 80.2401427, 13.0453311 ] } },
{ "type": "Feature", "properties": { "osmid": 1702257693, "y": 13.0454066, "x": 80.2482664, "street_count": 4, "highway": "traffic_signals", "elevation_m": 9.6079254150390625, "population": 27057.625 }, "geometry": { "type": "Point", "coordinates": [ 80.2482664, 13.0454066 ] } },
{ "type": "Feature", "properties": { "osmid": 1702257979, "y": 13.0459587, "x": 80.2396819, "street_count": 3, "highway": null, "elevation_m": 10.394256591796875, "population": 26002.5859375 }, "geometry": { "type": "Point", "coordinates": [ 80.2396819, 13.0459587 ] } },
{ "type": "Feature", "properties": { "osmid": 1702258054, "y": 13.0463443, "x": 80.2395849, "street_count": 3, "highway": null, "elevation_m": 11.426519393920898, "population": 26002.5859375 }, "geometry": { "type": "Point", "coordinates": [ 80.2395849, 13.0463443 ] } },
{ "type": "Feature", "properties": { "osmid": 1702258067, "y": 13.0462809, "x": 80.2394311, "street_count": 5, "highway": null, "elevation_m": 14.349998474121094, "population": 26002.5859375 }, "geometry": { "type": "Point", "coordinates": [ 80.2394311, 13.0462809 ] } },
{ "type": "Feature", "properties": { "osmid": 1702258091, "y": 13.0464814, "x": 80.2467415, "street_count": 3, "highway": null, "elevation_m": 9.1057462692260742, "population": 27057.625 }, "geometry": { "type": "Point", "coordinates": [ 80.2467415, 13.0464814 ] } },
{ "type": "Feature", "properties": { "osmid": 1702258096, "y": 13.0464933, "x": 80.2471503, "street_count": 3, "highway": null, "elevation_m": 7.657996654510498, "population": 27057.625 }, "geometry": { "type": "Point", "coordinates": [ 80.2471503, 13.0464933 ] } },
{ "type": "Feature", "properties": { "osmid": 1702258101, "y": 13.0465473, "x": 80.2482994, "street_count": 3, "highway": null, "elevation_m": 7.9542384147644043, "population": 27057.625 }, "geometry": { "type": "Point", "coordinates": [ 80.2482994, 13.0465473 ] } },
{ "type": "Feature", "properties": { "osmid": 1702258139, "y": 13.0467322, "x": 80.2396738, "street_count": 4, "highway": null, "elevation_m": 13.320051193237305, "population": 26002.5859375 }, "geometry": { "type": "Point", "coordinates": [ 80.2396738, 13.0467322 ] } },
{ "type": "Feature", "properties": { "osmid": 1702258197, "y": 13.0473664, "x": 80.2398249, "street_count": 3, "highway": null, "elevation_m": 11.669363975524902, "population": 26002.5859375 }, "geometry": { "type": "Point", "coordinates": [ 80.2398249, 13.0473664 ] } },
{ "type": "Feature", "properties": { "osmid": 1702258370, "y": 13.0486931, "x": 80.2401181, "street_count": 3, "highway": null, "elevation_m": 13.242583274841309, "population": 26002.5859375 }, "geometry": { "type": "Point", "coordinates": [ 80.2401181, 13.0486931 ] } },
{ "type": "Feature", "properties": { "osmid": 1702258596, "y": 13.0495532, "x": 80.2498422, "street_count": 3, "highway": null, "elevation_m": 10.659673690795898, "population": 27219.494140625 }, "geometry": { "type": "Point", "coordinates": [ 80.2498422, 13.0495532 ] } },
{ "type": "Feature", "properties": { "osmid": 1702258599, "y": 13.0498573, "x": 80.2497806, "street_count": 3, "highway": null, "elevation_m": 10.148189544677734, "population": 25360.1484375 }, "geometry": { "type": "Point", "coordinates": [ 80.2497806, 13.0498573 ] } },
{ "type": "Feature", "properties": { "osmid": 1702258606, "y": 13.0499835, "x": 80.2403908, "street_count": 3, "highway": null, "elevation_m": 12.821261405944824, "population": 22810.8515625 }, "geometry": { "type": "Point", "coordinates": [ 80.2403908, 13.0499835 ] } },
{ "type": "Feature", "properties": { "osmid": 1723299449, "y": 13.0321316, "x": 80.2210036, "street_count": 3, "highway": null, "elevation_m": 11.076416969299316, "population": 24509.30859375 }, "geometry": { "type": "Point", "coordinates": [ 80.2210036, 13.0321316 ] } },
{ "type": "Feature", "properties": { "osmid": 1723299450, "y": 13.0326034, "x": 80.222259, "street_count": 4, "highway": null, "elevation_m": 12.8936767578125, "population": 24509.30859375 }, "geometry": { "type": "Point", "coordinates": [ 80.222259, 13.0326034 ] } },
{ "type": "Feature", "properties": { "osmid": 1723299452, "y": 13.0330183, "x": 80.2204674, "street_count": 1, "highway": null, "elevation_m": 13.43598747253418, "population": 26918.638671875 }, "geometry": { "type": "Point", "coordinates": [ 80.2204674, 13.0330183 ] } },
{ "type": "Feature", "properties": { "osmid": 1723299453, "y": 13.0279981, "x": 80.2296258, "street_count": 3, "highway": null, "elevation_m": 14.685538291931152, "population": 23049.033203125 }, "geometry": { "type": "Point", "coordinates": [ 80.2296258, 13.0279981 ] } },
{ "type": "Feature", "properties": { "osmid": 1723299468, "y": 13.0326095, "x": 80.2247833, "street_count": 3, "highway": null, "elevation_m": 11.800457954406738, "population": 23049.033203125 }, "geometry": { "type": "Point", "coordinates": [ 80.2247833, 13.0326095 ] } },
{ "type": "Feature", "properties": { "osmid": 1723299478, "y": 13.0332329, "x": 80.2210248, "street_count": 1, "highway": null, "elevation_m": 13.790690422058105, "population": 26918.638671875 }, "geometry": { "type": "Point", "coordinates": [ 80.2210248, 13.0332329 ] } },
{ "type": "Feature", "properties": { "osmid": 1723299482, "y": 13.0316091, "x": 80.2246509, "street_count": 3, "highway": null, "elevation_m": 15.913744926452637, "population": 23049.033203125 }, "geometry": { "type": "Point", "coordinates": [ 80.2246509, 13.0316091 ] } },
{ "type": "Feature", "properties": { "osmid": 1723299483, "y": 13.0316036, "x": 80.2222086, "street_count": 3, "highway": null, "elevation_m": 12.479804992675781, "population": 24509.30859375 }, "geometry": { "type": "Point", "coordinates": [ 80.2222086, 13.0316036 ] } },
{ "type": "Feature", "properties": { "osmid": 1723299491, "y": 13.032232, "x": 80.2205551, "street_count": 4, "highway": null, "elevation_m": 10.651321411132812, "population": 24509.30859375 }, "geometry": { "type": "Point", "coordinates": [ 80.2205551, 13.032232 ] } },
{ "type": "Feature", "properties": { "osmid": 1954824798, "y": 13.0548053, "x": 80.2307959, "street_count": 3, "highway": null, "elevation_m": 12.796122550964355, "population": 20723.693359375 }, "geometry": { "type": "Point", "coordinates": [ 80.2307959, 13.0548053 ] } },
{ "type": "Feature", "properties": { "osmid": 1954824801, "y": 13.0548654, "x": 80.2289931, "street_count": 3, "highway": null, "elevation_m": 13.957413673400879, "population": 20723.693359375 }, "geometry": { "type": "Point", "coordinates": [ 80.2289931, 13.0548654 ] } },
{ "type": "Feature", "properties": { "osmid": 1954824808, "y": 13.0555461, "x": 80.2309021, "street_count": 3, "highway": null, "elevation_m": 16.26690673828125, "population": 20723.693359375 }, "geometry": { "type": "Point", "coordinates": [ 80.2309021, 13.0555461 ] } },
{ "type": "Feature", "properties": { "osmid": 1954824812, "y": 13.055729, "x": 80.2259963, "street_count": 3, "highway": null, "elevation_m": 13.536971092224121, "population": 20723.693359375 }, "geometry": { "type": "Point", "coordinates": [ 80.2259963, 13.055729 ] } },
{ "type": "Feature", "properties": { "osmid": 1954824813, "y": 13.0558142, "x": 80.2240818, "street_count": 4, "highway": null, "elevation_m": 15.386218070983887, "population": 20723.693359375 }, "geometry": { "type": "Point", "coordinates": [ 80.2240818, 13.0558142 ] } },
{ "type": "Feature", "properties": { "osmid": 1954824814, "y": 13.0559736, "x": 80.229185, "street_count": 3, "highway": null, "elevation_m": 15.52015495300293, "population": 20723.693359375 }, "geometry": { "type": "Point", "coordinates": [ 80.229185, 13.0559736 ] } },
{ "type": "Feature", "properties": { "osmid": 1954824816, "y": 13.0560475, "x": 80.2176635, "street_count": 3, "highway": null, "elevation_m": 15.150853157043457, "population": 16902.220703125 }, "geometry": { "type": "Point", "coordinates": [ 80.2176635, 13.0560475 ] } },
{ "type": "Feature", "properties": { "osmid": 1954824818, "y": 13.0561192, "x": 80.2282424, "street_count": 3, "highway": null, "elevation_m": 12.840568542480469, "population": 20723.693359375 }, "geometry": { "type": "Point", "coordinates": [ 80.2282424, 13.0561192 ] } },
{ "type": "Feature", "properties": { "osmid": 1954824820, "y": 13.0562342, "x": 80.2310381, "street_count": 3, "highway": null, "elevation_m": 12.64909839630127, "population": 20723.693359375 }, "geometry": { "type": "Point", "coordinates": [ 80.2310381, 13.0562342 ] } },
{ "type": "Feature", "properties": { "osmid": 1954824822, "y": 13.0563225, "x": 80.2192338, "street_count": 3, "highway": null, "elevation_m": 14.103710174560547, "population": 16902.220703125 }, "geometry": { "type": "Point", "coordinates": [ 80.2192338, 13.0563225 ] } },
{ "type": "Feature", "properties": { "osmid": 1954824825, "y": 13.0564766, "x": 80.2184447, "street_count": 3, "highway": null, "elevation_m": 17.555477142333984, "population": 16902.220703125 }, "geometry": { "type": "Point", "coordinates": [ 80.2184447, 13.0564766 ] } },
{ "type": "Feature", "properties": { "osmid": 1954824827, "y": 13.0565589, "x": 80.2274482, "street_count": 3, "highway": null, "elevation_m": 12.510661125183105, "population": 20723.693359375 }, "geometry": { "type": "Point", "coordinates": [ 80.2274482, 13.0565589 ] } },
{ "type": "Feature", "properties": { "osmid": 1954824831, "y": 13.0566309, "x": 80.22157, "street_count": 3, "highway": null, "elevation_m": 14.599804878234863, "population": 16902.220703125 }, "geometry": { "type": "Point", "coordinates": [ 80.22157, 13.0566309 ] } },
{ "type": "Feature", "properties": { "osmid": 1954824835, "y": 13.0567553, "x": 80.2211191, "street_count": 3, "highway": null, "elevation_m": 14.913192749023438, "population": 16902.220703125 }, "geometry": { "type": "Point", "coordinates": [ 80.2211191, 13.0567553 ] } },
{ "type": "Feature", "properties": { "osmid": 1954824837, "y": 13.0568166, "x": 80.2208523, "street_count": 3, "highway": null, "elevation_m": 13.798820495605469, "population": 16902.220703125 }, "geometry": { "type": "Point", "coordinates": [ 80.2208523, 13.0568166 ] } },
{ "type": "Feature", "properties": { "osmid": 1954824839, "y": 13.05685, "x": 80.2175728, "street_count": 3, "highway": null, "elevation_m": 14.940186500549316, "population": 16902.220703125 }, "geometry": { "type": "Point", "coordinates": [ 80.2175728, 13.05685 ] } },
{ "type": "Feature", "properties": { "osmid": 1954824852, "y": 13.0571596, "x": 80.2194259, "street_count": 3, "highway": null, "elevation_m": 13.667014122009277, "population": 16902.220703125 }, "geometry": { "type": "Point", "coordinates": [ 80.2194259, 13.0571596 ] } },
{ "type": "Feature", "properties": { "osmid": 1954824863, "y": 13.0575744, "x": 80.2270783, "street_count": 3, "highway": null, "elevation_m": 13.815476417541504, "population": 20723.693359375 }, "geometry": { "type": "Point", "coordinates": [ 80.2270783, 13.0575744 ] } },
{ "type": "Feature", "properties": { "osmid": 1954824869, "y": 13.0577518, "x": 80.2186044, "street_count": 3, "highway": null, "elevation_m": 15.455610275268555, "population": 16902.220703125 }, "geometry": { "type": "Point", "coordinates": [ 80.2186044, 13.0577518 ] } },
{ "type": "Feature", "properties": { "osmid": 1975496406, "y": 13.0533565, "x": 80.237001, "street_count": 3, "highway": null, "elevation_m": 15.648369789123535, "population": 22810.8515625 }, "geometry": { "type": "Point", "coordinates": [ 80.237001, 13.0533565 ] } },
{ "type": "Feature", "properties": { "osmid": 1975496408, "y": 13.053721, "x": 80.2371445, "street_count": 3, "highway": null, "elevation_m": 15.205183029174805, "population": 22810.8515625 }, "geometry": { "type": "Point", "coordinates": [ 80.2371445, 13.053721 ] } },
{ "type": "Feature", "properties": { "osmid": 1975496427, "y": 13.0561275, "x": 80.234784, "street_count": 3, "highway": null, "elevation_m": 12.456863403320312, "population": 22810.8515625 }, "geometry": { "type": "Point", "coordinates": [ 80.234784, 13.0561275 ] } },
{ "type": "Feature", "properties": { "osmid": 1975496433, "y": 13.0566158, "x": 80.2347796, "street_count": 4, "highway": null, "elevation_m": 10.57414436340332, "population": 22810.8515625 }, "geometry": { "type": "Point", "coordinates": [ 80.2347796, 13.0566158 ] } },
{ "type": "Feature", "properties": { "osmid": 1975496446, "y": 13.0569224, "x": 80.2428023, "street_count": 3, "highway": null, "elevation_m": 12.602710723876953, "population": 25040.6953125 }, "geometry": { "type": "Point", "coordinates": [ 80.2428023, 13.0569224 ] } },
{ "type": "Feature", "properties": { "osmid": 1975496454, "y": 13.0568463, "x": 80.2426311, "street_count": 3, "highway": null, "elevation_m": 9.8296432495117188, "population": 25040.6953125 }, "geometry": { "type": "Point", "coordinates": [ 80.2426311, 13.0568463 ] } },
{ "type": "Feature", "properties": { "osmid": 1975496482, "y": 13.0569952, "x": 80.2425522, "street_count": 3, "highway": null, "elevation_m": 9.8296432495117188, "population": 25040.6953125 }, "geometry": { "type": "Point", "coordinates": [ 80.2425522, 13.0569952 ] } },
{ "type": "Feature", "properties": { "osmid": 1975496503, "y": 13.0572444, "x": 80.2348227, "street_count": 4, "highway": null, "elevation_m": 13.436881065368652, "population": 22810.8515625 }, "geometry": { "type": "Point", "coordinates": [ 80.2348227, 13.0572444 ] } },
{ "type": "Feature", "properties": { "osmid": 1975496512, "y": 13.0574373, "x": 80.2393366, "street_count": 3, "highway": null, "elevation_m": 11.432762145996094, "population": 22810.8515625 }, "geometry": { "type": "Point", "coordinates": [ 80.2393366, 13.0574373 ] } },
{ "type": "Feature", "properties": { "osmid": 1975496514, "y": 13.057461, "x": 80.2382442, "street_count": 3, "highway": null, "elevation_m": 14.148780822753906, "population": 22810.8515625 }, "geometry": { "type": "Point", "coordinates": [ 80.2382442, 13.057461 ] } },
{ "type": "Feature", "properties": { "osmid": 1975496522, "y": 13.0575576, "x": 80.2414749, "street_count": 3, "highway": null, "elevation_m": 14.72199821472168, "population": 25040.6953125 }, "geometry": { "type": "Point", "coordinates": [ 80.2414749, 13.0575576 ] } },
{ "type": "Feature", "properties": { "osmid": 2001005425, "y": 13.0425978, "x": 80.238245, "street_count": 3, "highway": null, "elevation_m": 11.414787292480469, "population": 26002.5859375 }, "geometry": { "type": "Point", "coordinates": [ 80.238245, 13.0425978 ] } },
{ "type": "Feature", "properties": { "osmid": 2001005430, "y": 13.0410427, "x": 80.2361253, "street_count": 1, "highway": null, "elevation_m": 9.7180414199829102, "population": 24653.408203125 }, "geometry": { "type": "Point", "coordinates": [ 80.2361253, 13.0410427 ] } },
{ "type": "Feature", "properties": { "osmid": 2001005431, "y": 13.0385753, "x": 80.2378029, "street_count": 3, "highway": null, "elevation_m": 10.157155990600586, "population": 24653.408203125 }, "geometry": { "type": "Point", "coordinates": [ 80.2378029, 13.0385753 ] } },
{ "type": "Feature", "properties": { "osmid": 2001005457, "y": 13.0409583, "x": 80.2361116, "street_count": 3, "highway": null, "elevation_m": 14.844781875610352, "population": 24653.408203125 }, "geometry": { "type": "Point", "coordinates": [ 80.2361116, 13.0409583 ] } },
{ "type": "Feature", "properties": { "osmid": 2001005468, "y": 13.0391393, "x": 80.2346666, "street_count": 4, "highway": "traffic_signals", "elevation_m": 8.6953144073486328, "population": 24653.408203125 }, "geometry": { "type": "Point", "coordinates": [ 80.2346666, 13.0391393 ] } },
{ "type": "Feature", "properties": { "osmid": 2001005470, "y": 13.0406713, "x": 80.2382752, "street_count": 3, "highway": null, "elevation_m": 14.902514457702637, "population": 24653.408203125 }, "geometry": { "type": "Point", "coordinates": [ 80.2382752, 13.0406713 ] } },
{ "type": "Feature", "properties": { "osmid": 2001005478, "y": 13.0401158, "x": 80.2340782, "street_count": 3, "highway": null, "elevation_m": 15.850022315979004, "population": 24653.408203125 }, "geometry": { "type": "Point", "coordinates": [ 80.2340782, 13.0401158 ] } },
{ "type": "Feature", "properties": { "osmid": 2001005502, "y": 13.042018, "x": 80.2362593, "street_count": 3, "highway": null, "elevation_m": 13.65461540222168, "population": 26002.5859375 }, "geometry": { "type": "Point", "coordinates": [ 80.2362593, 13.042018 ] } },
{ "type": "Feature", "properties": { "osmid": 2001005510, "y": 13.0412971, "x": 80.2361582, "street_count": 3, "highway": null, "elevation_m": 18.966716766357422, "population": 26002.5859375 }, "geometry": { "type": "Point", "coordinates": [ 80.2361582, 13.0412971 ] } },
{ "type": "Feature", "properties": { "osmid": 2001005521, "y": 13.0404701, "x": 80.2396305, "street_count": 3, "highway": null, "elevation_m": 12.424638748168945, "population": 24653.408203125 }, "geometry": { "type": "Point", "coordinates": [ 80.2396305, 13.0404701 ] } },
{ "type": "Feature", "properties": { "osmid": 2001005529, "y": 13.0395318, "x": 80.2379634, "street_count": 3, "highway": null, "elevation_m": 10.876296997070312, "population": 24653.408203125 }, "geometry": { "type": "Point", "coordinates": [ 80.2379634, 13.0395318 ] } },
{ "type": "Feature", "properties": { "osmid": 2001025744, "y": 13.0441058, "x": 80.2354272, "street_count": 3, "highway": null, "elevation_m": 13.973444938659668, "population": 26002.5859375 }, "geometry": { "type": "Point", "coordinates": [ 80.2354272, 13.0441058 ] } },
{ "type": "Feature", "properties": { "osmid": 2001025751, "y": 13.0435871, "x": 80.2353634, "street_count": 3, "highway": null, "elevation_m": 16.727060317993164, "population": 26002.5859375 }, "geometry": { "type": "Point", "coordinates": [ 80.2353634, 13.0435871 ] } },
{ "type": "Feature", "properties": { "osmid": 2001025752, "y": 13.0416524, "x": 80.2362107, "street_count": 3, "highway": null, "elevation_m": 12.786416053771973, "population": 26002.5859375 }, "geometry": { "type": "Point", "coordinates": [ 80.2362107, 13.0416524 ] } },
{ "type": "Feature", "properties": { "osmid": 2001025756, "y": 13.0354525, "x": 80.2393377, "street_count": 4, "highway": null, "elevation_m": 14.22752857208252, "population": 24653.408203125 }, "geometry": { "type": "Point", "coordinates": [ 80.2393377, 13.0354525 ] } },
{ "type": "Feature", "properties": { "osmid": 2001025757, "y": 13.0403971, "x": 80.240288, "street_count": 3, "highway": null, "elevation_m": 14.784371376037598, "population": 24653.408203125 }, "geometry": { "type": "Point", "coordinates": [ 80.240288, 13.0403971 ] } },
{ "type": "Feature", "properties": { "osmid": 2001025762, "y": 13.0410949, "x": 80.2383347, "street_count": 4, "highway": null, "elevation_m": 14.200414657592773, "population": 24653.408203125 }, "geometry": { "type": "Point", "coordinates": [ 80.2383347, 13.0410949 ] } },
{ "type": "Feature", "properties": { "osmid": 2001025764, "y": 13.0353119, "x": 80.2395203, "street_count": 3, "highway": null, "elevation_m": 11.344917297363281, "population": 24653.408203125 }, "geometry": { "type": "Point", "coordinates": [ 80.2395203, 13.0353119 ] } },
{ "type": "Feature", "properties": { "osmid": 2001025765, "y": 13.0417548, "x": 80.2406756, "street_count": 4, "highway": null, "elevation_m": 14.16188907623291, "population": 27057.625 }, "geometry": { "type": "Point", "coordinates": [ 80.2406756, 13.0417548 ] } },
{ "type": "Feature", "properties": { "osmid": 2001025766, "y": 13.0425125, "x": 80.235435, "street_count": 3, "highway": null, "elevation_m": 11.277113914489746, "population": 26002.5859375 }, "geometry": { "type": "Point", "coordinates": [ 80.235435, 13.0425125 ] } },
{ "type": "Feature", "properties": { "osmid": 2001025770, "y": 13.0417498, "x": 80.2355028, "street_count": 1, "highway": null, "elevation_m": 14.238406181335449, "population": 26002.5859375 }, "geometry": { "type": "Point", "coordinates": [ 80.2355028, 13.0417498 ] } },
{ "type": "Feature", "properties": { "osmid": 2001025771, "y": 13.0408614, "x": 80.2405713, "street_count": 3, "highway": null, "elevation_m": 14.219704627990723, "population": 20546.419921875 }, "geometry": { "type": "Point", "coordinates": [ 80.2405713, 13.0408614 ] } },
{ "type": "Feature", "properties": { "osmid": 2001025774, "y": 13.0403129, "x": 80.2408166, "street_count": 3, "highway": null, "elevation_m": 15.044355392456055, "population": 20546.419921875 }, "geometry": { "type": "Point", "coordinates": [ 80.2408166, 13.0403129 ] } },
{ "type": "Feature", "properties": { "osmid": 2001037447, "y": 13.0395934, "x": 80.2355037, "street_count": 3, "highway": null, "elevation_m": 14.541685104370117, "population": 24653.408203125 }, "geometry": { "type": "Point", "coordinates": [ 80.2355037, 13.0395934 ] } },
{ "type": "Feature", "properties": { "osmid": 2001037450, "y": 13.0418054, "x": 80.238414, "street_count": 3, "highway": null, "elevation_m": 15.84026050567627, "population": 26002.5859375 }, "geometry": { "type": "Point", "coordinates": [ 80.238414, 13.0418054 ] } },
{ "type": "Feature", "properties": { "osmid": 2001077836, "y": 13.0390937, "x": 80.2397784, "street_count": 3, "highway": null, "elevation_m": 13.742702484130859, "population": 24653.408203125 }, "geometry": { "type": "Point", "coordinates": [ 80.2397784, 13.0390937 ] } },
{ "type": "Feature", "properties": { "osmid": 2068622246, "y": 13.0388875, "x": 80.2378607, "street_count": 3, "highway": null, "elevation_m": 12.868246078491211, "population": 24653.408203125 }, "geometry": { "type": "Point", "coordinates": [ 80.2378607, 13.0388875 ] } },
{ "type": "Feature", "properties": { "osmid": 2068622248, "y": 13.0366568, "x": 80.2338762, "street_count": 3, "highway": null, "elevation_m": 17.492422103881836, "population": 24653.408203125 }, "geometry": { "type": "Point", "coordinates": [ 80.2338762, 13.0366568 ] } },
{ "type": "Feature", "properties": { "osmid": 2068622249, "y": 13.0351646, "x": 80.2335305, "street_count": 3, "highway": null, "elevation_m": 13.923053741455078, "population": 24653.408203125 }, "geometry": { "type": "Point", "coordinates": [ 80.2335305, 13.0351646 ] } },
{ "type": "Feature", "properties": { "osmid": 2068622252, "y": 13.0390465, "x": 80.2368017, "street_count": 4, "highway": null, "elevation_m": 12.52878475189209, "population": 24653.408203125 }, "geometry": { "type": "Point", "coordinates": [ 80.2368017, 13.0390465 ] } },
{ "type": "Feature", "properties": { "osmid": 2068622257, "y": 13.0400339, "x": 80.2395593, "street_count": 3, "highway": null, "elevation_m": 13.010339736938477, "population": 24653.408203125 }, "geometry": { "type": "Point", "coordinates": [ 80.2395593, 13.0400339 ] } },
{ "type": "Feature", "properties": { "osmid": 2068622260, "y": 13.0380361, "x": 80.2342218, "street_count": 3, "highway": null, "elevation_m": 13.917952537536621, "population": 24653.408203125 }, "geometry": { "type": "Point", "coordinates": [ 80.2342218, 13.0380361 ] } },
{ "type": "Feature", "properties": { "osmid": 2068622261, "y": 13.0360584, "x": 80.2337462, "street_count": 3, "highway": null, "elevation_m": 15.427285194396973, "population": 24653.408203125 }, "geometry": { "type": "Point", "coordinates": [ 80.2337462, 13.0360584 ] } },
{ "type": "Feature", "properties": { "osmid": 2068622263, "y": 13.0383396, "x": 80.2396892, "street_count": 3, "highway": null, "elevation_m": 13.532438278198242, "population": 24653.408203125 }, "geometry": { "type": "Point", "coordinates": [ 80.2396892, 13.0383396 ] } },
{ "type": "Feature", "properties": { "osmid": 2068622264, "y": 13.0397986, "x": 80.2315664, "street_count": 4, "highway": null, "elevation_m": 15.551175117492676, "population": 19051.626953125 }, "geometry": { "type": "Point", "coordinates": [ 80.2315664, 13.0397986 ] } },
{ "type": "Feature", "properties": { "osmid": 2068622265, "y": 13.0374366, "x": 80.2340683, "street_count": 3, "highway": null, "elevation_m": 11.572985649108887, "population": 24653.408203125 }, "geometry": { "type": "Point", "coordinates": [ 80.2340683, 13.0374366 ] } },
{ "type": "Feature", "properties": { "osmid": 2068622268, "y": 13.0423685, "x": 80.2351708, "street_count": 3, "highway": null, "elevation_m": 11.85826587677002, "population": 26002.5859375 }, "geometry": { "type": "Point", "coordinates": [ 80.2351708, 13.0423685 ] } },
{ "type": "Feature", "properties": { "osmid": 2068622272, "y": 13.0391423, "x": 80.2394376, "street_count": 3, "highway": null, "elevation_m": 14.038628578186035, "population": 24653.408203125 }, "geometry": { "type": "Point", "coordinates": [ 80.2394376, 13.0391423 ] } },
{ "type": "Feature", "properties": { "osmid": 2068622274, "y": 13.0354803, "x": 80.2336102, "street_count": 3, "highway": null, "elevation_m": 12.984325408935547, "population": 24653.408203125 }, "geometry": { "type": "Point", "coordinates": [ 80.2336102, 13.0354803 ] } },
{ "type": "Feature", "properties": { "osmid": 2068622276, "y": 13.037205, "x": 80.2340129, "street_count": 3, "highway": null, "elevation_m": 14.277392387390137, "population": 24653.408203125 }, "geometry": { "type": "Point", "coordinates": [ 80.2340129, 13.037205 ] } },
{ "type": "Feature", "properties": { "osmid": 2068622278, "y": 13.0439749, "x": 80.238357, "street_count": 3, "highway": null, "elevation_m": 9.4755859375, "population": 26002.5859375 }, "geometry": { "type": "Point", "coordinates": [ 80.238357, 13.0439749 ] } },
{ "type": "Feature", "properties": { "osmid": 2068622280, "y": 13.036459, "x": 80.2338504, "street_count": 3, "highway": null, "elevation_m": 12.368709564208984, "population": 24653.408203125 }, "geometry": { "type": "Point", "coordinates": [ 80.2338504, 13.036459 ] } },
{ "type": "Feature", "properties": { "osmid": 2068622282, "y": 13.0418328, "x": 80.2381972, "street_count": 3, "highway": null, "elevation_m": 12.695717811584473, "population": 26002.5859375 }, "geometry": { "type": "Point", "coordinates": [ 80.2381972, 13.0418328 ] } },
{ "type": "Feature", "properties": { "osmid": 2068622283, "y": 13.042662, "x": 80.2359683, "street_count": 3, "highway": "traffic_signals", "elevation_m": 11.546401977539062, "population": 26002.5859375 }, "geometry": { "type": "Point", "coordinates": [ 80.2359683, 13.042662 ] } },
{ "type": "Feature", "properties": { "osmid": 2068622285, "y": 13.0434293, "x": 80.2374176, "street_count": 3, "highway": null, "elevation_m": 13.436887741088867, "population": 26002.5859375 }, "geometry": { "type": "Point", "coordinates": [ 80.2374176, 13.0434293 ] } },
{ "type": "Feature", "properties": { "osmid": 2167071716, "y": 13.0376744, "x": 80.2309456, "street_count": 3, "highway": null, "elevation_m": 13.422325134277344, "population": 19051.626953125 }, "geometry": { "type": "Point", "coordinates": [ 80.2309456, 13.0376744 ] } },
{ "type": "Feature", "properties": { "osmid": 2167071720, "y": 13.0383402, "x": 80.228641, "street_count": 3, "highway": null, "elevation_m": 16.427082061767578, "population": 19051.626953125 }, "geometry": { "type": "Point", "coordinates": [ 80.228641, 13.0383402 ] } },
{ "type": "Feature", "properties": { "osmid": 2167071721, "y": 13.0387104, "x": 80.2312648, "street_count": 3, "highway": null, "elevation_m": 12.675410270690918, "population": 19051.626953125 }, "geometry": { "type": "Point", "coordinates": [ 80.2312648, 13.0387104 ] } },
{ "type": "Feature", "properties": { "osmid": 2167071723, "y": 13.0405662, "x": 80.2317393, "street_count": 3, "highway": null, "elevation_m": 9.1652259826660156, "population": 19051.626953125 }, "geometry": { "type": "Point", "coordinates": [ 80.2317393, 13.0405662 ] } },
{ "type": "Feature", "properties": { "osmid": 2167071727, "y": 13.0442205, "x": 80.2255568, "street_count": 3, "highway": null, "elevation_m": 11.097857475280762, "population": 24514.197265625 }, "geometry": { "type": "Point", "coordinates": [ 80.2255568, 13.0442205 ] } },
{ "type": "Feature", "properties": { "osmid": 2167169187, "y": 13.0440371, "x": 80.2447273, "street_count": 3, "highway": null, "elevation_m": 13.335659027099609, "population": 27057.625 }, "geometry": { "type": "Point", "coordinates": [ 80.2447273, 13.0440371 ] } },
{ "type": "Feature", "properties": { "osmid": 2168563660, "y": 13.0477559, "x": 80.2413332, "street_count": 1, "highway": null, "elevation_m": 14.802648544311523, "population": 27057.625 }, "geometry": { "type": "Point", "coordinates": [ 80.2413332, 13.0477559 ] } },
{ "type": "Feature", "properties": { "osmid": 2168615883, "y": 13.0470697, "x": 80.2247235, "street_count": 4, "highway": null, "elevation_m": 12.894336700439453, "population": 24514.197265625 }, "geometry": { "type": "Point", "coordinates": [ 80.2247235, 13.0470697 ] } },
{ "type": "Feature", "properties": { "osmid": 2168615884, "y": 13.0480784, "x": 80.2266571, "street_count": 4, "highway": null, "elevation_m": 13.19880199432373, "population": 24514.197265625 }, "geometry": { "type": "Point", "coordinates": [ 80.2266571, 13.0480784 ] } },
{ "type": "Feature", "properties": { "osmid": 2168615885, "y": 13.0486644, "x": 80.2268259, "street_count": 3, "highway": null, "elevation_m": 14.730207443237305, "population": 24514.197265625 }, "geometry": { "type": "Point", "coordinates": [ 80.2268259, 13.0486644 ] } },
{ "type": "Feature", "properties": { "osmid": 2168615886, "y": 13.0488481, "x": 80.2259305, "street_count": 3, "highway": null, "elevation_m": 14.13853645324707, "population": 24514.197265625 }, "geometry": { "type": "Point", "coordinates": [ 80.2259305, 13.0488481 ] } },
{ "type": "Feature", "properties": { "osmid": 2168615891, "y": 13.0492929, "x": 80.2250331, "street_count": 4, "highway": null, "elevation_m": 13.183903694152832, "population": 24514.197265625 }, "geometry": { "type": "Point", "coordinates": [ 80.2250331, 13.0492929 ] } },
{ "type": "Feature", "properties": { "osmid": 2168615892, "y": 13.0497781, "x": 80.2289949, "street_count": 3, "highway": null, "elevation_m": 15.090058326721191, "population": 20723.693359375 }, "geometry": { "type": "Point", "coordinates": [ 80.2289949, 13.0497781 ] } },
{ "type": "Feature", "properties": { "osmid": 2168615896, "y": 13.0558678, "x": 80.2226928, "street_count": 4, "highway": null, "elevation_m": 14.38372802734375, "population": 16902.220703125 }, "geometry": { "type": "Point", "coordinates": [ 80.2226928, 13.0558678 ] } },
{ "type": "Feature", "properties": { "osmid": 2168615897, "y": 13.0569044, "x": 80.2241469, "street_count": 4, "highway": null, "elevation_m": 14.385056495666504, "population": 20723.693359375 }, "geometry": { "type": "Point", "coordinates": [ 80.2241469, 13.0569044 ] } },
{ "type": "Feature", "properties": { "osmid": 2168615898, "y": 13.0569596, "x": 80.2228053, "street_count": 4, "highway": null, "elevation_m": 13.024656295776367, "population": 16902.220703125 }, "geometry": { "type": "Point", "coordinates": [ 80.2228053, 13.0569596 ] } },
{ "type": "Feature", "properties": { "osmid": 2168668916, "y": 13.0257014, "x": 80.2270616, "street_count": 3, "highway": null, "elevation_m": 11.986123085021973, "population": 23049.033203125 }, "geometry": { "type": "Point", "coordinates": [ 80.2270616, 13.0257014 ] } },
{ "type": "Feature", "properties": { "osmid": 2168668920, "y": 13.0258319, "x": 80.2310137, "street_count": 3, "highway": null, "elevation_m": 15.378383636474609, "population": 23049.033203125 }, "geometry": { "type": "Point", "coordinates": [ 80.2310137, 13.0258319 ] } },
{ "type": "Feature", "properties": { "osmid": 2168668922, "y": 13.0258671, "x": 80.2256399, "street_count": 3, "highway": null, "elevation_m": 12.404157638549805, "population": 23049.033203125 }, "geometry": { "type": "Point", "coordinates": [ 80.2256399, 13.0258671 ] } },
{ "type": "Feature", "properties": { "osmid": 2168668925, "y": 13.0264246, "x": 80.2275123, "street_count": 1, "highway": null, "elevation_m": 9.7417688369750977, "population": 23049.033203125 }, "geometry": { "type": "Point", "coordinates": [ 80.2275123, 13.0264246 ] } },
{ "type": "Feature", "properties": { "osmid": 2168668927, "y": 13.0263066, "x": 80.2267453, "street_count": 1, "highway": null, "elevation_m": 10.209662437438965, "population": 23049.033203125 }, "geometry": { "type": "Point", "coordinates": [ 80.2267453, 13.0263066 ] } },
{ "type": "Feature", "properties": { "osmid": 2168668934, "y": 13.026593, "x": 80.225462, "street_count": 3, "highway": null, "elevation_m": 8.6591997146606445, "population": 23049.033203125 }, "geometry": { "type": "Point", "coordinates": [ 80.225462, 13.026593 ] } },
{ "type": "Feature", "properties": { "osmid": 2168668937, "y": 13.0265978, "x": 80.2271067, "street_count": 3, "highway": null, "elevation_m": 9.9899988174438477, "population": 23049.033203125 }, "geometry": { "type": "Point", "coordinates": [ 80.2271067, 13.0265978 ] } },
{ "type": "Feature", "properties": { "osmid": 2168668950, "y": 13.0288636, "x": 80.2249413, "street_count": 1, "highway": null, "elevation_m": 12.775506019592285, "population": 23049.033203125 }, "geometry": { "type": "Point", "coordinates": [ 80.2249413, 13.0288636 ] } },
{ "type": "Feature", "properties": { "osmid": 2168668955, "y": 13.0290547, "x": 80.2239354, "street_count": 3, "highway": null, "elevation_m": 9.231236457824707, "population": 23049.033203125 }, "geometry": { "type": "Point", "coordinates": [ 80.2239354, 13.0290547 ] } },
{ "type": "Feature", "properties": { "osmid": 2168668962, "y": 13.0294462, "x": 80.2238929, "street_count": 3, "highway": null, "elevation_m": 12.769355773925781, "population": 23049.033203125 }, "geometry": { "type": "Point", "coordinates": [ 80.2238929, 13.0294462 ] } },
{ "type": "Feature", "properties": { "osmid": 2168668966, "y": 13.0296281, "x": 80.2273717, "street_count": 3, "highway": null, "elevation_m": 9.8764657974243164, "population": 23049.033203125 }, "geometry": { "type": "Point", "coordinates": [ 80.2273717, 13.0296281 ] } },
{ "type": "Feature", "properties": { "osmid": 2168676378, "y": 13.0486902, "x": 80.2207591, "street_count": 3, "highway": null, "elevation_m": 17.45557975769043, "population": 26320.1796875 }, "geometry": { "type": "Point", "coordinates": [ 80.2207591, 13.0486902 ] } },
{ "type": "Feature", "properties": { "osmid": 2168676379, "y": 13.0557619, "x": 80.2183284, "street_count": 3, "highway": null, "elevation_m": 14.190643310546875, "population": 16902.220703125 }, "geometry": { "type": "Point", "coordinates": [ 80.2183284, 13.0557619 ] } },
{ "type": "Feature", "properties": { "osmid": 2168676380, "y": 13.0557884, "x": 80.2176641, "street_count": 3, "highway": null, "elevation_m": 15.856608390808105, "population": 16902.220703125 }, "geometry": { "type": "Point", "coordinates": [ 80.2176641, 13.0557884 ] } },
{ "type": "Feature", "properties": { "osmid": 2168676381, "y": 13.057174, "x": 80.2185357, "street_count": 3, "highway": null, "elevation_m": 16.560308456420898, "population": 16902.220703125 }, "geometry": { "type": "Point", "coordinates": [ 80.2185357, 13.057174 ] } },
{ "type": "Feature", "properties": { "osmid": 2168676382, "y": 13.0571934, "x": 80.2182387, "street_count": 3, "highway": null, "elevation_m": 17.113229751586914, "population": 16902.220703125 }, "geometry": { "type": "Point", "coordinates": [ 80.2182387, 13.0571934 ] } },
{ "type": "Feature", "properties": { "osmid": 2168676383, "y": 13.0572261, "x": 80.2194419, "street_count": 3, "highway": null, "elevation_m": 13.667014122009277, "population": 16902.220703125 }, "geometry": { "type": "Point", "coordinates": [ 80.2194419, 13.0572261 ] } },
{ "type": "Feature", "properties": { "osmid": 2168676386, "y": 13.0576693, "x": 80.2195312, "street_count": 3, "highway": null, "elevation_m": 13.881580352783203, "population": 16902.220703125 }, "geometry": { "type": "Point", "coordinates": [ 80.2195312, 13.0576693 ] } },
{ "type": "Feature", "properties": { "osmid": 2168721181, "y": 13.0294729, "x": 80.2233078, "street_count": 3, "highway": null, "elevation_m": 10.485874176025391, "population": 24509.30859375 }, "geometry": { "type": "Point", "coordinates": [ 80.2233078, 13.0294729 ] } },
{ "type": "Feature", "properties": { "osmid": 2168721189, "y": 13.0298207, "x": 80.2248251, "street_count": 1, "highway": null, "elevation_m": 12.119478225708008, "population": 23049.033203125 }, "geometry": { "type": "Point", "coordinates": [ 80.2248251, 13.0298207 ] } },
{ "type": "Feature", "properties": { "osmid": 2168721202, "y": 13.0306151, "x": 80.2239466, "street_count": 3, "highway": null, "elevation_m": 11.924251556396484, "population": 23049.033203125 }, "geometry": { "type": "Point", "coordinates": [ 80.2239466, 13.0306151 ] } },
{ "type": "Feature", "properties": { "osmid": 2168721207, "y": 13.0307062, "x": 80.2233748, "street_count": 3, "highway": null, "elevation_m": 12.004690170288086, "population": 24509.30859375 }, "geometry": { "type": "Point", "coordinates": [ 80.2233748, 13.0307062 ] } },
{ "type": "Feature", "properties": { "osmid": 2168721210, "y": 13.0307592, "x": 80.2254579, "street_count": 3, "highway": null, "elevation_m": 11.105358123779297, "population": 23049.033203125 }, "geometry": { "type": "Point", "coordinates": [ 80.2254579, 13.0307592 ] } },
{ "type": "Feature", "properties": { "osmid": 2168721227, "y": 13.0311818, "x": 80.2239779, "street_count": 3, "highway": null, "elevation_m": 11.931439399719238, "population": 23049.033203125 }, "geometry": { "type": "Point", "coordinates": [ 80.2239779, 13.0311818 ] } },
{ "type": "Feature", "properties": { "osmid": 2168721229, "y": 13.0312048, "x": 80.2232946, "street_count": 3, "highway": null, "elevation_m": 12.332647323608398, "population": 24509.30859375 }, "geometry": { "type": "Point", "coordinates": [ 80.2232946, 13.0312048 ] } },
{ "type": "Feature", "properties": { "osmid": 2168721234, "y": 13.0317805, "x": 80.2255984, "street_count": 3, "highway": null, "elevation_m": 12.194963455200195, "population": 23049.033203125 }, "geometry": { "type": "Point", "coordinates": [ 80.2255984, 13.0317805 ] } },
{ "type": "Feature", "properties": { "osmid": 2168721236, "y": 13.0319005, "x": 80.2251966, "street_count": 4, "highway": null, "elevation_m": 10.133131980895996, "population": 23049.033203125 }, "geometry": { "type": "Point", "coordinates": [ 80.2251966, 13.0319005 ] } },
{ "type": "Feature", "properties": { "osmid": 2168721238, "y": 13.0323366, "x": 80.2233308, "street_count": 1, "highway": null, "elevation_m": 11.556586265563965, "population": 24509.30859375 }, "geometry": { "type": "Point", "coordinates": [ 80.2233308, 13.0323366 ] } },
{ "type": "Feature", "properties": { "osmid": 2168721245, "y": 13.0320705, "x": 80.2335222, "street_count": 1, "highway": null, "elevation_m": 7.6830062866210938, "population": 15232.8125 }, "geometry": { "type": "Point", "coordinates": [ 80.2335222, 13.0320705 ] } },
{ "type": "Feature", "properties": { "osmid": 2168721258, "y": 13.0324559, "x": 80.2352443, "street_count": 3, "highway": null, "elevation_m": 11.609192848205566, "population": 15232.8125 }, "geometry": { "type": "Point", "coordinates": [ 80.2352443, 13.0324559 ] } },
{ "type": "Feature", "properties": { "osmid": 2168721260, "y": 13.0327276, "x": 80.2348197, "street_count": 1, "highway": null, "elevation_m": 15.302266120910645, "population": 15232.8125 }, "geometry": { "type": "Point", "coordinates": [ 80.2348197, 13.0327276 ] } },
{ "type": "Feature", "properties": { "osmid": 2168721264, "y": 13.0329135, "x": 80.2341068, "street_count": 3, "highway": null, "elevation_m": 14.930023193359375, "population": 15232.8125 }, "geometry": { "type": "Point", "coordinates": [ 80.2341068, 13.0329135 ] } },
{ "type": "Feature", "properties": { "osmid": 2168721265, "y": 13.0329161, "x": 80.2337542, "street_count": 1, "highway": null, "elevation_m": 12.49601936340332, "population": 15232.8125 }, "geometry": { "type": "Point", "coordinates": [ 80.2337542, 13.0329161 ] } },
{ "type": "Feature", "properties": { "osmid": 2168721267, "y": 13.0330905, "x": 80.2352243, "street_count": 3, "highway": null, "elevation_m": 11.49549388885498, "population": 24653.408203125 }, "geometry": { "type": "Point", "coordinates": [ 80.2352243, 13.0330905 ] } },
{ "type": "Feature", "properties": { "osmid": 2168721271, "y": 13.0337158, "x": 80.2352077, "street_count": 3, "highway": null, "elevation_m": 12.44809627532959, "population": 24653.408203125 }, "geometry": { "type": "Point", "coordinates": [ 80.2352077, 13.0337158 ] } },
{ "type": "Feature", "properties": { "osmid": 2168721292, "y": 13.0362603, "x": 80.2253523, "street_count": 3, "highway": null, "elevation_m": 15.857873916625977, "population": 19051.626953125 }, "geometry": { "type": "Point", "coordinates": [ 80.2253523, 13.0362603 ] } },
{ "type": "Feature", "properties": { "osmid": 2168721294, "y": 13.0365765, "x": 80.225977, "street_count": 1, "highway": null, "elevation_m": 12.962192535400391, "population": 19051.626953125 }, "geometry": { "type": "Point", "coordinates": [ 80.225977, 13.0365765 ] } },
{ "type": "Feature", "properties": { "osmid": 2168721295, "y": 13.036775, "x": 80.2306656, "street_count": 4, "highway": null, "elevation_m": 15.71292781829834, "population": 19051.626953125 }, "geometry": { "type": "Point", "coordinates": [ 80.2306656, 13.036775 ] } },
{ "type": "Feature", "properties": { "osmid": 2168756211, "y": 13.0497233, "x": 80.2224265, "street_count": 1, "highway": null, "elevation_m": 13.651716232299805, "population": 16902.220703125 }, "geometry": { "type": "Point", "coordinates": [ 80.2224265, 13.0497233 ] } },
{ "type": "Feature", "properties": { "osmid": 2168756215, "y": 13.0500056, "x": 80.2234056, "street_count": 3, "highway": null, "elevation_m": 16.371952056884766, "population": 16902.220703125 }, "geometry": { "type": "Point", "coordinates": [ 80.2234056, 13.0500056 ] } },
{ "type": "Feature", "properties": { "osmid": 2168756222, "y": 13.0501211, "x": 80.2225427, "street_count": 1, "highway": null, "elevation_m": 13.902543067932129, "population": 16902.220703125 }, "geometry": { "type": "Point", "coordinates": [ 80.2225427, 13.0501211 ] } },
{ "type": "Feature", "properties": { "osmid": 2168756238, "y": 13.0514019, "x": 80.2237041, "street_count": 3, "highway": null, "elevation_m": 13.390815734863281, "population": 16902.220703125 }, "geometry": { "type": "Point", "coordinates": [ 80.2237041, 13.0514019 ] } },
{ "type": "Feature", "properties": { "osmid": 2172914945, "y": 13.0270724, "x": 80.2219945, "street_count": 1, "highway": null, "elevation_m": 13.501566886901855, "population": 24509.30859375 }, "geometry": { "type": "Point", "coordinates": [ 80.2219945, 13.0270724 ] } },
{ "type": "Feature", "properties": { "osmid": 2172914953, "y": 13.0280816, "x": 80.2204046, "street_count": 1, "highway": null, "elevation_m": 13.921082496643066, "population": 24509.30859375 }, "geometry": { "type": "Point", "coordinates": [ 80.2204046, 13.0280816 ] } },
{ "type": "Feature", "properties": { "osmid": 2172914956, "y": 13.0280261, "x": 80.2209618, "street_count": 3, "highway": null, "elevation_m": 13.721229553222656, "population": 24509.30859375 }, "geometry": { "type": "Point", "coordinates": [ 80.2209618, 13.0280261 ] } },
{ "type": "Feature", "properties": { "osmid": 2172914960, "y": 13.0285722, "x": 80.2210234, "street_count": 3, "highway": null, "elevation_m": 10.475093841552734, "population": 24509.30859375 }, "geometry": { "type": "Point", "coordinates": [ 80.2210234, 13.0285722 ] } },
{ "type": "Feature", "properties": { "osmid": 2172914961, "y": 13.0290161, "x": 80.2217859, "street_count": 3, "highway": null, "elevation_m": 13.812231063842773, "population": 24509.30859375 }, "geometry": { "type": "Point", "coordinates": [ 80.2217859, 13.0290161 ] } },
{ "type": "Feature", "properties": { "osmid": 2172914967, "y": 13.0298277, "x": 80.2226014, "street_count": 3, "highway": null, "elevation_m": 11.61493968963623, "population": 24509.30859375 }, "geometry": { "type": "Point", "coordinates": [ 80.2226014, 13.0298277 ] } },
{ "type": "Feature", "properties": { "osmid": 2172914968, "y": 13.0304132, "x": 80.2226553, "street_count": 1, "highway": null, "elevation_m": 12.389209747314453, "population": 24509.30859375 }, "geometry": { "type": "Point", "coordinates": [ 80.2226553, 13.0304132 ] } },
{ "type": "Feature", "properties": { "osmid": 2172916520, "y": 13.0294456, "x": 80.2200791, "street_count": 3, "highway": null, "elevation_m": 12.540181159973145, "population": 24509.30859375 }, "geometry": { "type": "Point", "coordinates": [ 80.2200791, 13.0294456 ] } },
{ "type": "Feature", "properties": { "osmid": 2172916521, "y": 13.0302601, "x": 80.2189382, "street_count": 3, "highway": null, "elevation_m": 12.140013694763184, "population": 24509.30859375 }, "geometry": { "type": "Point", "coordinates": [ 80.2189382, 13.0302601 ] } },
{ "type": "Feature", "properties": { "osmid": 2172916522, "y": 13.0305636, "x": 80.2202373, "street_count": 3, "highway": null, "elevation_m": 13.425865173339844, "population": 24509.30859375 }, "geometry": { "type": "Point", "coordinates": [ 80.2202373, 13.0305636 ] } },
{ "type": "Feature", "properties": { "osmid": 2172916523, "y": 13.0306755, "x": 80.2190144, "street_count": 3, "highway": null, "elevation_m": 12.641057014465332, "population": 24509.30859375 }, "geometry": { "type": "Point", "coordinates": [ 80.2190144, 13.0306755 ] } },
{ "type": "Feature", "properties": { "osmid": 2172916524, "y": 13.0309249, "x": 80.2202369, "street_count": 3, "highway": null, "elevation_m": 13.820222854614258, "population": 24509.30859375 }, "geometry": { "type": "Point", "coordinates": [ 80.2202369, 13.0309249 ] } },
{ "type": "Feature", "properties": { "osmid": 2172916525, "y": 13.0309993, "x": 80.2190485, "street_count": 3, "highway": null, "elevation_m": 15.745556831359863, "population": 24509.30859375 }, "geometry": { "type": "Point", "coordinates": [ 80.2190485, 13.0309993 ] } },
{ "type": "Feature", "properties": { "osmid": 2172916526, "y": 13.0316202, "x": 80.2190948, "street_count": 3, "highway": null, "elevation_m": 13.310000419616699, "population": 24509.30859375 }, "geometry": { "type": "Point", "coordinates": [ 80.2190948, 13.0316202 ] } },
{ "type": "Feature", "properties": { "osmid": 2172960305, "y": 13.055615, "x": 80.2433182, "street_count": 3, "highway": null, "elevation_m": 15.33543872833252, "population": 25040.6953125 }, "geometry": { "type": "Point", "coordinates": [ 80.2433182, 13.055615 ] } },
{ "type": "Feature", "properties": { "osmid": 2172960310, "y": 13.055764, "x": 80.2445841, "street_count": 3, "highway": null, "elevation_m": 12.673222541809082, "population": 25040.6953125 }, "geometry": { "type": "Point", "coordinates": [ 80.2445841, 13.055764 ] } },
{ "type": "Feature", "properties": { "osmid": 2197202939, "y": 13.032369, "x": 80.2390021, "street_count": 2, "highway": null, "elevation_m": 13.722115516662598, "population": 15232.8125 }, "geometry": { "type": "Point", "coordinates": [ 80.2390021, 13.032369 ] } },
{ "type": "Feature", "properties": { "osmid": 2197202941, "y": 13.0335189, "x": 80.2382686, "street_count": 4, "highway": null, "elevation_m": 15.349989891052246, "population": 24653.408203125 }, "geometry": { "type": "Point", "coordinates": [ 80.2382686, 13.0335189 ] } },
{ "type": "Feature", "properties": { "osmid": 2197202945, "y": 13.0344493, "x": 80.2376925, "street_count": 4, "highway": null, "elevation_m": 2.0985147953033447, "population": 24653.408203125 }, "geometry": { "type": "Point", "coordinates": [ 80.2376925, 13.0344493 ] } },
{ "type": "Feature", "properties": { "osmid": 2197202947, "y": 13.0353381, "x": 80.2369573, "street_count": 4, "highway": null, "elevation_m": 13.361514091491699, "population": 24653.408203125 }, "geometry": { "type": "Point", "coordinates": [ 80.2369573, 13.0353381 ] } },
{ "type": "Feature", "properties": { "osmid": 2197202949, "y": 13.0362747, "x": 80.2363691, "street_count": 3, "highway": null, "elevation_m": 12.446637153625488, "population": 24653.408203125 }, "geometry": { "type": "Point", "coordinates": [ 80.2363691, 13.0362747 ] } },
{ "type": "Feature", "properties": { "osmid": 2197202951, "y": 13.0367601, "x": 80.2360711, "street_count": 4, "highway": null, "elevation_m": 15.855582237243652, "population": 24653.408203125 }, "geometry": { "type": "Point", "coordinates": [ 80.2360711, 13.0367601 ] } },
{ "type": "Feature", "properties": { "osmid": 2197202960, "y": 13.0390996, "x": 80.2345921, "street_count": 4, "highway": "traffic_signals", "elevation_m": 8.6953144073486328, "population": 24653.408203125 }, "geometry": { "type": "Point", "coordinates": [ 80.2345921, 13.0390996 ] } },
{ "type": "Feature", "properties": { "osmid": 2197202980, "y": 13.0404287, "x": 80.2399497, "street_count": 3, "highway": null, "elevation_m": 9.9768075942993164, "population": 24653.408203125 }, "geometry": { "type": "Point", "coordinates": [ 80.2399497, 13.0404287 ] } },
{ "type": "Feature", "properties": { "osmid": 2197202984, "y": 13.0404293, "x": 80.2405137, "street_count": 4, "highway": null, "elevation_m": 10.918465614318848, "population": 20546.419921875 }, "geometry": { "type": "Point", "coordinates": [ 80.2405137, 13.0404293 ] } },
{ "type": "Feature", "properties": { "osmid": 2197203112, "y": 13.0418188, "x": 80.2340633, "street_count": 3, "highway": null, "elevation_m": 15.817207336425781, "population": 26002.5859375 }, "geometry": { "type": "Point", "coordinates": [ 80.2340633, 13.0418188 ] } },
{ "type": "Feature", "properties": { "osmid": 2197203129, "y": 13.0429694, "x": 80.232425, "street_count": 3, "highway": null, "elevation_m": 12.97701358795166, "population": 26002.5859375 }, "geometry": { "type": "Point", "coordinates": [ 80.232425, 13.0429694 ] } },
{ "type": "Feature", "properties": { "osmid": 2197203130, "y": 13.0435329, "x": 80.232431, "street_count": 3, "highway": null, "elevation_m": 12.751655578613281, "population": 26002.5859375 }, "geometry": { "type": "Point", "coordinates": [ 80.232431, 13.0435329 ] } },
{ "type": "Feature", "properties": { "osmid": 2197203132, "y": 13.0440027, "x": 80.232472, "street_count": 3, "highway": null, "elevation_m": 10.046877861022949, "population": 26002.5859375 }, "geometry": { "type": "Point", "coordinates": [ 80.232472, 13.0440027 ] } },
{ "type": "Feature", "properties": { "osmid": 2197203133, "y": 13.044565, "x": 80.2325719, "street_count": 3, "highway": null, "elevation_m": 11.970524787902832, "population": 26002.5859375 }, "geometry": { "type": "Point", "coordinates": [ 80.2325719, 13.044565 ] } },
{ "type": "Feature", "properties": { "osmid": 2197203134, "y": 13.0450562, "x": 80.232625, "street_count": 3, "highway": null, "elevation_m": 16.178092956542969, "population": 26002.5859375 }, "geometry": { "type": "Point", "coordinates": [ 80.232625, 13.0450562 ] } },
{ "type": "Feature", "properties": { "osmid": 2197215502, "y": 13.0351877, "x": 80.2302661, "street_count": 3, "highway": null, "elevation_m": 12.819499969482422, "population": 19051.626953125 }, "geometry": { "type": "Point", "coordinates": [ 80.2302661, 13.0351877 ] } },
{ "type": "Feature", "properties": { "osmid": 2197215508, "y": 13.0360152, "x": 80.2305828, "street_count": 3, "highway": null, "elevation_m": 12.839165687561035, "population": 19051.626953125 }, "geometry": { "type": "Point", "coordinates": [ 80.2305828, 13.0360152 ] } },
{ "type": "Feature", "properties": { "osmid": 2197215512, "y": 13.0368979, "x": 80.2308461, "street_count": 3, "highway": null, "elevation_m": 20.158536911010742, "population": 19051.626953125 }, "geometry": { "type": "Point", "coordinates": [ 80.2308461, 13.0368979 ] } },
{ "type": "Feature", "properties": { "osmid": 2197215523, "y": 13.0374869, "x": 80.2310304, "street_count": 3, "highway": null, "elevation_m": 12.161252975463867, "population": 19051.626953125 }, "geometry": { "type": "Point", "coordinates": [ 80.2310304, 13.0374869 ] } },
{ "type": "Feature", "properties": { "osmid": 2197215527, "y": 13.0381657, "x": 80.2312362, "street_count": 3, "highway": null, "elevation_m": 17.417612075805664, "population": 19051.626953125 }, "geometry": { "type": "Point", "coordinates": [ 80.2312362, 13.0381657 ] } },
{ "type": "Feature", "properties": { "osmid": 2197215529, "y": 13.0386419, "x": 80.2313909, "street_count": 3, "highway": null, "elevation_m": 12.675410270690918, "population": 19051.626953125 }, "geometry": { "type": "Point", "coordinates": [ 80.2313909, 13.0386419 ] } },
{ "type": "Feature", "properties": { "osmid": 2197215537, "y": 13.0397155, "x": 80.2317049, "street_count": 4, "highway": null, "elevation_m": 15.551175117492676, "population": 19051.626953125 }, "geometry": { "type": "Point", "coordinates": [ 80.2317049, 13.0397155 ] } },
{ "type": "Feature", "properties": { "osmid": 2197215546, "y": 13.040571, "x": 80.233671, "street_count": 3, "highway": null, "elevation_m": 9.154637336730957, "population": 24653.408203125 }, "geometry": { "type": "Point", "coordinates": [ 80.233671, 13.040571 ] } },
{ "type": "Feature", "properties": { "osmid": 2197215561, "y": 13.0405292, "x": 80.2319334, "street_count": 3, "highway": null, "elevation_m": 12.029667854309082, "population": 19051.626953125 }, "geometry": { "type": "Point", "coordinates": [ 80.2319334, 13.0405292 ] } },
{ "type": "Feature", "properties": { "osmid": 2197215572, "y": 13.0410175, "x": 80.231975, "street_count": 4, "highway": null, "elevation_m": 17.892606735229492, "population": 19051.626953125 }, "geometry": { "type": "Point", "coordinates": [ 80.231975, 13.0410175 ] } },
{ "type": "Feature", "properties": { "osmid": 2197215648, "y": 13.0447477, "x": 80.2324952, "street_count": 3, "highway": null, "elevation_m": 16.124504089355469, "population": 26002.5859375 }, "geometry": { "type": "Point", "coordinates": [ 80.2324952, 13.0447477 ] } },
{ "type": "Feature", "properties": { "osmid": 2197415524, "y": 13.0353196, "x": 80.230261, "street_count": 3, "highway": null, "elevation_m": 12.819499969482422, "population": 19051.626953125 }, "geometry": { "type": "Point", "coordinates": [ 80.230261, 13.0353196 ] } },
{ "type": "Feature", "properties": { "osmid": 2197415649, "y": 13.0407899, "x": 80.2310502, "street_count": 4, "highway": null, "elevation_m": 11.200299263000488, "population": 19051.626953125 }, "geometry": { "type": "Point", "coordinates": [ 80.2310502, 13.0407899 ] } },
{ "type": "Feature", "properties": { "osmid": 2197415657, "y": 13.0409367, "x": 80.2302089, "street_count": 3, "highway": null, "elevation_m": 12.372220993041992, "population": 19051.626953125 }, "geometry": { "type": "Point", "coordinates": [ 80.2302089, 13.0409367 ] } },
{ "type": "Feature", "properties": { "osmid": 2197415670, "y": 13.0422311, "x": 80.2322548, "street_count": 3, "highway": null, "elevation_m": 10.615962982177734, "population": 26002.5859375 }, "geometry": { "type": "Point", "coordinates": [ 80.2322548, 13.0422311 ] } },
{ "type": "Feature", "properties": { "osmid": 2197415682, "y": 13.0456496, "x": 80.2327277, "street_count": 4, "highway": null, "elevation_m": 13.248237609863281, "population": 26002.5859375 }, "geometry": { "type": "Point", "coordinates": [ 80.2327277, 13.0456496 ] } },
{ "type": "Feature", "properties": { "osmid": 2197415684, "y": 13.0460119, "x": 80.2327276, "street_count": 3, "highway": null, "elevation_m": 12.102957725524902, "population": 26002.5859375 }, "geometry": { "type": "Point", "coordinates": [ 80.2327276, 13.0460119 ] } },
{ "type": "Feature", "properties": { "osmid": 2197415689, "y": 13.0465951, "x": 80.2328342, "street_count": 4, "highway": null, "elevation_m": 10.718539237976074, "population": 26002.5859375 }, "geometry": { "type": "Point", "coordinates": [ 80.2328342, 13.0465951 ] } },
{ "type": "Feature", "properties": { "osmid": 2197415692, "y": 13.0474226, "x": 80.2329908, "street_count": 4, "highway": null, "elevation_m": 8.6869192123413086, "population": 26002.5859375 }, "geometry": { "type": "Point", "coordinates": [ 80.2329908, 13.0474226 ] } },
{ "type": "Feature", "properties": { "osmid": 2197415695, "y": 13.0482386, "x": 80.2332779, "street_count": 3, "highway": null, "elevation_m": 13.642880439758301, "population": 26002.5859375 }, "geometry": { "type": "Point", "coordinates": [ 80.2332779, 13.0482386 ] } },
{ "type": "Feature", "properties": { "osmid": 2197415696, "y": 13.0482175, "x": 80.2331706, "street_count": 3, "highway": null, "elevation_m": 13.589253425598145, "population": 26002.5859375 }, "geometry": { "type": "Point", "coordinates": [ 80.2331706, 13.0482175 ] } },
{ "type": "Feature", "properties": { "osmid": 2197415697, "y": 13.0489692, "x": 80.2334717, "street_count": 4, "highway": null, "elevation_m": 13.145298957824707, "population": 26002.5859375 }, "geometry": { "type": "Point", "coordinates": [ 80.2334717, 13.0489692 ] } },
{ "type": "Feature", "properties": { "osmid": 2197415698, "y": 13.0490026, "x": 80.2333668, "street_count": 4, "highway": null, "elevation_m": 13.145298957824707, "population": 26002.5859375 }, "geometry": { "type": "Point", "coordinates": [ 80.2333668, 13.0490026 ] } },
{ "type": "Feature", "properties": { "osmid": 2197415700, "y": 13.0495124, "x": 80.2335964, "street_count": 3, "highway": null, "elevation_m": 13.921435356140137, "population": 26002.5859375 }, "geometry": { "type": "Point", "coordinates": [ 80.2335964, 13.0495124 ] } },
{ "type": "Feature", "properties": { "osmid": 2197415702, "y": 13.049634, "x": 80.2335306, "street_count": 3, "highway": null, "elevation_m": 16.710779190063477, "population": 22810.8515625 }, "geometry": { "type": "Point", "coordinates": [ 80.2335306, 13.049634 ] } },
{ "type": "Feature", "properties": { "osmid": 2197415764, "y": 13.0500176, "x": 80.233704, "street_count": 3, "highway": null, "elevation_m": 16.127542495727539, "population": 22810.8515625 }, "geometry": { "type": "Point", "coordinates": [ 80.233704, 13.0500176 ] } },
{ "type": "Feature", "properties": { "osmid": 2197415765, "y": 13.0502901, "x": 80.2336506, "street_count": 3, "highway": null, "elevation_m": 12.582096099853516, "population": 22810.8515625 }, "geometry": { "type": "Point", "coordinates": [ 80.2336506, 13.0502901 ] } },
{ "type": "Feature", "properties": { "osmid": 2197415766, "y": 13.0509092, "x": 80.2338798, "street_count": 3, "highway": null, "elevation_m": 13.171858787536621, "population": 22810.8515625 }, "geometry": { "type": "Point", "coordinates": [ 80.2338798, 13.0509092 ] } },
{ "type": "Feature", "properties": { "osmid": 2197415767, "y": 13.0508943, "x": 80.2337797, "street_count": 3, "highway": null, "elevation_m": 13.171858787536621, "population": 22810.8515625 }, "geometry": { "type": "Point", "coordinates": [ 80.2337797, 13.0508943 ] } },
{ "type": "Feature", "properties": { "osmid": 2197415790, "y": 13.0516634, "x": 80.2339371, "street_count": 3, "highway": null, "elevation_m": 14.391609191894531, "population": 22810.8515625 }, "geometry": { "type": "Point", "coordinates": [ 80.2339371, 13.0516634 ] } },
{ "type": "Feature", "properties": { "osmid": 2197415794, "y": 13.0518023, "x": 80.2340931, "street_count": 4, "highway": null, "elevation_m": 13.701336860656738, "population": 22810.8515625 }, "geometry": { "type": "Point", "coordinates": [ 80.2340931, 13.0518023 ] } },
{ "type": "Feature", "properties": { "osmid": 2197415803, "y": 13.0518649, "x": 80.2340557, "street_count": 3, "highway": null, "elevation_m": 14.078372955322266, "population": 22810.8515625 }, "geometry": { "type": "Point", "coordinates": [ 80.2340557, 13.0518649 ] } },
{ "type": "Feature", "properties": { "osmid": 2197415829, "y": 13.0525449, "x": 80.2412402, "street_count": 3, "highway": null, "elevation_m": 12.068119049072266, "population": 25040.6953125 }, "geometry": { "type": "Point", "coordinates": [ 80.2412402, 13.0525449 ] } },
{ "type": "Feature", "properties": { "osmid": 2197415858, "y": 13.0528558, "x": 80.2430804, "street_count": 3, "highway": null, "elevation_m": 9.3779935836791992, "population": 25040.6953125 }, "geometry": { "type": "Point", "coordinates": [ 80.2430804, 13.0528558 ] } },
{ "type": "Feature", "properties": { "osmid": 2197415863, "y": 13.052979, "x": 80.2390415, "street_count": 3, "highway": null, "elevation_m": 12.318758964538574, "population": 22810.8515625 }, "geometry": { "type": "Point", "coordinates": [ 80.2390415, 13.052979 ] } },
{ "type": "Feature", "properties": { "osmid": 2197415868, "y": 13.0532612, "x": 80.2375987, "street_count": 3, "highway": null, "elevation_m": 13.50780200958252, "population": 22810.8515625 }, "geometry": { "type": "Point", "coordinates": [ 80.2375987, 13.0532612 ] } },
{ "type": "Feature", "properties": { "osmid": 2197415871, "y": 13.0533203, "x": 80.2371994, "street_count": 3, "highway": null, "elevation_m": 14.756229400634766, "population": 22810.8515625 }, "geometry": { "type": "Point", "coordinates": [ 80.2371994, 13.0533203 ] } },
{ "type": "Feature", "properties": { "osmid": 2197415872, "y": 13.0533928, "x": 80.236757, "street_count": 3, "highway": null, "elevation_m": 15.460317611694336, "population": 22810.8515625 }, "geometry": { "type": "Point", "coordinates": [ 80.236757, 13.0533928 ] } },
{ "type": "Feature", "properties": { "osmid": 2197415878, "y": 13.0537064, "x": 80.2347097, "street_count": 3, "highway": null, "elevation_m": 12.242676734924316, "population": 22810.8515625 }, "geometry": { "type": "Point", "coordinates": [ 80.2347097, 13.0537064 ] } },
{ "type": "Feature", "properties": { "osmid": 2197415908, "y": 13.0557772, "x": 80.2347628, "street_count": 3, "highway": null, "elevation_m": 13.062398910522461, "population": 22810.8515625 }, "geometry": { "type": "Point", "coordinates": [ 80.2347628, 13.0557772 ] } },
{ "type": "Feature", "properties": { "osmid": 2197415909, "y": 13.0560804, "x": 80.2347862, "street_count": 3, "highway": null, "elevation_m": 12.456863403320312, "population": 22810.8515625 }, "geometry": { "type": "Point", "coordinates": [ 80.2347862, 13.0560804 ] } },
{ "type": "Feature", "properties": { "osmid": 2197496758, "y": 13.0525491, "x": 80.2417076, "street_count": 3, "highway": null, "elevation_m": 10.582058906555176, "population": 25040.6953125 }, "geometry": { "type": "Point", "coordinates": [ 80.2417076, 13.0525491 ] } },
{ "type": "Feature", "properties": { "osmid": 2197496759, "y": 13.05262, "x": 80.2416502, "street_count": 3, "highway": null, "elevation_m": 10.582058906555176, "population": 25040.6953125 }, "geometry": { "type": "Point", "coordinates": [ 80.2416502, 13.05262 ] } },
{ "type": "Feature", "properties": { "osmid": 2197496760, "y": 13.052605, "x": 80.2420532, "street_count": 3, "highway": null, "elevation_m": 10.403326034545898, "population": 25040.6953125 }, "geometry": { "type": "Point", "coordinates": [ 80.2420532, 13.052605 ] } },
{ "type": "Feature", "properties": { "osmid": 2197496762, "y": 13.0526376, "x": 80.2417737, "street_count": 4, "highway": null, "elevation_m": 10.582058906555176, "population": 25040.6953125 }, "geometry": { "type": "Point", "coordinates": [ 80.2417737, 13.0526376 ] } },
{ "type": "Feature", "properties": { "osmid": 2197496777, "y": 13.0528137, "x": 80.2454436, "street_count": 3, "highway": null, "elevation_m": 14.320181846618652, "population": 25040.6953125 }, "geometry": { "type": "Point", "coordinates": [ 80.2454436, 13.0528137 ] } },
{ "type": "Feature", "properties": { "osmid": 2197496779, "y": 13.0529053, "x": 80.2460611, "street_count": 3, "highway": null, "elevation_m": 11.242192268371582, "population": 25040.6953125 }, "geometry": { "type": "Point", "coordinates": [ 80.2460611, 13.0529053 ] } },
{ "type": "Feature", "properties": { "osmid": 2197496792, "y": 13.0537989, "x": 80.2501505, "street_count": 4, "highway": null, "elevation_m": 12.249710083007812, "population": 25360.1484375 }, "geometry": { "type": "Point", "coordinates": [ 80.2501505, 13.0537989 ] } },
{ "type": "Feature", "properties": { "osmid": 2197496798, "y": 13.0539995, "x": 80.2423542, "street_count": 3, "highway": null, "elevation_m": 12.293011665344238, "population": 25040.6953125 }, "geometry": { "type": "Point", "coordinates": [ 80.2423542, 13.0539995 ] } },
{ "type": "Feature", "properties": { "osmid": 2197496803, "y": 13.0541871, "x": 80.2445602, "street_count": 1, "highway": null, "elevation_m": 12.717702865600586, "population": 25040.6953125 }, "geometry": { "type": "Point", "coordinates": [ 80.2445602, 13.0541871 ] } },
{ "type": "Feature", "properties": { "osmid": 2197496810, "y": 13.0547093, "x": 80.2424387, "street_count": 3, "highway": null, "elevation_m": 13.617225646972656, "population": 25040.6953125 }, "geometry": { "type": "Point", "coordinates": [ 80.2424387, 13.0547093 ] } },
{ "type": "Feature", "properties": { "osmid": 2197496814, "y": 13.0548324, "x": 80.2445222, "street_count": 3, "highway": null, "elevation_m": 13.93460750579834, "population": 25040.6953125 }, "geometry": { "type": "Point", "coordinates": [ 80.2445222, 13.0548324 ] } },
{ "type": "Feature", "properties": { "osmid": 2197666081, "y": 13.0413371, "x": 80.2430285, "street_count": 3, "highway": null, "elevation_m": 12.155787467956543, "population": 27057.625 }, "geometry": { "type": "Point", "coordinates": [ 80.2430285, 13.0413371 ] } },
{ "type": "Feature", "properties": { "osmid": 2197666084, "y": 13.0423485, "x": 80.2431607, "street_count": 3, "highway": null, "elevation_m": 16.169473648071289, "population": 27057.625 }, "geometry": { "type": "Point", "coordinates": [ 80.2431607, 13.0423485 ] } },
{ "type": "Feature", "properties": { "osmid": 2212827627, "y": 13.0276926, "x": 80.2450123, "street_count": 3, "highway": null, "elevation_m": 10.156821250915527, "population": 17030.998046875 }, "geometry": { "type": "Point", "coordinates": [ 80.2450123, 13.0276926 ] } },
{ "type": "Feature", "properties": { "osmid": 2216042690, "y": 13.0306625, "x": 80.2485685, "street_count": 1, "highway": null, "elevation_m": 14.064228057861328, "population": 17030.998046875 }, "geometry": { "type": "Point", "coordinates": [ 80.2485685, 13.0306625 ] } },
{ "type": "Feature", "properties": { "osmid": 2216042691, "y": 13.0307833, "x": 80.2479826, "street_count": 3, "highway": null, "elevation_m": 13.768575668334961, "population": 17030.998046875 }, "geometry": { "type": "Point", "coordinates": [ 80.2479826, 13.0307833 ] } },
{ "type": "Feature", "properties": { "osmid": 2216042692, "y": 13.0314964, "x": 80.2481025, "street_count": 3, "highway": null, "elevation_m": 18.047964096069336, "population": 17030.998046875 }, "geometry": { "type": "Point", "coordinates": [ 80.2481025, 13.0314964 ] } },
{ "type": "Feature", "properties": { "osmid": 2216042693, "y": 13.0315297, "x": 80.2478786, "street_count": 3, "highway": null, "elevation_m": 15.661087036132812, "population": 17030.998046875 }, "geometry": { "type": "Point", "coordinates": [ 80.2478786, 13.0315297 ] } },
{ "type": "Feature", "properties": { "osmid": 2216042702, "y": 13.0323943, "x": 80.2479627, "street_count": 1, "highway": null, "elevation_m": 12.031991958618164, "population": 17030.998046875 }, "geometry": { "type": "Point", "coordinates": [ 80.2479627, 13.0323943 ] } },
{ "type": "Feature", "properties": { "osmid": 2216189425, "y": 13.029196, "x": 80.2486314, "street_count": 4, "highway": null, "elevation_m": 9.0990314483642578, "population": 17030.998046875 }, "geometry": { "type": "Point", "coordinates": [ 80.2486314, 13.029196 ] } },
{ "type": "Feature", "properties": { "osmid": 2216189429, "y": 13.0292979, "x": 80.2477871, "street_count": 3, "highway": null, "elevation_m": 14.0921630859375, "population": 17030.998046875 }, "geometry": { "type": "Point", "coordinates": [ 80.2477871, 13.0292979 ] } },
{ "type": "Feature", "properties": { "osmid": 2216189440, "y": 13.0300698, "x": 80.2377393, "street_count": 3, "highway": null, "elevation_m": 8.9601144790649414, "population": 15232.8125 }, "geometry": { "type": "Point", "coordinates": [ 80.2377393, 13.0300698 ] } },
{ "type": "Feature", "properties": { "osmid": 2216189453, "y": 13.0308722, "x": 80.2475554, "street_count": 1, "highway": null, "elevation_m": 15.458108901977539, "population": 17030.998046875 }, "geometry": { "type": "Point", "coordinates": [ 80.2475554, 13.0308722 ] } },
{ "type": "Feature", "properties": { "osmid": 2216189457, "y": 13.0309202, "x": 80.2471675, "street_count": 3, "highway": null, "elevation_m": 14.551726341247559, "population": 17030.998046875 }, "geometry": { "type": "Point", "coordinates": [ 80.2471675, 13.0309202 ] } },
{ "type": "Feature", "properties": { "osmid": 2216189462, "y": 13.0322025, "x": 80.2418451, "street_count": 3, "highway": null, "elevation_m": 8.628692626953125, "population": 17030.998046875 }, "geometry": { "type": "Point", "coordinates": [ 80.2418451, 13.0322025 ] } },
{ "type": "Feature", "properties": { "osmid": 2216189469, "y": 13.0326824, "x": 80.2414977, "street_count": 3, "highway": null, "elevation_m": 12.25901985168457, "population": 17030.998046875 }, "geometry": { "type": "Point", "coordinates": [ 80.2414977, 13.0326824 ] } },
{ "type": "Feature", "properties": { "osmid": 2216189471, "y": 13.0330756, "x": 80.2420402, "street_count": 1, "highway": null, "elevation_m": 11.915920257568359, "population": 20546.419921875 }, "geometry": { "type": "Point", "coordinates": [ 80.2420402, 13.0330756 ] } },
{ "type": "Feature", "properties": { "osmid": 2216189477, "y": 13.0339464, "x": 80.2269115, "street_count": 1, "highway": null, "elevation_m": 9.9953927993774414, "population": 19051.626953125 }, "geometry": { "type": "Point", "coordinates": [ 80.2269115, 13.0339464 ] } },
{ "type": "Feature", "properties": { "osmid": 2216189486, "y": 13.03577, "x": 80.2446731, "street_count": 3, "highway": null, "elevation_m": 9.1467409133911133, "population": 20546.419921875 }, "geometry": { "type": "Point", "coordinates": [ 80.2446731, 13.03577 ] } },
{ "type": "Feature", "properties": { "osmid": 2216189489, "y": 13.0379973, "x": 80.2371542, "street_count": 3, "highway": null, "elevation_m": 12.758171081542969, "population": 24653.408203125 }, "geometry": { "type": "Point", "coordinates": [ 80.2371542, 13.0379973 ] } },
{ "type": "Feature", "properties": { "osmid": 2216189490, "y": 13.0381308, "x": 80.2452787, "street_count": 3, "highway": null, "elevation_m": 7.3280515670776367, "population": 20546.419921875 }, "geometry": { "type": "Point", "coordinates": [ 80.2452787, 13.0381308 ] } },
{ "type": "Feature", "properties": { "osmid": 2218266273, "y": 13.034662, "x": 80.2506795, "street_count": 3, "highway": null, "elevation_m": 11.168764114379883, "population": 20759.59375 }, "geometry": { "type": "Point", "coordinates": [ 80.2506795, 13.034662 ] } },
{ "type": "Feature", "properties": { "osmid": 2218266279, "y": 13.0374249, "x": 80.2476873, "street_count": 1, "highway": null, "elevation_m": 12.29749870300293, "population": 20546.419921875 }, "geometry": { "type": "Point", "coordinates": [ 80.2476873, 13.0374249 ] } },
{ "type": "Feature", "properties": { "osmid": 2218266281, "y": 13.0376476, "x": 80.2477138, "street_count": 3, "highway": null, "elevation_m": 10.439189910888672, "population": 20546.419921875 }, "geometry": { "type": "Point", "coordinates": [ 80.2477138, 13.0376476 ] } },
{ "type": "Feature", "properties": { "osmid": 2218266285, "y": 13.0379666, "x": 80.2499769, "street_count": 1, "highway": null, "elevation_m": 12.704705238342285, "population": 20759.59375 }, "geometry": { "type": "Point", "coordinates": [ 80.2499769, 13.0379666 ] } },
{ "type": "Feature", "properties": { "osmid": 2218266288, "y": 13.0381578, "x": 80.2505613, "street_count": 3, "highway": null, "elevation_m": 10.716979026794434, "population": 20759.59375 }, "geometry": { "type": "Point", "coordinates": [ 80.2505613, 13.0381578 ] } },
{ "type": "Feature", "properties": { "osmid": 2218266306, "y": 13.0394896, "x": 80.2491893, "street_count": 3, "highway": null, "elevation_m": 15.435356140136719, "population": 20759.59375 }, "geometry": { "type": "Point", "coordinates": [ 80.2491893, 13.0394896 ] } },
{ "type": "Feature", "properties": { "osmid": 2218266308, "y": 13.0399295, "x": 80.2492175, "street_count": 1, "highway": null, "elevation_m": 14.356221199035645, "population": 20759.59375 }, "geometry": { "type": "Point", "coordinates": [ 80.2492175, 13.0399295 ] } },
{ "type": "Feature", "properties": { "osmid": 2237512865, "y": 13.0296495, "x": 80.2330505, "street_count": 3, "highway": null, "elevation_m": 11.778230667114258, "population": 15232.8125 }, "geometry": { "type": "Point", "coordinates": [ 80.2330505, 13.0296495 ] } },
{ "type": "Feature", "properties": { "osmid": 2237512980, "y": 13.0311621, "x": 80.2371576, "street_count": 3, "highway": null, "elevation_m": 9.8490657806396484, "population": 15232.8125 }, "geometry": { "type": "Point", "coordinates": [ 80.2371576, 13.0311621 ] } },
{ "type": "Feature", "properties": { "osmid": 2237512996, "y": 13.0313106, "x": 80.2369888, "street_count": 3, "highway": null, "elevation_m": 7.1628479957580566, "population": 15232.8125 }, "geometry": { "type": "Point", "coordinates": [ 80.2369888, 13.0313106 ] } },
{ "type": "Feature", "properties": { "osmid": 2237512997, "y": 13.0313325, "x": 80.2372251, "street_count": 3, "highway": null, "elevation_m": 10.142194747924805, "population": 15232.8125 }, "geometry": { "type": "Point", "coordinates": [ 80.2372251, 13.0313325 ] } },
{ "type": "Feature", "properties": { "osmid": 2237513004, "y": 13.0313997, "x": 80.237122, "street_count": 3, "highway": null, "elevation_m": 10.142194747924805, "population": 15232.8125 }, "geometry": { "type": "Point", "coordinates": [ 80.237122, 13.0313997 ] } },
{ "type": "Feature", "properties": { "osmid": 2237513028, "y": 13.0332105, "x": 80.2419746, "street_count": 1, "highway": null, "elevation_m": 14.472710609436035, "population": 20546.419921875 }, "geometry": { "type": "Point", "coordinates": [ 80.2419746, 13.0332105 ] } },
{ "type": "Feature", "properties": { "osmid": 2237592486, "y": 13.0295237, "x": 80.2307557, "street_count": 4, "highway": null, "elevation_m": 9.0075616836547852, "population": 23049.033203125 }, "geometry": { "type": "Point", "coordinates": [ 80.2307557, 13.0295237 ] } },
{ "type": "Feature", "properties": { "osmid": 2237592490, "y": 13.0300849, "x": 80.22996, "street_count": 1, "highway": null, "elevation_m": 11.224319458007812, "population": 23049.033203125 }, "geometry": { "type": "Point", "coordinates": [ 80.22996, 13.0300849 ] } },
{ "type": "Feature", "properties": { "osmid": 2237592494, "y": 13.0301476, "x": 80.230686, "street_count": 3, "highway": null, "elevation_m": 10.495461463928223, "population": 23049.033203125 }, "geometry": { "type": "Point", "coordinates": [ 80.230686, 13.0301476 ] } },
{ "type": "Feature", "properties": { "osmid": 2237592500, "y": 13.030593, "x": 80.2300206, "street_count": 3, "highway": null, "elevation_m": 11.105448722839355, "population": 23049.033203125 }, "geometry": { "type": "Point", "coordinates": [ 80.2300206, 13.030593 ] } },
{ "type": "Feature", "properties": { "osmid": 2237592502, "y": 13.0307619, "x": 80.230653, "street_count": 4, "highway": null, "elevation_m": 10.269250869750977, "population": 23049.033203125 }, "geometry": { "type": "Point", "coordinates": [ 80.230653, 13.0307619 ] } },
{ "type": "Feature", "properties": { "osmid": 2237592504, "y": 13.0314788, "x": 80.2306952, "street_count": 3, "highway": null, "elevation_m": 9.700648307800293, "population": 23049.033203125 }, "geometry": { "type": "Point", "coordinates": [ 80.2306952, 13.0314788 ] } },
{ "type": "Feature", "properties": { "osmid": 2237592506, "y": 13.0319784, "x": 80.23057, "street_count": 3, "highway": null, "elevation_m": 9.7713165283203125, "population": 23049.033203125 }, "geometry": { "type": "Point", "coordinates": [ 80.23057, 13.0319784 ] } },
{ "type": "Feature", "properties": { "osmid": 2237592508, "y": 13.0322737, "x": 80.2306329, "street_count": 3, "highway": null, "elevation_m": 10.227875709533691, "population": 23049.033203125 }, "geometry": { "type": "Point", "coordinates": [ 80.2306329, 13.0322737 ] } },
{ "type": "Feature", "properties": { "osmid": 2237592510, "y": 13.0330157, "x": 80.2305599, "street_count": 3, "highway": null, "elevation_m": 12.71699047088623, "population": 19051.626953125 }, "geometry": { "type": "Point", "coordinates": [ 80.2305599, 13.0330157 ] } },
{ "type": "Feature", "properties": { "osmid": 2237592515, "y": 13.0335813, "x": 80.2305287, "street_count": 3, "highway": null, "elevation_m": 12.134247779846191, "population": 19051.626953125 }, "geometry": { "type": "Point", "coordinates": [ 80.2305287, 13.0335813 ] } },
{ "type": "Feature", "properties": { "osmid": 2237592529, "y": 13.0342627, "x": 80.2304553, "street_count": 4, "highway": null, "elevation_m": 9.034764289855957, "population": 19051.626953125 }, "geometry": { "type": "Point", "coordinates": [ 80.2304553, 13.0342627 ] } },
{ "type": "Feature", "properties": { "osmid": 2237675805, "y": 13.0258761, "x": 80.2273866, "street_count": 3, "highway": null, "elevation_m": 11.819875717163086, "population": 23049.033203125 }, "geometry": { "type": "Point", "coordinates": [ 80.2273866, 13.0258761 ] } },
{ "type": "Feature", "properties": { "osmid": 2237675807, "y": 13.02629, "x": 80.2270471, "street_count": 1, "highway": null, "elevation_m": 9.3418283462524414, "population": 23049.033203125 }, "geometry": { "type": "Point", "coordinates": [ 80.2270471, 13.02629 ] } },
{ "type": "Feature", "properties": { "osmid": 2237675809, "y": 13.0263266, "x": 80.2259063, "street_count": 1, "highway": null, "elevation_m": 12.12733268737793, "population": 23049.033203125 }, "geometry": { "type": "Point", "coordinates": [ 80.2259063, 13.0263266 ] } },
{ "type": "Feature", "properties": { "osmid": 2237675811, "y": 13.0263771, "x": 80.2264779, "street_count": 1, "highway": null, "elevation_m": 9.1499967575073242, "population": 23049.033203125 }, "geometry": { "type": "Point", "coordinates": [ 80.2264779, 13.0263771 ] } },
{ "type": "Feature", "properties": { "osmid": 2237675813, "y": 13.0263873, "x": 80.2262028, "street_count": 1, "highway": null, "elevation_m": 10.415562629699707, "population": 23049.033203125 }, "geometry": { "type": "Point", "coordinates": [ 80.2262028, 13.0263873 ] } },
{ "type": "Feature", "properties": { "osmid": 2237675815, "y": 13.0267442, "x": 80.2265256, "street_count": 3, "highway": null, "elevation_m": 9.4980649948120117, "population": 23049.033203125 }, "geometry": { "type": "Point", "coordinates": [ 80.2265256, 13.0267442 ] } },
{ "type": "Feature", "properties": { "osmid": 2237675817, "y": 13.0267973, "x": 80.2262462, "street_count": 3, "highway": null, "elevation_m": 11.645998001098633, "population": 23049.033203125 }, "geometry": { "type": "Point", "coordinates": [ 80.2262462, 13.0267973 ] } },
{ "type": "Feature", "properties": { "osmid": 2237675819, "y": 13.0268473, "x": 80.2259754, "street_count": 3, "highway": null, "elevation_m": 11.201593399047852, "population": 23049.033203125 }, "geometry": { "type": "Point", "coordinates": [ 80.2259754, 13.0268473 ] } },
{ "type": "Feature", "properties": { "osmid": 2237675821, "y": 13.0269928, "x": 80.2268142, "street_count": 3, "highway": null, "elevation_m": 9.9516935348510742, "population": 23049.033203125 }, "geometry": { "type": "Point", "coordinates": [ 80.2268142, 13.0269928 ] } },
{ "type": "Feature", "properties": { "osmid": 2237675823, "y": 13.0272213, "x": 80.2255929, "street_count": 3, "highway": null, "elevation_m": 8.6761045455932617, "population": 23049.033203125 }, "geometry": { "type": "Point", "coordinates": [ 80.2255929, 13.0272213 ] } },
{ "type": "Feature", "properties": { "osmid": 2237675825, "y": 13.0274428, "x": 80.2273319, "street_count": 1, "highway": null, "elevation_m": 11.599637031555176, "population": 23049.033203125 }, "geometry": { "type": "Point", "coordinates": [ 80.2273319, 13.0274428 ] } },
{ "type": "Feature", "properties": { "osmid": 2237675827, "y": 13.0275297, "x": 80.226909, "street_count": 4, "highway": null, "elevation_m": 11.663622856140137, "population": 23049.033203125 }, "geometry": { "type": "Point", "coordinates": [ 80.226909, 13.0275297 ] } },
{ "type": "Feature", "properties": { "osmid": 2237675829, "y": 13.0277482, "x": 80.2273311, "street_count": 1, "highway": null, "elevation_m": 11.22291088104248, "population": 23049.033203125 }, "geometry": { "type": "Point", "coordinates": [ 80.2273311, 13.0277482 ] } },
{ "type": "Feature", "properties": { "osmid": 2237675831, "y": 13.0277506, "x": 80.2257275, "street_count": 3, "highway": null, "elevation_m": 11.791446685791016, "population": 23049.033203125 }, "geometry": { "type": "Point", "coordinates": [ 80.2257275, 13.0277506 ] } },
{ "type": "Feature", "properties": { "osmid": 2237675832, "y": 13.0278119, "x": 80.2269424, "street_count": 3, "highway": null, "elevation_m": 9.5671520233154297, "population": 23049.033203125 }, "geometry": { "type": "Point", "coordinates": [ 80.2269424, 13.0278119 ] } },
{ "type": "Feature", "properties": { "osmid": 2237675834, "y": 13.0279864, "x": 80.2274989, "street_count": 1, "highway": null, "elevation_m": 10.831028938293457, "population": 23049.033203125 }, "geometry": { "type": "Point", "coordinates": [ 80.2274989, 13.0279864 ] } },
{ "type": "Feature", "properties": { "osmid": 2237675835, "y": 13.0280683, "x": 80.2258208, "street_count": 1, "highway": null, "elevation_m": 7.9881601333618164, "population": 23049.033203125 }, "geometry": { "type": "Point", "coordinates": [ 80.2258208, 13.0280683 ] } },
{ "type": "Feature", "properties": { "osmid": 2237675836, "y": 13.0280861, "x": 80.2262719, "street_count": 4, "highway": null, "elevation_m": 8.0405292510986328, "population": 23049.033203125 }, "geometry": { "type": "Point", "coordinates": [ 80.2262719, 13.0280861 ] } },
{ "type": "Feature", "properties": { "osmid": 2237675838, "y": 13.0280888, "x": 80.2270987, "street_count": 3, "highway": null, "elevation_m": 10.588658332824707, "population": 23049.033203125 }, "geometry": { "type": "Point", "coordinates": [ 80.2270987, 13.0280888 ] } },
{ "type": "Feature", "properties": { "osmid": 2237675840, "y": 13.0281441, "x": 80.2253874, "street_count": 1, "highway": null, "elevation_m": 8.0600566864013672, "population": 23049.033203125 }, "geometry": { "type": "Point", "coordinates": [ 80.2253874, 13.0281441 ] } },
{ "type": "Feature", "properties": { "osmid": 2237675844, "y": 13.0282201, "x": 80.2258853, "street_count": 3, "highway": null, "elevation_m": 9.1403617858886719, "population": 23049.033203125 }, "geometry": { "type": "Point", "coordinates": [ 80.2258853, 13.0282201 ] } },
{ "type": "Feature", "properties": { "osmid": 2237675848, "y": 13.0310994, "x": 80.2263165, "street_count": 1, "highway": null, "elevation_m": 13.140174865722656, "population": 23049.033203125 }, "geometry": { "type": "Point", "coordinates": [ 80.2263165, 13.0310994 ] } },
{ "type": "Feature", "properties": { "osmid": 2237738508, "y": 13.0265709, "x": 80.2181128, "street_count": 1, "highway": null, "elevation_m": 12.76984691619873, "population": 24509.30859375 }, "geometry": { "type": "Point", "coordinates": [ 80.2181128, 13.0265709 ] } },
{ "type": "Feature", "properties": { "osmid": 2237738510, "y": 13.026578, "x": 80.217639, "street_count": 3, "highway": null, "elevation_m": 15.326836585998535, "population": 24509.30859375 }, "geometry": { "type": "Point", "coordinates": [ 80.217639, 13.026578 ] } },
{ "type": "Feature", "properties": { "osmid": 2237738523, "y": 13.027702, "x": 80.2222836, "street_count": 1, "highway": null, "elevation_m": 13.872844696044922, "population": 24509.30859375 }, "geometry": { "type": "Point", "coordinates": [ 80.2222836, 13.027702 ] } },
{ "type": "Feature", "properties": { "osmid": 2237918311, "y": 13.0309406, "x": 80.2228523, "street_count": 1, "highway": null, "elevation_m": 10.906895637512207, "population": 24509.30859375 }, "geometry": { "type": "Point", "coordinates": [ 80.2228523, 13.0309406 ] } },
{ "type": "Feature", "properties": { "osmid": 2237918318, "y": 13.0309619, "x": 80.2224771, "street_count": 3, "highway": null, "elevation_m": 13.41197681427002, "population": 24509.30859375 }, "geometry": { "type": "Point", "coordinates": [ 80.2224771, 13.0309619 ] } },
{ "type": "Feature", "properties": { "osmid": 2237918368, "y": 13.0320297, "x": 80.2222532, "street_count": 4, "highway": null, "elevation_m": 11.155323028564453, "population": 24509.30859375 }, "geometry": { "type": "Point", "coordinates": [ 80.2222532, 13.0320297 ] } },
{ "type": "Feature", "properties": { "osmid": 2237918380, "y": 13.0326101, "x": 80.2227701, "street_count": 3, "highway": null, "elevation_m": 13.28730583190918, "population": 24509.30859375 }, "geometry": { "type": "Point", "coordinates": [ 80.2227701, 13.0326101 ] } },
{ "type": "Feature", "properties": { "osmid": 2237918384, "y": 13.0325957, "x": 80.2217045, "street_count": 3, "highway": null, "elevation_m": 12.465240478515625, "population": 24509.30859375 }, "geometry": { "type": "Point", "coordinates": [ 80.2217045, 13.0325957 ] } },
{ "type": "Feature", "properties": { "osmid": 2237918386, "y": 13.0326911, "x": 80.2239014, "street_count": 3, "highway": null, "elevation_m": 13.252972602844238, "population": 23049.033203125 }, "geometry": { "type": "Point", "coordinates": [ 80.2239014, 13.0326911 ] } },
{ "type": "Feature", "properties": { "osmid": 2237918392, "y": 13.033088, "x": 80.2222473, "street_count": 3, "highway": null, "elevation_m": 14.330937385559082, "population": 26918.638671875 }, "geometry": { "type": "Point", "coordinates": [ 80.2222473, 13.033088 ] } },
{ "type": "Feature", "properties": { "osmid": 2237918394, "y": 13.0330832, "x": 80.2226277, "street_count": 1, "highway": null, "elevation_m": 12.965300559997559, "population": 26918.638671875 }, "geometry": { "type": "Point", "coordinates": [ 80.2226277, 13.0330832 ] } },
{ "type": "Feature", "properties": { "osmid": 2237918414, "y": 13.0338, "x": 80.2239938, "street_count": 1, "highway": null, "elevation_m": 13.484586715698242, "population": 19051.626953125 }, "geometry": { "type": "Point", "coordinates": [ 80.2239938, 13.0338 ] } },
{ "type": "Feature", "properties": { "osmid": 2237918420, "y": 13.0339984, "x": 80.2186094, "street_count": 3, "highway": null, "elevation_m": 16.753993988037109, "population": 26918.638671875 }, "geometry": { "type": "Point", "coordinates": [ 80.2186094, 13.0339984 ] } },
{ "type": "Feature", "properties": { "osmid": 2237918429, "y": 13.0340516, "x": 80.2259263, "street_count": 3, "highway": null, "elevation_m": 12.048563957214355, "population": 19051.626953125 }, "geometry": { "type": "Point", "coordinates": [ 80.2259263, 13.0340516 ] } },
{ "type": "Feature", "properties": { "osmid": 2237918435, "y": 13.0340531, "x": 80.2245721, "street_count": 3, "highway": null, "elevation_m": 12.514165878295898, "population": 19051.626953125 }, "geometry": { "type": "Point", "coordinates": [ 80.2245721, 13.0340531 ] } },
{ "type": "Feature", "properties": { "osmid": 2237918438, "y": 13.0341093, "x": 80.225511, "street_count": 1, "highway": null, "elevation_m": 11.261666297912598, "population": 19051.626953125 }, "geometry": { "type": "Point", "coordinates": [ 80.225511, 13.0341093 ] } },
{ "type": "Feature", "properties": { "osmid": 2237918443, "y": 13.0341806, "x": 80.2226725, "street_count": 1, "highway": null, "elevation_m": 11.539973258972168, "population": 26918.638671875 }, "geometry": { "type": "Point", "coordinates": [ 80.2226725, 13.0341806 ] } },
{ "type": "Feature", "properties": { "osmid": 2237918484, "y": 13.0349347, "x": 80.2187328, "street_count": 1, "highway": null, "elevation_m": 14.162457466125488, "population": 26918.638671875 }, "geometry": { "type": "Point", "coordinates": [ 80.2187328, 13.0349347 ] } },
{ "type": "Feature", "properties": { "osmid": 2237918727, "y": 13.0355179, "x": 80.2260965, "street_count": 1, "highway": null, "elevation_m": 10.662999153137207, "population": 19051.626953125 }, "geometry": { "type": "Point", "coordinates": [ 80.2260965, 13.0355179 ] } },
{ "type": "Feature", "properties": { "osmid": 2237918848, "y": 13.0373551, "x": 80.2202963, "street_count": 1, "highway": null, "elevation_m": 13.626920700073242, "population": 26918.638671875 }, "geometry": { "type": "Point", "coordinates": [ 80.2202963, 13.0373551 ] } },
{ "type": "Feature", "properties": { "osmid": 2237918908, "y": 13.0383822, "x": 80.2238076, "street_count": 1, "highway": null, "elevation_m": 15.08710765838623, "population": 19051.626953125 }, "geometry": { "type": "Point", "coordinates": [ 80.2238076, 13.0383822 ] } },
{ "type": "Feature", "properties": { "osmid": 2237918911, "y": 13.0386453, "x": 80.2242973, "street_count": 3, "highway": null, "elevation_m": 13.324970245361328, "population": 19051.626953125 }, "geometry": { "type": "Point", "coordinates": [ 80.2242973, 13.0386453 ] } },
{ "type": "Feature", "properties": { "osmid": 2237918948, "y": 13.0387514, "x": 80.2239502, "street_count": 1, "highway": null, "elevation_m": 15.38856315612793, "population": 19051.626953125 }, "geometry": { "type": "Point", "coordinates": [ 80.2239502, 13.0387514 ] } },
{ "type": "Feature", "properties": { "osmid": 2237918966, "y": 13.0424416, "x": 80.2180584, "street_count": 3, "highway": null, "elevation_m": 12.891498565673828, "population": 26320.1796875 }, "geometry": { "type": "Point", "coordinates": [ 80.2180584, 13.0424416 ] } },
{ "type": "Feature", "properties": { "osmid": 2239155973, "y": 13.0269243, "x": 80.22707, "street_count": 1, "highway": null, "elevation_m": 9.9516935348510742, "population": 23049.033203125 }, "geometry": { "type": "Point", "coordinates": [ 80.22707, 13.0269243 ] } },
{ "type": "Feature", "properties": { "osmid": 2239155975, "y": 13.026969, "x": 80.2268119, "street_count": 3, "highway": null, "elevation_m": 9.9516935348510742, "population": 23049.033203125 }, "geometry": { "type": "Point", "coordinates": [ 80.2268119, 13.026969 ] } },
{ "type": "Feature", "properties": { "osmid": 2239155981, "y": 13.027021, "x": 80.2274727, "street_count": 1, "highway": null, "elevation_m": 10.644201278686523, "population": 23049.033203125 }, "geometry": { "type": "Point", "coordinates": [ 80.2274727, 13.027021 ] } },
{ "type": "Feature", "properties": { "osmid": 2239155983, "y": 13.0272154, "x": 80.2271178, "street_count": 1, "highway": null, "elevation_m": 8.9431486129760742, "population": 23049.033203125 }, "geometry": { "type": "Point", "coordinates": [ 80.2271178, 13.0272154 ] } },
{ "type": "Feature", "properties": { "osmid": 2239156001, "y": 13.029533, "x": 80.2308504, "street_count": 3, "highway": null, "elevation_m": 9.0075616836547852, "population": 23049.033203125 }, "geometry": { "type": "Point", "coordinates": [ 80.2308504, 13.029533 ] } },
{ "type": "Feature", "properties": { "osmid": 2239156019, "y": 13.0326151, "x": 80.2193085, "street_count": 1, "highway": null, "elevation_m": 13.131909370422363, "population": 24509.30859375 }, "geometry": { "type": "Point", "coordinates": [ 80.2193085, 13.0326151 ] } },
{ "type": "Feature", "properties": { "osmid": 2239156026, "y": 13.0327245, "x": 80.2199289, "street_count": 3, "highway": null, "elevation_m": 13.154081344604492, "population": 24509.30859375 }, "geometry": { "type": "Point", "coordinates": [ 80.2199289, 13.0327245 ] } },
{ "type": "Feature", "properties": { "osmid": 2239156072, "y": 13.0416237, "x": 80.2272655, "street_count": 4, "highway": null, "elevation_m": 11.40875244140625, "population": 24514.197265625 }, "geometry": { "type": "Point", "coordinates": [ 80.2272655, 13.0416237 ] } },
{ "type": "Feature", "properties": { "osmid": 2239156089, "y": 13.0436412, "x": 80.222169, "street_count": 3, "highway": null, "elevation_m": 14.708696365356445, "population": 26320.1796875 }, "geometry": { "type": "Point", "coordinates": [ 80.222169, 13.0436412 ] } },
{ "type": "Feature", "properties": { "osmid": 2239156094, "y": 13.0441186, "x": 80.2317212, "street_count": 1, "highway": null, "elevation_m": 12.967805862426758, "population": 24514.197265625 }, "geometry": { "type": "Point", "coordinates": [ 80.2317212, 13.0441186 ] } },
{ "type": "Feature", "properties": { "osmid": 2239156096, "y": 13.0445349, "x": 80.2318064, "street_count": 1, "highway": null, "elevation_m": 16.570198059082031, "population": 24514.197265625 }, "geometry": { "type": "Point", "coordinates": [ 80.2318064, 13.0445349 ] } },
{ "type": "Feature", "properties": { "osmid": 2239156098, "y": 13.0448217, "x": 80.2314277, "street_count": 3, "highway": null, "elevation_m": 12.123922348022461, "population": 24514.197265625 }, "geometry": { "type": "Point", "coordinates": [ 80.2314277, 13.0448217 ] } },
{ "type": "Feature", "properties": { "osmid": 2239156100, "y": 13.0455317, "x": 80.2319467, "street_count": 3, "highway": null, "elevation_m": 14.568981170654297, "population": 24514.197265625 }, "geometry": { "type": "Point", "coordinates": [ 80.2319467, 13.0455317 ] } },
{ "type": "Feature", "properties": { "osmid": 2239156101, "y": 13.0456131, "x": 80.2317483, "street_count": 3, "highway": null, "elevation_m": 11.621997833251953, "population": 24514.197265625 }, "geometry": { "type": "Point", "coordinates": [ 80.2317483, 13.0456131 ] } },
{ "type": "Feature", "properties": { "osmid": 2239156113, "y": 13.0490225, "x": 80.2276084, "street_count": 1, "highway": null, "elevation_m": 12.724807739257812, "population": 24514.197265625 }, "geometry": { "type": "Point", "coordinates": [ 80.2276084, 13.0490225 ] } },
{ "type": "Feature", "properties": { "osmid": 2239156119, "y": 13.0494842, "x": 80.2242647, "street_count": 3, "highway": null, "elevation_m": 17.561933517456055, "population": 24514.197265625 }, "geometry": { "type": "Point", "coordinates": [ 80.2242647, 13.0494842 ] } },
{ "type": "Feature", "properties": { "osmid": 2239156134, "y": 13.0518366, "x": 80.2339931, "street_count": 3, "highway": null, "elevation_m": 12.228375434875488, "population": 22810.8515625 }, "geometry": { "type": "Point", "coordinates": [ 80.2339931, 13.0518366 ] } },
{ "type": "Feature", "properties": { "osmid": 2239156136, "y": 13.052195, "x": 80.2288121, "street_count": 3, "highway": null, "elevation_m": 13.413739204406738, "population": 20723.693359375 }, "geometry": { "type": "Point", "coordinates": [ 80.2288121, 13.052195 ] } },
{ "type": "Feature", "properties": { "osmid": 2239333446, "y": 13.030909, "x": 80.2177911, "street_count": 1, "highway": null, "elevation_m": 16.778102874755859, "population": 24509.30859375 }, "geometry": { "type": "Point", "coordinates": [ 80.2177911, 13.030909 ] } },
{ "type": "Feature", "properties": { "osmid": 2241072318, "y": 13.0304676, "x": 80.223351, "street_count": 3, "highway": null, "elevation_m": 11.610639572143555, "population": 24509.30859375 }, "geometry": { "type": "Point", "coordinates": [ 80.223351, 13.0304676 ] } },
{ "type": "Feature", "properties": { "osmid": 2241072323, "y": 13.0304846, "x": 80.2229758, "street_count": 1, "highway": null, "elevation_m": 11.227145195007324, "population": 24509.30859375 }, "geometry": { "type": "Point", "coordinates": [ 80.2229758, 13.0304846 ] } },
{ "type": "Feature", "properties": { "osmid": 2241072401, "y": 13.034002, "x": 80.2444602, "street_count": 3, "highway": null, "elevation_m": 10.381568908691406, "population": 20546.419921875 }, "geometry": { "type": "Point", "coordinates": [ 80.2444602, 13.034002 ] } },
{ "type": "Feature", "properties": { "osmid": 2241072404, "y": 13.033865, "x": 80.2433774, "street_count": 1, "highway": null, "elevation_m": 9.1613388061523438, "population": 20546.419921875 }, "geometry": { "type": "Point", "coordinates": [ 80.2433774, 13.033865 ] } },
{ "type": "Feature", "properties": { "osmid": 2241074005, "y": 13.0350651, "x": 80.2425591, "street_count": 3, "highway": null, "elevation_m": 8.675908088684082, "population": 20546.419921875 }, "geometry": { "type": "Point", "coordinates": [ 80.2425591, 13.0350651 ] } },
{ "type": "Feature", "properties": { "osmid": 2241075468, "y": 13.0403443, "x": 80.2405018, "street_count": 3, "highway": null, "elevation_m": 15.31801700592041, "population": 20546.419921875 }, "geometry": { "type": "Point", "coordinates": [ 80.2405018, 13.0403443 ] } },
{ "type": "Feature", "properties": { "osmid": 2241075474, "y": 13.0425762, "x": 80.2372353, "street_count": 1, "highway": null, "elevation_m": 15.789383888244629, "population": 26002.5859375 }, "geometry": { "type": "Point", "coordinates": [ 80.2372353, 13.0425762 ] } },
{ "type": "Feature", "properties": { "osmid": 2241075478, "y": 13.0431537, "x": 80.2369121, "street_count": 3, "highway": null, "elevation_m": 14.792512893676758, "population": 26002.5859375 }, "geometry": { "type": "Point", "coordinates": [ 80.2369121, 13.0431537 ] } },
{ "type": "Feature", "properties": { "osmid": 2241075497, "y": 13.0469146, "x": 80.2279019, "street_count": 4, "highway": null, "elevation_m": 14.45451831817627, "population": 24514.197265625 }, "geometry": { "type": "Point", "coordinates": [ 80.2279019, 13.0469146 ] } },
{ "type": "Feature", "properties": { "osmid": 2241075499, "y": 13.0472937, "x": 80.2264055, "street_count": 3, "highway": null, "elevation_m": 13.411782264709473, "population": 24514.197265625 }, "geometry": { "type": "Point", "coordinates": [ 80.2264055, 13.0472937 ] } },
{ "type": "Feature", "properties": { "osmid": 2241075504, "y": 13.0485997, "x": 80.2268086, "street_count": 3, "highway": null, "elevation_m": 14.730207443237305, "population": 24514.197265625 }, "geometry": { "type": "Point", "coordinates": [ 80.2268086, 13.0485997 ] } },
{ "type": "Feature", "properties": { "osmid": 2241075507, "y": 13.0490007, "x": 80.2288243, "street_count": 3, "highway": null, "elevation_m": 13.866751670837402, "population": 24514.197265625 }, "geometry": { "type": "Point", "coordinates": [ 80.2288243, 13.0490007 ] } },
{ "type": "Feature", "properties": { "osmid": 2241075508, "y": 13.0493474, "x": 80.2288918, "street_count": 3, "highway": null, "elevation_m": 13.755144119262695, "population": 24514.197265625 }, "geometry": { "type": "Point", "coordinates": [ 80.2288918, 13.0493474 ] } },
{ "type": "Feature", "properties": { "osmid": 2241078189, "y": 13.052999, "x": 80.2344355, "street_count": 3, "highway": null, "elevation_m": 12.655800819396973, "population": 22810.8515625 }, "geometry": { "type": "Point", "coordinates": [ 80.2344355, 13.052999 ] } },
{ "type": "Feature", "properties": { "osmid": 2244611346, "y": 13.0515498, "x": 80.2273914, "street_count": 3, "highway": null, "elevation_m": 16.539606094360352, "population": 20723.693359375 }, "geometry": { "type": "Point", "coordinates": [ 80.2273914, 13.0515498 ] } },
{ "type": "Feature", "properties": { "osmid": 2249873809, "y": 13.0465678, "x": 80.2226286, "street_count": 3, "highway": null, "elevation_m": 13.279983520507812, "population": 26320.1796875 }, "geometry": { "type": "Point", "coordinates": [ 80.2226286, 13.0465678 ] } },
{ "type": "Feature", "properties": { "osmid": 2249873814, "y": 13.0475219, "x": 80.222846, "street_count": 3, "highway": null, "elevation_m": 14.119820594787598, "population": 26320.1796875 }, "geometry": { "type": "Point", "coordinates": [ 80.222846, 13.0475219 ] } },
{ "type": "Feature", "properties": { "osmid": 2249873818, "y": 13.0485805, "x": 80.2249084, "street_count": 3, "highway": null, "elevation_m": 13.621176719665527, "population": 24514.197265625 }, "geometry": { "type": "Point", "coordinates": [ 80.2249084, 13.0485805 ] } },
{ "type": "Feature", "properties": { "osmid": 2249873819, "y": 13.0487205, "x": 80.2241369, "street_count": 1, "highway": null, "elevation_m": 17.048688888549805, "population": 24514.197265625 }, "geometry": { "type": "Point", "coordinates": [ 80.2241369, 13.0487205 ] } },
{ "type": "Feature", "properties": { "osmid": 2249873820, "y": 13.0490466, "x": 80.2249807, "street_count": 3, "highway": null, "elevation_m": 13.183903694152832, "population": 24514.197265625 }, "geometry": { "type": "Point", "coordinates": [ 80.2249807, 13.0490466 ] } },
{ "type": "Feature", "properties": { "osmid": 2249873821, "y": 13.0491507, "x": 80.2245795, "street_count": 3, "highway": null, "elevation_m": 14.77979850769043, "population": 24514.197265625 }, "geometry": { "type": "Point", "coordinates": [ 80.2245795, 13.0491507 ] } },
{ "type": "Feature", "properties": { "osmid": 2249873824, "y": 13.0493804, "x": 80.2246441, "street_count": 3, "highway": null, "elevation_m": 14.35881519317627, "population": 24514.197265625 }, "geometry": { "type": "Point", "coordinates": [ 80.2246441, 13.0493804 ] } },
{ "type": "Feature", "properties": { "osmid": 2249873829, "y": 13.0498147, "x": 80.218801, "street_count": 3, "highway": null, "elevation_m": 13.584516525268555, "population": 16902.220703125 }, "geometry": { "type": "Point", "coordinates": [ 80.218801, 13.0498147 ] } },
{ "type": "Feature", "properties": { "osmid": 2250346242, "y": 13.0315887, "x": 80.2177279, "street_count": 3, "highway": null, "elevation_m": 11.039676666259766, "population": 24509.30859375 }, "geometry": { "type": "Point", "coordinates": [ 80.2177279, 13.0315887 ] } },
{ "type": "Feature", "properties": { "osmid": 2250346284, "y": 13.0321626, "x": 80.2183776, "street_count": 4, "highway": null, "elevation_m": 11.582859039306641, "population": 24509.30859375 }, "geometry": { "type": "Point", "coordinates": [ 80.2183776, 13.0321626 ] } },
{ "type": "Feature", "properties": { "osmid": 2250346300, "y": 13.0324539, "x": 80.2184352, "street_count": 3, "highway": null, "elevation_m": 13.329100608825684, "population": 24509.30859375 }, "geometry": { "type": "Point", "coordinates": [ 80.2184352, 13.0324539 ] } },
{ "type": "Feature", "properties": { "osmid": 2250346302, "y": 13.0322807, "x": 80.2200363, "street_count": 4, "highway": null, "elevation_m": 10.669133186340332, "population": 24509.30859375 }, "geometry": { "type": "Point", "coordinates": [ 80.2200363, 13.0322807 ] } },
{ "type": "Feature", "properties": { "osmid": 2270010387, "y": 13.051025, "x": 80.2464664, "street_count": 1, "highway": null, "elevation_m": 10.102733612060547, "population": 25040.6953125 }, "geometry": { "type": "Point", "coordinates": [ 80.2464664, 13.051025 ] } },
{ "type": "Feature", "properties": { "osmid": 2270010388, "y": 13.0512099, "x": 80.2458038, "street_count": 3, "highway": null, "elevation_m": 9.8573598861694336, "population": 25040.6953125 }, "geometry": { "type": "Point", "coordinates": [ 80.2458038, 13.0512099 ] } },
{ "type": "Feature", "properties": { "osmid": 2270010392, "y": 13.0521594, "x": 80.2386607, "street_count": 1, "highway": null, "elevation_m": 12.292510986328125, "population": 22810.8515625 }, "geometry": { "type": "Point", "coordinates": [ 80.2386607, 13.0521594 ] } },
{ "type": "Feature", "properties": { "osmid": 2270010395, "y": 13.0521955, "x": 80.2384255, "street_count": 3, "highway": null, "elevation_m": 13.052003860473633, "population": 22810.8515625 }, "geometry": { "type": "Point", "coordinates": [ 80.2384255, 13.0521955 ] } },
{ "type": "Feature", "properties": { "osmid": 2270010397, "y": 13.0523395, "x": 80.2382128, "street_count": 1, "highway": null, "elevation_m": 13.052003860473633, "population": 22810.8515625 }, "geometry": { "type": "Point", "coordinates": [ 80.2382128, 13.0523395 ] } },
{ "type": "Feature", "properties": { "osmid": 2270010398, "y": 13.0526918, "x": 80.2382849, "street_count": 4, "highway": null, "elevation_m": 13.831968307495117, "population": 22810.8515625 }, "geometry": { "type": "Point", "coordinates": [ 80.2382849, 13.0526918 ] } },
{ "type": "Feature", "properties": { "osmid": 2270010400, "y": 13.0527818, "x": 80.2424276, "street_count": 3, "highway": null, "elevation_m": 13.472208023071289, "population": 25040.6953125 }, "geometry": { "type": "Point", "coordinates": [ 80.2424276, 13.0527818 ] } },
{ "type": "Feature", "properties": { "osmid": 2270010403, "y": 13.0527978, "x": 80.2430899, "street_count": 4, "highway": null, "elevation_m": 9.3779935836791992, "population": 25040.6953125 }, "geometry": { "type": "Point", "coordinates": [ 80.2430899, 13.0527978 ] } },
{ "type": "Feature", "properties": { "osmid": 2270010405, "y": 13.0528972, "x": 80.2383373, "street_count": 4, "highway": null, "elevation_m": 13.831968307495117, "population": 22810.8515625 }, "geometry": { "type": "Point", "coordinates": [ 80.2383373, 13.0528972 ] } },
{ "type": "Feature", "properties": { "osmid": 2270010407, "y": 13.0530457, "x": 80.2383657, "street_count": 3, "highway": null, "elevation_m": 15.543440818786621, "population": 22810.8515625 }, "geometry": { "type": "Point", "coordinates": [ 80.2383657, 13.0530457 ] } },
{ "type": "Feature", "properties": { "osmid": 2270010409, "y": 13.0555346, "x": 80.2423077, "street_count": 3, "highway": null, "elevation_m": 16.642768859863281, "population": 25040.6953125 }, "geometry": { "type": "Point", "coordinates": [ 80.2423077, 13.0555346 ] } },
{ "type": "Feature", "properties": { "osmid": 2270010411, "y": 13.0563363, "x": 80.2457469, "street_count": 3, "highway": null, "elevation_m": 14.627737998962402, "population": 25040.6953125 }, "geometry": { "type": "Point", "coordinates": [ 80.2457469, 13.0563363 ] } },
{ "type": "Feature", "properties": { "osmid": 2270010413, "y": 13.0564025, "x": 80.246581, "street_count": 1, "highway": null, "elevation_m": 15.891929626464844, "population": 25040.6953125 }, "geometry": { "type": "Point", "coordinates": [ 80.246581, 13.0564025 ] } },
{ "type": "Feature", "properties": { "osmid": 2270331760, "y": 13.0435142, "x": 80.2373747, "street_count": 3, "highway": null, "elevation_m": 12.804264068603516, "population": 26002.5859375 }, "geometry": { "type": "Point", "coordinates": [ 80.2373747, 13.0435142 ] } },
{ "type": "Feature", "properties": { "osmid": 2270459311, "y": 13.0556271, "x": 80.2288949, "street_count": 1, "highway": null, "elevation_m": 13.142831802368164, "population": 20723.693359375 }, "geometry": { "type": "Point", "coordinates": [ 80.2288949, 13.0556271 ] } },
{ "type": "Feature", "properties": { "osmid": 2270459312, "y": 13.055641, "x": 80.2287751, "street_count": 1, "highway": null, "elevation_m": 13.142831802368164, "population": 20723.693359375 }, "geometry": { "type": "Point", "coordinates": [ 80.2287751, 13.055641 ] } },
{ "type": "Feature", "properties": { "osmid": 2270459313, "y": 13.0556841, "x": 80.2285478, "street_count": 1, "highway": null, "elevation_m": 14.493106842041016, "population": 20723.693359375 }, "geometry": { "type": "Point", "coordinates": [ 80.2285478, 13.0556841 ] } },
{ "type": "Feature", "properties": { "osmid": 2270459316, "y": 13.0560111, "x": 80.2289582, "street_count": 3, "highway": null, "elevation_m": 15.262215614318848, "population": 20723.693359375 }, "geometry": { "type": "Point", "coordinates": [ 80.2289582, 13.0560111 ] } },
{ "type": "Feature", "properties": { "osmid": 2270459317, "y": 13.0560269, "x": 80.228837, "street_count": 3, "highway": null, "elevation_m": 15.262215614318848, "population": 20723.693359375 }, "geometry": { "type": "Point", "coordinates": [ 80.228837, 13.0560269 ] } },
{ "type": "Feature", "properties": { "osmid": 2270459323, "y": 13.0568697, "x": 80.2274876, "street_count": 3, "highway": null, "elevation_m": 11.48081111907959, "population": 20723.693359375 }, "geometry": { "type": "Point", "coordinates": [ 80.2274876, 13.0568697 ] } },
{ "type": "Feature", "properties": { "osmid": 2270459324, "y": 13.0568793, "x": 80.2250263, "street_count": 3, "highway": null, "elevation_m": 16.772598266601562, "population": 20723.693359375 }, "geometry": { "type": "Point", "coordinates": [ 80.2250263, 13.0568793 ] } },
{ "type": "Feature", "properties": { "osmid": 2270459325, "y": 13.0569208, "x": 80.2267655, "street_count": 1, "highway": null, "elevation_m": 12.437565803527832, "population": 20723.693359375 }, "geometry": { "type": "Point", "coordinates": [ 80.2267655, 13.0569208 ] } },
{ "type": "Feature", "properties": { "osmid": 2270459328, "y": 13.0570218, "x": 80.2217056, "street_count": 3, "highway": null, "elevation_m": 13.613391876220703, "population": 16902.220703125 }, "geometry": { "type": "Point", "coordinates": [ 80.2217056, 13.0570218 ] } },
{ "type": "Feature", "properties": { "osmid": 2270459330, "y": 13.0570853, "x": 80.2268018, "street_count": 1, "highway": null, "elevation_m": 11.544403076171875, "population": 20723.693359375 }, "geometry": { "type": "Point", "coordinates": [ 80.2268018, 13.0570853 ] } },
{ "type": "Feature", "properties": { "osmid": 2270459331, "y": 13.0571081, "x": 80.226519, "street_count": 3, "highway": null, "elevation_m": 11.910299301147461, "population": 20723.693359375 }, "geometry": { "type": "Point", "coordinates": [ 80.226519, 13.0571081 ] } },
{ "type": "Feature", "properties": { "osmid": 2270459332, "y": 13.0571822, "x": 80.2250394, "street_count": 4, "highway": null, "elevation_m": 12.586506843566895, "population": 20723.693359375 }, "geometry": { "type": "Point", "coordinates": [ 80.2250394, 13.0571822 ] } },
{ "type": "Feature", "properties": { "osmid": 2270459333, "y": 13.0571625, "x": 80.2275303, "street_count": 3, "highway": null, "elevation_m": 12.313899040222168, "population": 20723.693359375 }, "geometry": { "type": "Point", "coordinates": [ 80.2275303, 13.0571625 ] } },
{ "type": "Feature", "properties": { "osmid": 2270459334, "y": 13.057226, "x": 80.2268209, "street_count": 1, "highway": null, "elevation_m": 13.187280654907227, "population": 20723.693359375 }, "geometry": { "type": "Point", "coordinates": [ 80.2268209, 13.057226 ] } },
{ "type": "Feature", "properties": { "osmid": 2270459335, "y": 13.0574518, "x": 80.2250524, "street_count": 4, "highway": null, "elevation_m": 14.892927169799805, "population": 20723.693359375 }, "geometry": { "type": "Point", "coordinates": [ 80.2250524, 13.0574518 ] } },
{ "type": "Feature", "properties": { "osmid": 2270459336, "y": 13.0574406, "x": 80.2306855, "street_count": 1, "highway": null, "elevation_m": 13.407299995422363, "population": 20723.693359375 }, "geometry": { "type": "Point", "coordinates": [ 80.2306855, 13.0574406 ] } },
{ "type": "Feature", "properties": { "osmid": 2270459340, "y": 13.0576945, "x": 80.2257533, "street_count": 3, "highway": null, "elevation_m": 13.09194278717041, "population": 20723.693359375 }, "geometry": { "type": "Point", "coordinates": [ 80.2257533, 13.0576945 ] } },
{ "type": "Feature", "properties": { "osmid": 2270459341, "y": 13.0577968, "x": 80.2297202, "street_count": 3, "highway": null, "elevation_m": 12.380719184875488, "population": 20723.693359375 }, "geometry": { "type": "Point", "coordinates": [ 80.2297202, 13.0577968 ] } },
{ "type": "Feature", "properties": { "osmid": 2270459344, "y": 13.0578828, "x": 80.2257363, "street_count": 3, "highway": null, "elevation_m": 13.09194278717041, "population": 20723.693359375 }, "geometry": { "type": "Point", "coordinates": [ 80.2257363, 13.0578828 ] } },
{ "type": "Feature", "properties": { "osmid": 2270459345, "y": 13.0579112, "x": 80.2260177, "street_count": 1, "highway": null, "elevation_m": 13.212142944335938, "population": 20723.693359375 }, "geometry": { "type": "Point", "coordinates": [ 80.2260177, 13.0579112 ] } },
{ "type": "Feature", "properties": { "osmid": 2270483978, "y": 13.0551319, "x": 80.2193992, "street_count": 3, "highway": null, "elevation_m": 13.478466987609863, "population": 16902.220703125 }, "geometry": { "type": "Point", "coordinates": [ 80.2193992, 13.0551319 ] } },
{ "type": "Feature", "properties": { "osmid": 2270483981, "y": 13.0553384, "x": 80.2199488, "street_count": 1, "highway": null, "elevation_m": 15.306458473205566, "population": 16902.220703125 }, "geometry": { "type": "Point", "coordinates": [ 80.2199488, 13.0553384 ] } },
{ "type": "Feature", "properties": { "osmid": 2270483985, "y": 13.0555755, "x": 80.2189379, "street_count": 1, "highway": null, "elevation_m": 13.738616943359375, "population": 16902.220703125 }, "geometry": { "type": "Point", "coordinates": [ 80.2189379, 13.0555755 ] } },
{ "type": "Feature", "properties": { "osmid": 2270483991, "y": 13.055732, "x": 80.2210118, "street_count": 3, "highway": null, "elevation_m": 13.348258972167969, "population": 16902.220703125 }, "geometry": { "type": "Point", "coordinates": [ 80.2210118, 13.055732 ] } },
{ "type": "Feature", "properties": { "osmid": 2270483993, "y": 13.0557744, "x": 80.2198527, "street_count": 3, "highway": null, "elevation_m": 15.078259468078613, "population": 16902.220703125 }, "geometry": { "type": "Point", "coordinates": [ 80.2198527, 13.0557744 ] } },
{ "type": "Feature", "properties": { "osmid": 2270483995, "y": 13.0558282, "x": 80.2194208, "street_count": 1, "highway": null, "elevation_m": 14.891399383544922, "population": 16902.220703125 }, "geometry": { "type": "Point", "coordinates": [ 80.2194208, 13.0558282 ] } },
{ "type": "Feature", "properties": { "osmid": 2270483997, "y": 13.0559008, "x": 80.220785, "street_count": 1, "highway": null, "elevation_m": 13.149601936340332, "population": 16902.220703125 }, "geometry": { "type": "Point", "coordinates": [ 80.220785, 13.0559008 ] } },
{ "type": "Feature", "properties": { "osmid": 2270483999, "y": 13.055807, "x": 80.220828, "street_count": 1, "highway": null, "elevation_m": 13.149601936340332, "population": 16902.220703125 }, "geometry": { "type": "Point", "coordinates": [ 80.220828, 13.055807 ] } },
{ "type": "Feature", "properties": { "osmid": 2270484007, "y": 13.0559612, "x": 80.2204931, "street_count": 1, "highway": null, "elevation_m": 13.783867835998535, "population": 16902.220703125 }, "geometry": { "type": "Point", "coordinates": [ 80.2204931, 13.0559612 ] } },
{ "type": "Feature", "properties": { "osmid": 2270484009, "y": 13.0561117, "x": 80.2199343, "street_count": 4, "highway": null, "elevation_m": 14.351912498474121, "population": 16902.220703125 }, "geometry": { "type": "Point", "coordinates": [ 80.2199343, 13.0561117 ] } },
{ "type": "Feature", "properties": { "osmid": 2270484012, "y": 13.0563317, "x": 80.2202853, "street_count": 1, "highway": null, "elevation_m": 13.790663719177246, "population": 16902.220703125 }, "geometry": { "type": "Point", "coordinates": [ 80.2202853, 13.0563317 ] } },
{ "type": "Feature", "properties": { "osmid": 2270484013, "y": 13.0563699, "x": 80.2190061, "street_count": 3, "highway": null, "elevation_m": 13.71351432800293, "population": 16902.220703125 }, "geometry": { "type": "Point", "coordinates": [ 80.2190061, 13.0563699 ] } },
{ "type": "Feature", "properties": { "osmid": 2270484014, "y": 13.0564163, "x": 80.2186855, "street_count": 3, "highway": null, "elevation_m": 15.760690689086914, "population": 16902.220703125 }, "geometry": { "type": "Point", "coordinates": [ 80.2186855, 13.0564163 ] } },
{ "type": "Feature", "properties": { "osmid": 2270484016, "y": 13.056407, "x": 80.220002, "street_count": 1, "highway": null, "elevation_m": 13.903916358947754, "population": 16902.220703125 }, "geometry": { "type": "Point", "coordinates": [ 80.220002, 13.056407 ] } },
{ "type": "Feature", "properties": { "osmid": 2270484017, "y": 13.0567707, "x": 80.2210266, "street_count": 3, "highway": null, "elevation_m": 14.913192749023438, "population": 16902.220703125 }, "geometry": { "type": "Point", "coordinates": [ 80.2210266, 13.0567707 ] } },
{ "type": "Feature", "properties": { "osmid": 2270484018, "y": 13.0568616, "x": 80.220685, "street_count": 3, "highway": null, "elevation_m": 14.496210098266602, "population": 16902.220703125 }, "geometry": { "type": "Point", "coordinates": [ 80.220685, 13.0568616 ] } },
{ "type": "Feature", "properties": { "osmid": 2270484019, "y": 13.0569233, "x": 80.2204247, "street_count": 3, "highway": null, "elevation_m": 14.496210098266602, "population": 16902.220703125 }, "geometry": { "type": "Point", "coordinates": [ 80.2204247, 13.0569233 ] } },
{ "type": "Feature", "properties": { "osmid": 2270484020, "y": 13.0569956, "x": 80.2201228, "street_count": 3, "highway": null, "elevation_m": 13.969769477844238, "population": 16902.220703125 }, "geometry": { "type": "Point", "coordinates": [ 80.2201228, 13.0569956 ] } },
{ "type": "Feature", "properties": { "osmid": 2270484021, "y": 13.0570669, "x": 80.2198361, "street_count": 3, "highway": null, "elevation_m": 14.950130462646484, "population": 16902.220703125 }, "geometry": { "type": "Point", "coordinates": [ 80.2198361, 13.0570669 ] } },
{ "type": "Feature", "properties": { "osmid": 2270484022, "y": 13.05716, "x": 80.2205671, "street_count": 3, "highway": null, "elevation_m": 15.869281768798828, "population": 16902.220703125 }, "geometry": { "type": "Point", "coordinates": [ 80.2205671, 13.05716 ] } },
{ "type": "Feature", "properties": { "osmid": 2270484023, "y": 13.0572547, "x": 80.2201772, "street_count": 4, "highway": null, "elevation_m": 13.204955101013184, "population": 16902.220703125 }, "geometry": { "type": "Point", "coordinates": [ 80.2201772, 13.0572547 ] } },
{ "type": "Feature", "properties": { "osmid": 2270484024, "y": 13.0573047, "x": 80.2198425, "street_count": 3, "highway": null, "elevation_m": 13.52094841003418, "population": 16902.220703125 }, "geometry": { "type": "Point", "coordinates": [ 80.2198425, 13.0573047 ] } },
{ "type": "Feature", "properties": { "osmid": 2270504130, "y": 13.0533852, "x": 80.2211808, "street_count": 3, "highway": null, "elevation_m": 21.73463249206543, "population": 16902.220703125 }, "geometry": { "type": "Point", "coordinates": [ 80.2211808, 13.0533852 ] } },
{ "type": "Feature", "properties": { "osmid": 2270504138, "y": 13.0540619, "x": 80.2211575, "street_count": 4, "highway": null, "elevation_m": 16.004169464111328, "population": 16902.220703125 }, "geometry": { "type": "Point", "coordinates": [ 80.2211575, 13.0540619 ] } },
{ "type": "Feature", "properties": { "osmid": 2270504148, "y": 13.0544807, "x": 80.2222544, "street_count": 1, "highway": null, "elevation_m": 18.837839126586914, "population": 16902.220703125 }, "geometry": { "type": "Point", "coordinates": [ 80.2222544, 13.0544807 ] } },
{ "type": "Feature", "properties": { "osmid": 2270504151, "y": 13.0545385, "x": 80.2213559, "street_count": 3, "highway": null, "elevation_m": 17.84368896484375, "population": 16902.220703125 }, "geometry": { "type": "Point", "coordinates": [ 80.2213559, 13.0545385 ] } },
{ "type": "Feature", "properties": { "osmid": 2270504160, "y": 13.0546579, "x": 80.2213905, "street_count": 3, "highway": null, "elevation_m": 17.957921981811523, "population": 16902.220703125 }, "geometry": { "type": "Point", "coordinates": [ 80.2213905, 13.0546579 ] } },
{ "type": "Feature", "properties": { "osmid": 2270504161, "y": 13.0545955, "x": 80.2194962, "street_count": 3, "highway": null, "elevation_m": 14.537777900695801, "population": 16902.220703125 }, "geometry": { "type": "Point", "coordinates": [ 80.2194962, 13.0545955 ] } },
{ "type": "Feature", "properties": { "osmid": 2270504162, "y": 13.0546122, "x": 80.2188522, "street_count": 1, "highway": null, "elevation_m": 14.081157684326172, "population": 16902.220703125 }, "geometry": { "type": "Point", "coordinates": [ 80.2188522, 13.0546122 ] } },
{ "type": "Feature", "properties": { "osmid": 2270504165, "y": 13.0548439, "x": 80.2223393, "street_count": 1, "highway": null, "elevation_m": 16.23291015625, "population": 16902.220703125 }, "geometry": { "type": "Point", "coordinates": [ 80.2223393, 13.0548439 ] } },
{ "type": "Feature", "properties": { "osmid": 2270504171, "y": 13.056386, "x": 80.2189557, "street_count": 3, "highway": null, "elevation_m": 13.71351432800293, "population": 16902.220703125 }, "geometry": { "type": "Point", "coordinates": [ 80.2189557, 13.056386 ] } },
{ "type": "Feature", "properties": { "osmid": 2270504173, "y": 13.05692, "x": 80.2190308, "street_count": 1, "highway": null, "elevation_m": 14.520394325256348, "population": 16902.220703125 }, "geometry": { "type": "Point", "coordinates": [ 80.2190308, 13.05692 ] } },
{ "type": "Feature", "properties": { "osmid": 2271033730, "y": 13.0450906, "x": 80.2204256, "street_count": 1, "highway": null, "elevation_m": 15.594953536987305, "population": 26320.1796875 }, "geometry": { "type": "Point", "coordinates": [ 80.2204256, 13.0450906 ] } },
{ "type": "Feature", "properties": { "osmid": 2271033731, "y": 13.0454826, "x": 80.2209872, "street_count": 3, "highway": null, "elevation_m": 15.489504814147949, "population": 26320.1796875 }, "geometry": { "type": "Point", "coordinates": [ 80.2209872, 13.0454826 ] } },
{ "type": "Feature", "properties": { "osmid": 2271033735, "y": 13.0459307, "x": 80.2204047, "street_count": 1, "highway": null, "elevation_m": 16.196901321411133, "population": 26320.1796875 }, "geometry": { "type": "Point", "coordinates": [ 80.2204047, 13.0459307 ] } },
{ "type": "Feature", "properties": { "osmid": 2274237334, "y": 13.0399135, "x": 80.2359302, "street_count": 3, "highway": null, "elevation_m": 12.450913429260254, "population": 24653.408203125 }, "geometry": { "type": "Point", "coordinates": [ 80.2359302, 13.0399135 ] } },
{ "type": "Feature", "properties": { "osmid": 2274237335, "y": 13.0402046, "x": 80.238191, "street_count": 4, "highway": null, "elevation_m": 11.85814094543457, "population": 24653.408203125 }, "geometry": { "type": "Point", "coordinates": [ 80.238191, 13.0402046 ] } },
{ "type": "Feature", "properties": { "osmid": 2274237336, "y": 13.0404919, "x": 80.2360312, "street_count": 3, "highway": null, "elevation_m": 17.171659469604492, "population": 24653.408203125 }, "geometry": { "type": "Point", "coordinates": [ 80.2360312, 13.0404919 ] } },
{ "type": "Feature", "properties": { "osmid": 2274237677, "y": 13.0522711, "x": 80.2446501, "street_count": 1, "highway": null, "elevation_m": 14.100846290588379, "population": 25040.6953125 }, "geometry": { "type": "Point", "coordinates": [ 80.2446501, 13.0522711 ] } },
{ "type": "Feature", "properties": { "osmid": 2274237713, "y": 13.0543269, "x": 80.2329409, "street_count": 1, "highway": null, "elevation_m": 15.99109935760498, "population": 22810.8515625 }, "geometry": { "type": "Point", "coordinates": [ 80.2329409, 13.0543269 ] } },
{ "type": "Feature", "properties": { "osmid": 2274237721, "y": 13.0549055, "x": 80.2323684, "street_count": 3, "highway": null, "elevation_m": 14.068204879760742, "population": 22810.8515625 }, "geometry": { "type": "Point", "coordinates": [ 80.2323684, 13.0549055 ] } },
{ "type": "Feature", "properties": { "osmid": 2274269638, "y": 13.0561398, "x": 80.234347, "street_count": 3, "highway": null, "elevation_m": 14.044519424438477, "population": 22810.8515625 }, "geometry": { "type": "Point", "coordinates": [ 80.234347, 13.0561398 ] } },
{ "type": "Feature", "properties": { "osmid": 2482301308, "y": 13.0504937, "x": 80.2404148, "street_count": 3, "highway": null, "elevation_m": 14.092216491699219, "population": 22810.8515625 }, "geometry": { "type": "Point", "coordinates": [ 80.2404148, 13.0504937 ] } },
{ "type": "Feature", "properties": { "osmid": 2482301312, "y": 13.0519998, "x": 80.24075, "street_count": 3, "highway": null, "elevation_m": 13.148916244506836, "population": 25040.6953125 }, "geometry": { "type": "Point", "coordinates": [ 80.24075, 13.0519998 ] } },
{ "type": "Feature", "properties": { "osmid": 2482301333, "y": 13.0524324, "x": 80.2408896, "street_count": 4, "highway": null, "elevation_m": 11.325841903686523, "population": 25040.6953125 }, "geometry": { "type": "Point", "coordinates": [ 80.2408896, 13.0524324 ] } },
{ "type": "Feature", "properties": { "osmid": 2482301345, "y": 13.0525385, "x": 80.240999, "street_count": 5, "highway": null, "elevation_m": 12.068119049072266, "population": 25040.6953125 }, "geometry": { "type": "Point", "coordinates": [ 80.240999, 13.0525385 ] } },
{ "type": "Feature", "properties": { "osmid": 2482451707, "y": 13.0506416, "x": 80.2377505, "street_count": 1, "highway": null, "elevation_m": 13.507988929748535, "population": 22810.8515625 }, "geometry": { "type": "Point", "coordinates": [ 80.2377505, 13.0506416 ] } },
{ "type": "Feature", "properties": { "osmid": 2656633436, "y": 13.0313552, "x": 80.2493889, "street_count": 3, "highway": null, "elevation_m": 16.142972946166992, "population": 21972.181640625 }, "geometry": { "type": "Point", "coordinates": [ 80.2493889, 13.0313552 ] } },
{ "type": "Feature", "properties": { "osmid": 2656633439, "y": 13.03141, "x": 80.2489923, "street_count": 3, "highway": null, "elevation_m": 13.180289268493652, "population": 21972.181640625 }, "geometry": { "type": "Point", "coordinates": [ 80.2489923, 13.03141 ] } },
{ "type": "Feature", "properties": { "osmid": 2681704881, "y": 13.0259079, "x": 80.2217721, "street_count": 3, "highway": null, "elevation_m": 15.172786712646484, "population": 24509.30859375 }, "geometry": { "type": "Point", "coordinates": [ 80.2217721, 13.0259079 ] } },
{ "type": "Feature", "properties": { "osmid": 3048092023, "y": 13.0256904, "x": 80.2302838, "street_count": 3, "highway": null, "elevation_m": 9.6988630294799805, "population": 23049.033203125 }, "geometry": { "type": "Point", "coordinates": [ 80.2302838, 13.0256904 ] } },
{ "type": "Feature", "properties": { "osmid": 3071911742, "y": 13.0432263, "x": 80.2455121, "street_count": 3, "highway": null, "elevation_m": 7.8951115608215332, "population": 27057.625 }, "geometry": { "type": "Point", "coordinates": [ 80.2455121, 13.0432263 ] } },
{ "type": "Feature", "properties": { "osmid": 3430868480, "y": 13.0411677, "x": 80.2441831, "street_count": 4, "highway": null, "elevation_m": 12.65392017364502, "population": 20546.419921875 }, "geometry": { "type": "Point", "coordinates": [ 80.2441831, 13.0411677 ] } },
{ "type": "Feature", "properties": { "osmid": 3678358009, "y": 13.0515859, "x": 80.2400935, "street_count": 1, "highway": null, "elevation_m": 15.784721374511719, "population": 22810.8515625 }, "geometry": { "type": "Point", "coordinates": [ 80.2400935, 13.0515859 ] } },
{ "type": "Feature", "properties": { "osmid": 3682320532, "y": 13.0455391, "x": 80.2201901, "street_count": 1, "highway": null, "elevation_m": 14.493305206298828, "population": 26320.1796875 }, "geometry": { "type": "Point", "coordinates": [ 80.2201901, 13.0455391 ] } },
{ "type": "Feature", "properties": { "osmid": 3683401209, "y": 13.0284661, "x": 80.2230709, "street_count": 3, "highway": null, "elevation_m": 11.940093040466309, "population": 24509.30859375 }, "geometry": { "type": "Point", "coordinates": [ 80.2230709, 13.0284661 ] } },
{ "type": "Feature", "properties": { "osmid": 3685546596, "y": 13.0387444, "x": 80.2227996, "street_count": 3, "highway": null, "elevation_m": 14.556905746459961, "population": 26918.638671875 }, "geometry": { "type": "Point", "coordinates": [ 80.2227996, 13.0387444 ] } },
{ "type": "Feature", "properties": { "osmid": 3685546599, "y": 13.0394151, "x": 80.2229266, "street_count": 3, "highway": null, "elevation_m": 14.984322547912598, "population": 26918.638671875 }, "geometry": { "type": "Point", "coordinates": [ 80.2229266, 13.0394151 ] } },
{ "type": "Feature", "properties": { "osmid": 3898194051, "y": 13.0541673, "x": 80.2318855, "street_count": 3, "highway": null, "elevation_m": 14.847219467163086, "population": 20723.693359375 }, "geometry": { "type": "Point", "coordinates": [ 80.2318855, 13.0541673 ] } },
{ "type": "Feature", "properties": { "osmid": 3907623863, "y": 13.0401201, "x": 80.2359881, "street_count": 3, "highway": null, "elevation_m": 14.061638832092285, "population": 24653.408203125 }, "geometry": { "type": "Point", "coordinates": [ 80.2359881, 13.0401201 ] } },
{ "type": "Feature", "properties": { "osmid": 3907623864, "y": 13.0397227, "x": 80.2368891, "street_count": 3, "highway": null, "elevation_m": 17.34160041809082, "population": 24653.408203125 }, "geometry": { "type": "Point", "coordinates": [ 80.2368891, 13.0397227 ] } },
{ "type": "Feature", "properties": { "osmid": 3907625264, "y": 13.0371782, "x": 80.2367458, "street_count": 3, "highway": null, "elevation_m": 13.901211738586426, "population": 24653.408203125 }, "geometry": { "type": "Point", "coordinates": [ 80.2367458, 13.0371782 ] } },
{ "type": "Feature", "properties": { "osmid": 4090219130, "y": 13.0504547, "x": 80.2445141, "street_count": 3, "highway": null, "elevation_m": 14.16081714630127, "population": 25040.6953125 }, "geometry": { "type": "Point", "coordinates": [ 80.2445141, 13.0504547 ] } },
{ "type": "Feature", "properties": { "osmid": 4090219131, "y": 13.0503876, "x": 80.2449653, "street_count": 1, "highway": null, "elevation_m": 14.320910453796387, "population": 25040.6953125 }, "geometry": { "type": "Point", "coordinates": [ 80.2449653, 13.0503876 ] } },
{ "type": "Feature", "properties": { "osmid": 4090220540, "y": 13.0500529, "x": 80.2448032, "street_count": 1, "highway": null, "elevation_m": 13.437284469604492, "population": 25040.6953125 }, "geometry": { "type": "Point", "coordinates": [ 80.2448032, 13.0500529 ] } },
{ "type": "Feature", "properties": { "osmid": 4142772392, "y": 13.0377217, "x": 80.2196615, "street_count": 3, "highway": null, "elevation_m": 15.376115798950195, "population": 26918.638671875 }, "geometry": { "type": "Point", "coordinates": [ 80.2196615, 13.0377217 ] } },
{ "type": "Feature", "properties": { "osmid": 4142772395, "y": 13.0374918, "x": 80.2195203, "street_count": 1, "highway": null, "elevation_m": 12.402562141418457, "population": 26918.638671875 }, "geometry": { "type": "Point", "coordinates": [ 80.2195203, 13.0374918 ] } },
{ "type": "Feature", "properties": { "osmid": 4350494421, "y": 13.0281807, "x": 80.2184135, "street_count": 1, "highway": null, "elevation_m": 14.100168228149414, "population": 24509.30859375 }, "geometry": { "type": "Point", "coordinates": [ 80.2184135, 13.0281807 ] } },
{ "type": "Feature", "properties": { "osmid": 4410824052, "y": 13.0259592, "x": 80.2314274, "street_count": 3, "highway": "traffic_signals", "elevation_m": 15.783614158630371, "population": 23049.033203125 }, "geometry": { "type": "Point", "coordinates": [ 80.2314274, 13.0259592 ] } },
{ "type": "Feature", "properties": { "osmid": 5458323300, "y": 13.0311984, "x": 80.2397529, "street_count": 3, "highway": null, "elevation_m": 7.0696849822998047, "population": 15232.8125 }, "geometry": { "type": "Point", "coordinates": [ 80.2397529, 13.0311984 ] } },
{ "type": "Feature", "properties": { "osmid": 5468773055, "y": 13.0289857, "x": 80.2498838, "street_count": 3, "highway": null, "elevation_m": 9.5373516082763672, "population": 21972.181640625 }, "geometry": { "type": "Point", "coordinates": [ 80.2498838, 13.0289857 ] } },
{ "type": "Feature", "properties": { "osmid": 5733272641, "y": 13.0411917, "x": 80.2194888, "street_count": 3, "highway": null, "elevation_m": 15.98320198059082, "population": 26918.638671875 }, "geometry": { "type": "Point", "coordinates": [ 80.2194888, 13.0411917 ] } },
{ "type": "Feature", "properties": { "osmid": 5733272642, "y": 13.0412447, "x": 80.2307189, "street_count": 1, "highway": null, "elevation_m": 13.99776554107666, "population": 19051.626953125 }, "geometry": { "type": "Point", "coordinates": [ 80.2307189, 13.0412447 ] } },
{ "type": "Feature", "properties": { "osmid": 6275023491, "y": 13.0333127, "x": 80.2435249, "street_count": 3, "highway": null, "elevation_m": 8.2664356231689453, "population": 20546.419921875 }, "geometry": { "type": "Point", "coordinates": [ 80.2435249, 13.0333127 ] } },
{ "type": "Feature", "properties": { "osmid": 6275023496, "y": 13.034828, "x": 80.2435664, "street_count": 1, "highway": null, "elevation_m": 9.8851699829101562, "population": 20546.419921875 }, "geometry": { "type": "Point", "coordinates": [ 80.2435664, 13.034828 ] } },
{ "type": "Feature", "properties": { "osmid": 6275023497, "y": 13.0339938, "x": 80.2432733, "street_count": 3, "highway": null, "elevation_m": 9.1613388061523438, "population": 20546.419921875 }, "geometry": { "type": "Point", "coordinates": [ 80.2432733, 13.0339938 ] } },
{ "type": "Feature", "properties": { "osmid": 6275023498, "y": 13.0339408, "x": 80.2434796, "street_count": 4, "highway": null, "elevation_m": 10.178884506225586, "population": 20546.419921875 }, "geometry": { "type": "Point", "coordinates": [ 80.2434796, 13.0339408 ] } },
{ "type": "Feature", "properties": { "osmid": 6275023501, "y": 13.0346551, "x": 80.2436536, "street_count": 3, "highway": null, "elevation_m": 9.8851699829101562, "population": 20546.419921875 }, "geometry": { "type": "Point", "coordinates": [ 80.2436536, 13.0346551 ] } },
{ "type": "Feature", "properties": { "osmid": 6275023503, "y": 13.0349207, "x": 80.2439972, "street_count": 3, "highway": null, "elevation_m": 13.191730499267578, "population": 20546.419921875 }, "geometry": { "type": "Point", "coordinates": [ 80.2439972, 13.0349207 ] } },
{ "type": "Feature", "properties": { "osmid": 6275023504, "y": 13.0346893, "x": 80.243516, "street_count": 3, "highway": null, "elevation_m": 9.8851699829101562, "population": 20546.419921875 }, "geometry": { "type": "Point", "coordinates": [ 80.243516, 13.0346893 ] } },
{ "type": "Feature", "properties": { "osmid": 6304859530, "y": 13.0280552, "x": 80.2230652, "street_count": 3, "highway": null, "elevation_m": 12.808134078979492, "population": 24509.30859375 }, "geometry": { "type": "Point", "coordinates": [ 80.2230652, 13.0280552 ] } },
{ "type": "Feature", "properties": { "osmid": 6443046353, "y": 13.0527861, "x": 80.2435543, "street_count": 3, "highway": null, "elevation_m": 11.252082824707031, "population": 25040.6953125 }, "geometry": { "type": "Point", "coordinates": [ 80.2435543, 13.0527861 ] } },
{ "type": "Feature", "properties": { "osmid": 6496056616, "y": 13.0470169, "x": 80.2397364, "street_count": 3, "highway": null, "elevation_m": 12.741270065307617, "population": 26002.5859375 }, "geometry": { "type": "Point", "coordinates": [ 80.2397364, 13.0470169 ] } },
{ "type": "Feature", "properties": { "osmid": 6496517894, "y": 13.0479723, "x": 80.2453569, "street_count": 3, "highway": null, "elevation_m": 7.850555419921875, "population": 27057.625 }, "geometry": { "type": "Point", "coordinates": [ 80.2453569, 13.0479723 ] } },
{ "type": "Feature", "properties": { "osmid": 6496530402, "y": 13.0469052, "x": 80.243618, "street_count": 3, "highway": null, "elevation_m": 12.334786415100098, "population": 27057.625 }, "geometry": { "type": "Point", "coordinates": [ 80.243618, 13.0469052 ] } },
{ "type": "Feature", "properties": { "osmid": 6496557085, "y": 13.0468251, "x": 80.2369209, "street_count": 3, "highway": null, "elevation_m": 14.159893035888672, "population": 26002.5859375 }, "geometry": { "type": "Point", "coordinates": [ 80.2369209, 13.0468251 ] } },
{ "type": "Feature", "properties": { "osmid": 6496557086, "y": 13.047594, "x": 80.2370984, "street_count": 3, "highway": null, "elevation_m": 13.459381103515625, "population": 26002.5859375 }, "geometry": { "type": "Point", "coordinates": [ 80.2370984, 13.047594 ] } },
{ "type": "Feature", "properties": { "osmid": 6496684270, "y": 13.0485432, "x": 80.246357, "street_count": 3, "highway": null, "elevation_m": 9.4281301498413086, "population": 27057.625 }, "geometry": { "type": "Point", "coordinates": [ 80.246357, 13.0485432 ] } },
{ "type": "Feature", "properties": { "osmid": 6496684271, "y": 13.0486304, "x": 80.2462767, "street_count": 3, "highway": null, "elevation_m": 9.4281301498413086, "population": 27057.625 }, "geometry": { "type": "Point", "coordinates": [ 80.2462767, 13.0486304 ] } },
{ "type": "Feature", "properties": { "osmid": 6496692766, "y": 13.0550892, "x": 80.2370764, "street_count": 3, "highway": null, "elevation_m": 13.619730949401855, "population": 22810.8515625 }, "geometry": { "type": "Point", "coordinates": [ 80.2370764, 13.0550892 ] } },
{ "type": "Feature", "properties": { "osmid": 6496692768, "y": 13.0549373, "x": 80.2375519, "street_count": 3, "highway": null, "elevation_m": 13.382516860961914, "population": 22810.8515625 }, "geometry": { "type": "Point", "coordinates": [ 80.2375519, 13.0549373 ] } },
{ "type": "Feature", "properties": { "osmid": 6496854073, "y": 13.049731, "x": 80.2203028, "street_count": 3, "highway": null, "elevation_m": 14.126160621643066, "population": 16902.220703125 }, "geometry": { "type": "Point", "coordinates": [ 80.2203028, 13.049731 ] } },
{ "type": "Feature", "properties": { "osmid": 6496854074, "y": 13.0493971, "x": 80.2202773, "street_count": 4, "highway": null, "elevation_m": 13.632833480834961, "population": 26320.1796875 }, "geometry": { "type": "Point", "coordinates": [ 80.2202773, 13.0493971 ] } },
{ "type": "Feature", "properties": { "osmid": 6496854075, "y": 13.0490633, "x": 80.220248, "street_count": 4, "highway": null, "elevation_m": 13.034368515014648, "population": 26320.1796875 }, "geometry": { "type": "Point", "coordinates": [ 80.220248, 13.0490633 ] } },
{ "type": "Feature", "properties": { "osmid": 6496854076, "y": 13.0487383, "x": 80.2202002, "street_count": 3, "highway": null, "elevation_m": 17.858148574829102, "population": 26320.1796875 }, "geometry": { "type": "Point", "coordinates": [ 80.2202002, 13.0487383 ] } },
{ "type": "Feature", "properties": { "osmid": 6497026661, "y": 13.0520113, "x": 80.2192179, "street_count": 3, "highway": null, "elevation_m": 14.987510681152344, "population": 16902.220703125 }, "geometry": { "type": "Point", "coordinates": [ 80.2192179, 13.0520113 ] } },
{ "type": "Feature", "properties": { "osmid": 6497080775, "y": 13.0426633, "x": 80.2324019, "street_count": 3, "highway": null, "elevation_m": 20.098409652709961, "population": 26002.5859375 }, "geometry": { "type": "Point", "coordinates": [ 80.2324019, 13.0426633 ] } },
{ "type": "Feature", "properties": { "osmid": 6497357709, "y": 13.0436081, "x": 80.2214099, "street_count": 3, "highway": null, "elevation_m": 12.330746650695801, "population": 26320.1796875 }, "geometry": { "type": "Point", "coordinates": [ 80.2214099, 13.0436081 ] } },
{ "type": "Feature", "properties": { "osmid": 6497368707, "y": 13.0528388, "x": 80.2428583, "street_count": 3, "highway": null, "elevation_m": 10.120922088623047, "population": 25040.6953125 }, "geometry": { "type": "Point", "coordinates": [ 80.2428583, 13.0528388 ] } },
{ "type": "Feature", "properties": { "osmid": 6497368708, "y": 13.0534567, "x": 80.2428103, "street_count": 3, "highway": null, "elevation_m": 14.227311134338379, "population": 25040.6953125 }, "geometry": { "type": "Point", "coordinates": [ 80.2428103, 13.0534567 ] } },
{ "type": "Feature", "properties": { "osmid": 6497435745, "y": 13.0306636, "x": 80.2216273, "street_count": 3, "highway": null, "elevation_m": 14.391160011291504, "population": 24509.30859375 }, "geometry": { "type": "Point", "coordinates": [ 80.2216273, 13.0306636 ] } },
{ "type": "Feature", "properties": { "osmid": 6497450229, "y": 13.0342592, "x": 80.230369, "street_count": 3, "highway": null, "elevation_m": 11.086239814758301, "population": 19051.626953125 }, "geometry": { "type": "Point", "coordinates": [ 80.230369, 13.0342592 ] } },
{ "type": "Feature", "properties": { "osmid": 6497548280, "y": 13.0292498, "x": 80.2188613, "street_count": 3, "highway": null, "elevation_m": 15.188685417175293, "population": 24509.30859375 }, "geometry": { "type": "Point", "coordinates": [ 80.2188613, 13.0292498 ] } },
{ "type": "Feature", "properties": { "osmid": 6497548281, "y": 13.028918, "x": 80.2188311, "street_count": 3, "highway": null, "elevation_m": 14.898830413818359, "population": 24509.30859375 }, "geometry": { "type": "Point", "coordinates": [ 80.2188311, 13.028918 ] } },
{ "type": "Feature", "properties": { "osmid": 6497560107, "y": 13.0336646, "x": 80.2239732, "street_count": 3, "highway": null, "elevation_m": 12.134318351745605, "population": 19051.626953125 }, "geometry": { "type": "Point", "coordinates": [ 80.2239732, 13.0336646 ] } },
{ "type": "Feature", "properties": { "osmid": 6497630115, "y": 13.0373517, "x": 80.2430211, "street_count": 3, "highway": null, "elevation_m": 17.442592620849609, "population": 20546.419921875 }, "geometry": { "type": "Point", "coordinates": [ 80.2430211, 13.0373517 ] } },
{ "type": "Feature", "properties": { "osmid": 6497630118, "y": 13.0369957, "x": 80.2429648, "street_count": 3, "highway": null, "elevation_m": 15.448408126831055, "population": 20546.419921875 }, "geometry": { "type": "Point", "coordinates": [ 80.2429648, 13.0369957 ] } },
{ "type": "Feature", "properties": { "osmid": 6497631166, "y": 13.0567946, "x": 80.229345, "street_count": 3, "highway": null, "elevation_m": 15.094383239746094, "population": 20723.693359375 }, "geometry": { "type": "Point", "coordinates": [ 80.229345, 13.0567946 ] } },
{ "type": "Feature", "properties": { "osmid": 6497631167, "y": 13.0569631, "x": 80.2284337, "street_count": 3, "highway": null, "elevation_m": 12.349582672119141, "population": 20723.693359375 }, "geometry": { "type": "Point", "coordinates": [ 80.2284337, 13.0569631 ] } },
{ "type": "Feature", "properties": { "osmid": 6497888143, "y": 13.0294859, "x": 80.235921, "street_count": 1, "highway": null, "elevation_m": 12.110774993896484, "population": 15232.8125 }, "geometry": { "type": "Point", "coordinates": [ 80.235921, 13.0294859 ] } },
{ "type": "Feature", "properties": { "osmid": 6497888144, "y": 13.0289038, "x": 80.2363591, "street_count": 3, "highway": null, "elevation_m": 9.8242502212524414, "population": 15232.8125 }, "geometry": { "type": "Point", "coordinates": [ 80.2363591, 13.0289038 ] } },
{ "type": "Feature", "properties": { "osmid": 6585863069, "y": 13.0330275, "x": 80.2483002, "street_count": 3, "highway": null, "elevation_m": 10.639483451843262, "population": 20546.419921875 }, "geometry": { "type": "Point", "coordinates": [ 80.2483002, 13.0330275 ] } },
{ "type": "Feature", "properties": { "osmid": 6585863070, "y": 13.0336747, "x": 80.2483758, "street_count": 1, "highway": null, "elevation_m": 13.590150833129883, "population": 20546.419921875 }, "geometry": { "type": "Point", "coordinates": [ 80.2483758, 13.0336747 ] } },
{ "type": "Feature", "properties": { "osmid": 6768828546, "y": 13.0526973, "x": 80.2420139, "street_count": 3, "highway": null, "elevation_m": 11.79725456237793, "population": 25040.6953125 }, "geometry": { "type": "Point", "coordinates": [ 80.2420139, 13.0526973 ] } },
{ "type": "Feature", "properties": { "osmid": 6768828548, "y": 13.0528894, "x": 80.241857, "street_count": 3, "highway": null, "elevation_m": 11.79725456237793, "population": 25040.6953125 }, "geometry": { "type": "Point", "coordinates": [ 80.241857, 13.0528894 ] } },
{ "type": "Feature", "properties": { "osmid": 6776936043, "y": 13.0446261, "x": 80.2293916, "street_count": 3, "highway": null, "elevation_m": 12.019686698913574, "population": 24514.197265625 }, "geometry": { "type": "Point", "coordinates": [ 80.2293916, 13.0446261 ] } },
{ "type": "Feature", "properties": { "osmid": 6776936045, "y": 13.0452084, "x": 80.2294744, "street_count": 3, "highway": null, "elevation_m": 11.580367088317871, "population": 24514.197265625 }, "geometry": { "type": "Point", "coordinates": [ 80.2294744, 13.0452084 ] } },
{ "type": "Feature", "properties": { "osmid": 6776975552, "y": 13.0322061, "x": 80.2415416, "street_count": 1, "highway": null, "elevation_m": 8.7824201583862305, "population": 17030.998046875 }, "geometry": { "type": "Point", "coordinates": [ 80.2415416, 13.0322061 ] } },
{ "type": "Feature", "properties": { "osmid": 6776975554, "y": 13.0321214, "x": 80.2416837, "street_count": 3, "highway": null, "elevation_m": 8.7824201583862305, "population": 17030.998046875 }, "geometry": { "type": "Point", "coordinates": [ 80.2416837, 13.0321214 ] } },
{ "type": "Feature", "properties": { "osmid": 6785638129, "y": 13.0457029, "x": 80.2300957, "street_count": 3, "highway": null, "elevation_m": 9.7319173812866211, "population": 24514.197265625 }, "geometry": { "type": "Point", "coordinates": [ 80.2300957, 13.0457029 ] } },
{ "type": "Feature", "properties": { "osmid": 6799048018, "y": 13.0310314, "x": 80.23986, "street_count": 4, "highway": null, "elevation_m": 7.0696849822998047, "population": 15232.8125 }, "geometry": { "type": "Point", "coordinates": [ 80.23986, 13.0310314 ] } },
{ "type": "Feature", "properties": { "osmid": 6926845391, "y": 13.0391271, "x": 80.2468172, "street_count": 4, "highway": "traffic_signals", "elevation_m": 11.621829986572266, "population": 20546.419921875 }, "geometry": { "type": "Point", "coordinates": [ 80.2468172, 13.0391271 ] } },
{ "type": "Feature", "properties": { "osmid": 6975371385, "y": 13.0353099, "x": 80.2282858, "street_count": 1, "highway": null, "elevation_m": 9.7838239669799805, "population": 19051.626953125 }, "geometry": { "type": "Point", "coordinates": [ 80.2282858, 13.0353099 ] } },
{ "type": "Feature", "properties": { "osmid": 7024747815, "y": 13.046495, "x": 80.217698, "street_count": 1, "highway": null, "elevation_m": 16.325286865234375, "population": 26320.1796875 }, "geometry": { "type": "Point", "coordinates": [ 80.217698, 13.046495 ] } },
{ "type": "Feature", "properties": { "osmid": 7024787475, "y": 13.0478002, "x": 80.2303971, "street_count": 3, "highway": null, "elevation_m": 10.614988327026367, "population": 24514.197265625 }, "geometry": { "type": "Point", "coordinates": [ 80.2303971, 13.0478002 ] } },
{ "type": "Feature", "properties": { "osmid": 7027588122, "y": 13.0460269, "x": 80.2185516, "street_count": 3, "highway": null, "elevation_m": 14.505309104919434, "population": 26320.1796875 }, "geometry": { "type": "Point", "coordinates": [ 80.2185516, 13.0460269 ] } },
{ "type": "Feature", "properties": { "osmid": 7027588123, "y": 13.0467597, "x": 80.2187458, "street_count": 4, "highway": null, "elevation_m": 16.339086532592773, "population": 26320.1796875 }, "geometry": { "type": "Point", "coordinates": [ 80.2187458, 13.0467597 ] } },
{ "type": "Feature", "properties": { "osmid": 7027588125, "y": 13.0481887, "x": 80.219162, "street_count": 3, "highway": null, "elevation_m": 11.761157989501953, "population": 26320.1796875 }, "geometry": { "type": "Point", "coordinates": [ 80.219162, 13.0481887 ] } },
{ "type": "Feature", "properties": { "osmid": 7027588126, "y": 13.0487953, "x": 80.2193308, "street_count": 4, "highway": null, "elevation_m": 13.772148132324219, "population": 26320.1796875 }, "geometry": { "type": "Point", "coordinates": [ 80.2193308, 13.0487953 ] } },
{ "type": "Feature", "properties": { "osmid": 7027588127, "y": 13.0491651, "x": 80.2194337, "street_count": 3, "highway": null, "elevation_m": 14.838348388671875, "population": 26320.1796875 }, "geometry": { "type": "Point", "coordinates": [ 80.2194337, 13.0491651 ] } },
{ "type": "Feature", "properties": { "osmid": 7027588128, "y": 13.049456, "x": 80.2195146, "street_count": 3, "highway": null, "elevation_m": 13.685362815856934, "population": 26320.1796875 }, "geometry": { "type": "Point", "coordinates": [ 80.2195146, 13.049456 ] } },
{ "type": "Feature", "properties": { "osmid": 7027588129, "y": 13.0497952, "x": 80.219609, "street_count": 3, "highway": null, "elevation_m": 12.551854133605957, "population": 16902.220703125 }, "geometry": { "type": "Point", "coordinates": [ 80.219609, 13.0497952 ] } },
{ "type": "Feature", "properties": { "osmid": 7027588130, "y": 13.0500596, "x": 80.2196826, "street_count": 3, "highway": null, "elevation_m": 13.41472339630127, "population": 16902.220703125 }, "geometry": { "type": "Point", "coordinates": [ 80.2196826, 13.0500596 ] } },
{ "type": "Feature", "properties": { "osmid": 7027588141, "y": 13.0503447, "x": 80.219762, "street_count": 3, "highway": null, "elevation_m": 15.867719650268555, "population": 16902.220703125 }, "geometry": { "type": "Point", "coordinates": [ 80.219762, 13.0503447 ] } },
{ "type": "Feature", "properties": { "osmid": 7027588142, "y": 13.0507782, "x": 80.2198782, "street_count": 3, "highway": null, "elevation_m": 12.548989295959473, "population": 16902.220703125 }, "geometry": { "type": "Point", "coordinates": [ 80.2198782, 13.0507782 ] } },
{ "type": "Feature", "properties": { "osmid": 7027588144, "y": 13.0510787, "x": 80.2199605, "street_count": 3, "highway": null, "elevation_m": 12.813061714172363, "population": 16902.220703125 }, "geometry": { "type": "Point", "coordinates": [ 80.2199605, 13.0510787 ] } },
{ "type": "Feature", "properties": { "osmid": 7035475566, "y": 13.028647, "x": 80.2276383, "street_count": 1, "highway": null, "elevation_m": 15.587499618530273, "population": 23049.033203125 }, "geometry": { "type": "Point", "coordinates": [ 80.2276383, 13.028647 ] } },
{ "type": "Feature", "properties": { "osmid": 7035475567, "y": 13.0287077, "x": 80.2272178, "street_count": 3, "highway": null, "elevation_m": 12.283605575561523, "population": 23049.033203125 }, "geometry": { "type": "Point", "coordinates": [ 80.2272178, 13.0287077 ] } },
{ "type": "Feature", "properties": { "osmid": 7035475569, "y": 13.0284283, "x": 80.2270749, "street_count": 4, "highway": null, "elevation_m": 13.061376571655273, "population": 23049.033203125 }, "geometry": { "type": "Point", "coordinates": [ 80.2270749, 13.0284283 ] } },
{ "type": "Feature", "properties": { "osmid": 7035475572, "y": 13.0296405, "x": 80.2272982, "street_count": 4, "highway": null, "elevation_m": 11.500845909118652, "population": 23049.033203125 }, "geometry": { "type": "Point", "coordinates": [ 80.2272982, 13.0296405 ] } },
{ "type": "Feature", "properties": { "osmid": 7035475575, "y": 13.0299323, "x": 80.2273414, "street_count": 4, "highway": null, "elevation_m": 10.565708160400391, "population": 23049.033203125 }, "geometry": { "type": "Point", "coordinates": [ 80.2273414, 13.0299323 ] } },
{ "type": "Feature", "properties": { "osmid": 7035475576, "y": 13.0292099, "x": 80.2272367, "street_count": 3, "highway": null, "elevation_m": 9.5828742980957031, "population": 23049.033203125 }, "geometry": { "type": "Point", "coordinates": [ 80.2272367, 13.0292099 ] } },
{ "type": "Feature", "properties": { "osmid": 7035475577, "y": 13.0287714, "x": 80.2271375, "street_count": 3, "highway": null, "elevation_m": 11.353965759277344, "population": 23049.033203125 }, "geometry": { "type": "Point", "coordinates": [ 80.2271375, 13.0287714 ] } },
{ "type": "Feature", "properties": { "osmid": 7045332262, "y": 13.0528323, "x": 80.2456003, "street_count": 3, "highway": null, "elevation_m": 14.320181846618652, "population": 25040.6953125 }, "geometry": { "type": "Point", "coordinates": [ 80.2456003, 13.0528323 ] } },
{ "type": "Feature", "properties": { "osmid": 7048501499, "y": 13.0504833, "x": 80.2493233, "street_count": 1, "highway": null, "elevation_m": 14.090946197509766, "population": 25360.1484375 }, "geometry": { "type": "Point", "coordinates": [ 80.2493233, 13.0504833 ] } },
{ "type": "Feature", "properties": { "osmid": 7104143570, "y": 13.0408721, "x": 80.230665, "street_count": 3, "highway": null, "elevation_m": 12.215871810913086, "population": 19051.626953125 }, "geometry": { "type": "Point", "coordinates": [ 80.230665, 13.0408721 ] } },
{ "type": "Feature", "properties": { "osmid": 7255092248, "y": 13.0539007, "x": 80.2462641, "street_count": 1, "highway": null, "elevation_m": 14.554499626159668, "population": 25040.6953125 }, "geometry": { "type": "Point", "coordinates": [ 80.2462641, 13.0539007 ] } },
{ "type": "Feature", "properties": { "osmid": 7871838812, "y": 13.0461655, "x": 80.2395968, "street_count": 3, "highway": null, "elevation_m": 10.03216552734375, "population": 26002.5859375 }, "geometry": { "type": "Point", "coordinates": [ 80.2395968, 13.0461655 ] } },
{ "type": "Feature", "properties": { "osmid": 8823396220, "y": 13.0561629, "x": 80.2378561, "street_count": 3, "highway": null, "elevation_m": 12.365266799926758, "population": 22810.8515625 }, "geometry": { "type": "Point", "coordinates": [ 80.2378561, 13.0561629 ] } },
{ "type": "Feature", "properties": { "osmid": 8823396222, "y": 13.0547495, "x": 80.2374954, "street_count": 3, "highway": null, "elevation_m": 12.998873710632324, "population": 22810.8515625 }, "geometry": { "type": "Point", "coordinates": [ 80.2374954, 13.0547495 ] } },
{ "type": "Feature", "properties": { "osmid": 9181560187, "y": 13.046228, "x": 80.2451589, "street_count": 3, "highway": null, "elevation_m": 13.118227005004883, "population": 27057.625 }, "geometry": { "type": "Point", "coordinates": [ 80.2451589, 13.046228 ] } },
{ "type": "Feature", "properties": { "osmid": 9181560188, "y": 13.0462855, "x": 80.2449435, "street_count": 1, "highway": null, "elevation_m": 12.10653018951416, "population": 27057.625 }, "geometry": { "type": "Point", "coordinates": [ 80.2449435, 13.0462855 ] } },
{ "type": "Feature", "properties": { "osmid": 9181560195, "y": 13.0383389, "x": 80.2481637, "street_count": 3, "highway": null, "elevation_m": 16.399070739746094, "population": 20546.419921875 }, "geometry": { "type": "Point", "coordinates": [ 80.2481637, 13.0383389 ] } },
{ "type": "Feature", "properties": { "osmid": 9181560196, "y": 13.0377656, "x": 80.2448784, "street_count": 1, "highway": null, "elevation_m": 8.1216793060302734, "population": 20546.419921875 }, "geometry": { "type": "Point", "coordinates": [ 80.2448784, 13.0377656 ] } },
{ "type": "Feature", "properties": { "osmid": 9181560210, "y": 13.0349266, "x": 80.2464181, "street_count": 1, "highway": null, "elevation_m": 9.7699394226074219, "population": 20546.419921875 }, "geometry": { "type": "Point", "coordinates": [ 80.2464181, 13.0349266 ] } },
{ "type": "Feature", "properties": { "osmid": 9181580920, "y": 13.0309702, "x": 80.2467188, "street_count": 1, "highway": null, "elevation_m": 16.657474517822266, "population": 17030.998046875 }, "geometry": { "type": "Point", "coordinates": [ 80.2467188, 13.0309702 ] } },
{ "type": "Feature", "properties": { "osmid": 9189073695, "y": 13.0281357, "x": 80.243229, "street_count": 4, "highway": null, "elevation_m": 15.180134773254395, "population": 17030.998046875 }, "geometry": { "type": "Point", "coordinates": [ 80.243229, 13.0281357 ] } },
{ "type": "Feature", "properties": { "osmid": 9189073700, "y": 13.0337456, "x": 80.2418703, "street_count": 3, "highway": null, "elevation_m": 13.668983459472656, "population": 20546.419921875 }, "geometry": { "type": "Point", "coordinates": [ 80.2418703, 13.0337456 ] } },
{ "type": "Feature", "properties": { "osmid": 9189073701, "y": 13.0333168, "x": 80.2421853, "street_count": 1, "highway": null, "elevation_m": 10.716001510620117, "population": 20546.419921875 }, "geometry": { "type": "Point", "coordinates": [ 80.2421853, 13.0333168 ] } },
{ "type": "Feature", "properties": { "osmid": 9189073702, "y": 13.0338869, "x": 80.2432371, "street_count": 3, "highway": null, "elevation_m": 9.1613388061523438, "population": 20546.419921875 }, "geometry": { "type": "Point", "coordinates": [ 80.2432371, 13.0338869 ] } },
{ "type": "Feature", "properties": { "osmid": 9189073703, "y": 13.0340137, "x": 80.2427779, "street_count": 1, "highway": null, "elevation_m": 9.4570112228393555, "population": 20546.419921875 }, "geometry": { "type": "Point", "coordinates": [ 80.2427779, 13.0340137 ] } },
{ "type": "Feature", "properties": { "osmid": 9189073711, "y": 13.0304527, "x": 80.2384307, "street_count": 3, "highway": null, "elevation_m": 15.40497875213623, "population": 15232.8125 }, "geometry": { "type": "Point", "coordinates": [ 80.2384307, 13.0304527 ] } },
{ "type": "Feature", "properties": { "osmid": 9189073712, "y": 13.0309209, "x": 80.2381329, "street_count": 1, "highway": null, "elevation_m": 14.461365699768066, "population": 15232.8125 }, "geometry": { "type": "Point", "coordinates": [ 80.2381329, 13.0309209 ] } },
{ "type": "Feature", "properties": { "osmid": 9189073713, "y": 13.032675, "x": 80.2379705, "street_count": 1, "highway": null, "elevation_m": 14.107808113098145, "population": 15232.8125 }, "geometry": { "type": "Point", "coordinates": [ 80.2379705, 13.032675 ] } },
{ "type": "Feature", "properties": { "osmid": 9189073716, "y": 13.0325299, "x": 80.2370381, "street_count": 3, "highway": null, "elevation_m": 9.9263668060302734, "population": 15232.8125 }, "geometry": { "type": "Point", "coordinates": [ 80.2370381, 13.0325299 ] } },
{ "type": "Feature", "properties": { "osmid": 9189087179, "y": 13.0523006, "x": 80.2373227, "street_count": 1, "highway": null, "elevation_m": 13.178925514221191, "population": 22810.8515625 }, "geometry": { "type": "Point", "coordinates": [ 80.2373227, 13.0523006 ] } },
{ "type": "Feature", "properties": { "osmid": 9189087182, "y": 13.0516473, "x": 80.2385358, "street_count": 3, "highway": null, "elevation_m": 14.948280334472656, "population": 22810.8515625 }, "geometry": { "type": "Point", "coordinates": [ 80.2385358, 13.0516473 ] } },
{ "type": "Feature", "properties": { "osmid": 9189087206, "y": 13.0461568, "x": 80.231686, "street_count": 1, "highway": null, "elevation_m": 14.036571502685547, "population": 24514.197265625 }, "geometry": { "type": "Point", "coordinates": [ 80.231686, 13.0461568 ] } },
{ "type": "Feature", "properties": { "osmid": 9189087211, "y": 13.0502094, "x": 80.235195, "street_count": 1, "highway": null, "elevation_m": 16.986076354980469, "population": 22810.8515625 }, "geometry": { "type": "Point", "coordinates": [ 80.235195, 13.0502094 ] } },
{ "type": "Feature", "properties": { "osmid": 9189087213, "y": 13.0497354, "x": 80.2350907, "street_count": 3, "highway": null, "elevation_m": 10.850849151611328, "population": 22810.8515625 }, "geometry": { "type": "Point", "coordinates": [ 80.2350907, 13.0497354 ] } },
{ "type": "Feature", "properties": { "osmid": 9189087215, "y": 13.0491609, "x": 80.2276434, "street_count": 3, "highway": null, "elevation_m": 8.9115409851074219, "population": 24514.197265625 }, "geometry": { "type": "Point", "coordinates": [ 80.2276434, 13.0491609 ] } },
{ "type": "Feature", "properties": { "osmid": 9189094208, "y": 13.0348822, "x": 80.2176656, "street_count": 3, "highway": null, "elevation_m": 15.690166473388672, "population": 26918.638671875 }, "geometry": { "type": "Point", "coordinates": [ 80.2176656, 13.0348822 ] } },
{ "type": "Feature", "properties": { "osmid": 9189120618, "y": 13.0285061, "x": 80.2322175, "street_count": 3, "highway": null, "elevation_m": 14.219271659851074, "population": 15232.8125 }, "geometry": { "type": "Point", "coordinates": [ 80.2322175, 13.0285061 ] } },
{ "type": "Feature", "properties": { "osmid": 9189120619, "y": 13.0285242, "x": 80.2327993, "street_count": 3, "highway": null, "elevation_m": 12.877287864685059, "population": 15232.8125 }, "geometry": { "type": "Point", "coordinates": [ 80.2327993, 13.0285242 ] } },
{ "type": "Feature", "properties": { "osmid": 9189120620, "y": 13.0287673, "x": 80.2327897, "street_count": 3, "highway": null, "elevation_m": 14.010107040405273, "population": 15232.8125 }, "geometry": { "type": "Point", "coordinates": [ 80.2327897, 13.0287673 ] } },
{ "type": "Feature", "properties": { "osmid": 9189120624, "y": 13.0289378, "x": 80.2327813, "street_count": 3, "highway": null, "elevation_m": 14.010107040405273, "population": 15232.8125 }, "geometry": { "type": "Point", "coordinates": [ 80.2327813, 13.0289378 ] } },
{ "type": "Feature", "properties": { "osmid": 9189120628, "y": 13.0297447, "x": 80.2327187, "street_count": 3, "highway": null, "elevation_m": 12.888418197631836, "population": 15232.8125 }, "geometry": { "type": "Point", "coordinates": [ 80.2327187, 13.0297447 ] } },
{ "type": "Feature", "properties": { "osmid": 9189120636, "y": 13.0330788, "x": 80.2269293, "street_count": 1, "highway": null, "elevation_m": 11.327726364135742, "population": 19051.626953125 }, "geometry": { "type": "Point", "coordinates": [ 80.2269293, 13.0330788 ] } },
{ "type": "Feature", "properties": { "osmid": 9189120639, "y": 13.0365316, "x": 80.2372937, "street_count": 1, "highway": null, "elevation_m": 12.89423942565918, "population": 24653.408203125 }, "geometry": { "type": "Point", "coordinates": [ 80.2372937, 13.0365316 ] } },
{ "type": "Feature", "properties": { "osmid": 9189120647, "y": 13.0401083, "x": 80.2279852, "street_count": 1, "highway": null, "elevation_m": 12.32805061340332, "population": 19051.626953125 }, "geometry": { "type": "Point", "coordinates": [ 80.2279852, 13.0401083 ] } },
{ "type": "Feature", "properties": { "osmid": 9189120651, "y": 13.0378451, "x": 80.2242734, "street_count": 3, "highway": null, "elevation_m": 13.713706970214844, "population": 19051.626953125 }, "geometry": { "type": "Point", "coordinates": [ 80.2242734, 13.0378451 ] } },
{ "type": "Feature", "properties": { "osmid": 9189120652, "y": 13.0380903, "x": 80.2239193, "street_count": 1, "highway": null, "elevation_m": 15.034974098205566, "population": 19051.626953125 }, "geometry": { "type": "Point", "coordinates": [ 80.2239193, 13.0380903 ] } },
{ "type": "Feature", "properties": { "osmid": 9189133120, "y": 13.0345988, "x": 80.221169, "street_count": 1, "highway": null, "elevation_m": 13.556159019470215, "population": 26918.638671875 }, "geometry": { "type": "Point", "coordinates": [ 80.221169, 13.0345988 ] } },
{ "type": "Feature", "properties": { "osmid": 9189193626, "y": 13.0555405, "x": 80.2491839, "street_count": 3, "highway": null, "elevation_m": 7.5339183807373047, "population": 25360.1484375 }, "geometry": { "type": "Point", "coordinates": [ 80.2491839, 13.0555405 ] } },
{ "type": "Feature", "properties": { "osmid": 9189193692, "y": 13.0563106, "x": 80.2425711, "street_count": 3, "highway": null, "elevation_m": 11.298534393310547, "population": 25040.6953125 }, "geometry": { "type": "Point", "coordinates": [ 80.2425711, 13.0563106 ] } },
{ "type": "Feature", "properties": { "osmid": 9189434386, "y": 13.0574731, "x": 80.2299179, "street_count": 1, "highway": null, "elevation_m": 15.51926326751709, "population": 20723.693359375 }, "geometry": { "type": "Point", "coordinates": [ 80.2299179, 13.0574731 ] } },
{ "type": "Feature", "properties": { "osmid": 9189434387, "y": 13.0575672, "x": 80.2296074, "street_count": 3, "highway": null, "elevation_m": 14.334691047668457, "population": 20723.693359375 }, "geometry": { "type": "Point", "coordinates": [ 80.2296074, 13.0575672 ] } },
{ "type": "Feature", "properties": { "osmid": 9189450624, "y": 13.0556082, "x": 80.237579, "street_count": 3, "highway": null, "elevation_m": 11.343213081359863, "population": 22810.8515625 }, "geometry": { "type": "Point", "coordinates": [ 80.237579, 13.0556082 ] } },
{ "type": "Feature", "properties": { "osmid": 9189450625, "y": 13.0555821, "x": 80.2378221, "street_count": 3, "highway": null, "elevation_m": 10.162755012512207, "population": 22810.8515625 }, "geometry": { "type": "Point", "coordinates": [ 80.2378221, 13.0555821 ] } },
{ "type": "Feature", "properties": { "osmid": 9189470821, "y": 13.057657, "x": 80.2219807, "street_count": 3, "highway": null, "elevation_m": 14.823386192321777, "population": 16902.220703125 }, "geometry": { "type": "Point", "coordinates": [ 80.2219807, 13.057657 ] } },
{ "type": "Feature", "properties": { "osmid": 9189470823, "y": 13.057729, "x": 80.218219, "street_count": 3, "highway": null, "elevation_m": 16.245145797729492, "population": 16902.220703125 }, "geometry": { "type": "Point", "coordinates": [ 80.218219, 13.057729 ] } },
{ "type": "Feature", "properties": { "osmid": 9189483105, "y": 13.0564927, "x": 80.2184487, "street_count": 3, "highway": null, "elevation_m": 17.555477142333984, "population": 16902.220703125 }, "geometry": { "type": "Point", "coordinates": [ 80.2184487, 13.0564927 ] } },
{ "type": "Feature", "properties": { "osmid": 9189483111, "y": 13.0562608, "x": 80.2205793, "street_count": 3, "highway": null, "elevation_m": 14.213088035583496, "population": 16902.220703125 }, "geometry": { "type": "Point", "coordinates": [ 80.2205793, 13.0562608 ] } },
{ "type": "Feature", "properties": { "osmid": 9189483112, "y": 13.0561563, "x": 80.2208949, "street_count": 4, "highway": null, "elevation_m": 13.661070823669434, "population": 16902.220703125 }, "geometry": { "type": "Point", "coordinates": [ 80.2208949, 13.0561563 ] } },
{ "type": "Feature", "properties": { "osmid": 9189483113, "y": 13.0560166, "x": 80.2212246, "street_count": 3, "highway": null, "elevation_m": 13.694375038146973, "population": 16902.220703125 }, "geometry": { "type": "Point", "coordinates": [ 80.2212246, 13.0560166 ] } },
{ "type": "Feature", "properties": { "osmid": 9495746502, "y": 13.0559113, "x": 80.2421075, "street_count": 1, "highway": null, "elevation_m": 18.854597091674805, "population": 25040.6953125 }, "geometry": { "type": "Point", "coordinates": [ 80.2421075, 13.0559113 ] } },
{ "type": "Feature", "properties": { "osmid": 9507520707, "y": 13.0454038, "x": 80.2480828, "street_count": 3, "highway": null, "elevation_m": 11.217941284179688, "population": 27057.625 }, "geometry": { "type": "Point", "coordinates": [ 80.2480828, 13.0454038 ] } },
{ "type": "Feature", "properties": { "osmid": 9510051590, "y": 13.0316216, "x": 80.245845, "street_count": 3, "highway": null, "elevation_m": 11.48923397064209, "population": 17030.998046875 }, "geometry": { "type": "Point", "coordinates": [ 80.245845, 13.0316216 ] } },
{ "type": "Feature", "properties": { "osmid": 9531343917, "y": 13.0390833, "x": 80.2469712, "street_count": 3, "highway": "traffic_signals", "elevation_m": 11.621829986572266, "population": 20546.419921875 }, "geometry": { "type": "Point", "coordinates": [ 80.2469712, 13.0390833 ] } },
{ "type": "Feature", "properties": { "osmid": 9544181109, "y": 13.0412617, "x": 80.2406287, "street_count": 3, "highway": null, "elevation_m": 15.043527603149414, "population": 27057.625 }, "geometry": { "type": "Point", "coordinates": [ 80.2406287, 13.0412617 ] } },
{ "type": "Feature", "properties": { "osmid": 9544181111, "y": 13.0410152, "x": 80.2388624, "street_count": 3, "highway": null, "elevation_m": 10.852642059326172, "population": 24653.408203125 }, "geometry": { "type": "Point", "coordinates": [ 80.2388624, 13.0410152 ] } },
{ "type": "Feature", "properties": { "osmid": 9544181112, "y": 13.0414411, "x": 80.2389137, "street_count": 1, "highway": null, "elevation_m": 13.108927726745605, "population": 26002.5859375 }, "geometry": { "type": "Point", "coordinates": [ 80.2389137, 13.0414411 ] } },
{ "type": "Feature", "properties": { "osmid": 9549195721, "y": 13.0481912, "x": 80.2499209, "street_count": 3, "highway": null, "elevation_m": 15.004034042358398, "population": 27219.494140625 }, "geometry": { "type": "Point", "coordinates": [ 80.2499209, 13.0481912 ] } },
{ "type": "Feature", "properties": { "osmid": 9549195724, "y": 13.0478969, "x": 80.2492722, "street_count": 3, "highway": null, "elevation_m": 9.1875553131103516, "population": 27219.494140625 }, "geometry": { "type": "Point", "coordinates": [ 80.2492722, 13.0478969 ] } },
{ "type": "Feature", "properties": { "osmid": 9553946694, "y": 13.0499172, "x": 80.2341978, "street_count": 3, "highway": null, "elevation_m": 14.838111877441406, "population": 22810.8515625 }, "geometry": { "type": "Point", "coordinates": [ 80.2341978, 13.0499172 ] } },
{ "type": "Feature", "properties": { "osmid": 9553946695, "y": 13.0504187, "x": 80.2342984, "street_count": 1, "highway": null, "elevation_m": 15.580963134765625, "population": 22810.8515625 }, "geometry": { "type": "Point", "coordinates": [ 80.2342984, 13.0504187 ] } },
{ "type": "Feature", "properties": { "osmid": 9553946696, "y": 13.0498304, "x": 80.2346249, "street_count": 3, "highway": null, "elevation_m": 14.448002815246582, "population": 22810.8515625 }, "geometry": { "type": "Point", "coordinates": [ 80.2346249, 13.0498304 ] } },
{ "type": "Feature", "properties": { "osmid": 9553946697, "y": 13.0503095, "x": 80.2347374, "street_count": 1, "highway": null, "elevation_m": 14.304573059082031, "population": 22810.8515625 }, "geometry": { "type": "Point", "coordinates": [ 80.2347374, 13.0503095 ] } },
{ "type": "Feature", "properties": { "osmid": 9792205062, "y": 13.0364086, "x": 80.2441065, "street_count": 1, "highway": null, "elevation_m": 10.085675239562988, "population": 20546.419921875 }, "geometry": { "type": "Point", "coordinates": [ 80.2441065, 13.0364086 ] } },
{ "type": "Feature", "properties": { "osmid": 9880054593, "y": 13.0542013, "x": 80.2299955, "street_count": 3, "highway": null, "elevation_m": 12.29798412322998, "population": 20723.693359375 }, "geometry": { "type": "Point", "coordinates": [ 80.2299955, 13.0542013 ] } },
{ "type": "Feature", "properties": { "osmid": 9901153291, "y": 13.0450997, "x": 80.218266, "street_count": 3, "highway": null, "elevation_m": 10.856441497802734, "population": 26320.1796875 }, "geometry": { "type": "Point", "coordinates": [ 80.218266, 13.0450997 ] } },
{ "type": "Feature", "properties": { "osmid": 9924469708, "y": 13.0343934, "x": 80.2441868, "street_count": 3, "highway": null, "elevation_m": 11.009037971496582, "population": 20546.419921875 }, "geometry": { "type": "Point", "coordinates": [ 80.2441868, 13.0343934 ] } },
{ "type": "Feature", "properties": { "osmid": 9933184143, "y": 13.0331969, "x": 80.2433794, "street_count": 3, "highway": null, "elevation_m": 9.5559396743774414, "population": 20546.419921875 }, "geometry": { "type": "Point", "coordinates": [ 80.2433794, 13.0331969 ] } },
{ "type": "Feature", "properties": { "osmid": 10107613570, "y": 13.0274468, "x": 80.2424448, "street_count": 3, "highway": null, "elevation_m": 10.16529369354248, "population": 17030.998046875 }, "geometry": { "type": "Point", "coordinates": [ 80.2424448, 13.0274468 ] } },
{ "type": "Feature", "properties": { "osmid": 10168775403, "y": 13.0358598, "x": 80.2437139, "street_count": 3, "highway": null, "elevation_m": 12.22056770324707, "population": 20546.419921875 }, "geometry": { "type": "Point", "coordinates": [ 80.2437139, 13.0358598 ] } },
{ "type": "Feature", "properties": { "osmid": 10168775404, "y": 13.0355311, "x": 80.2440309, "street_count": 1, "highway": null, "elevation_m": 12.164721488952637, "population": 20546.419921875 }, "geometry": { "type": "Point", "coordinates": [ 80.2440309, 13.0355311 ] } },
{ "type": "Feature", "properties": { "osmid": 10168775405, "y": 13.0356983, "x": 80.2435305, "street_count": 3, "highway": null, "elevation_m": 12.22056770324707, "population": 20546.419921875 }, "geometry": { "type": "Point", "coordinates": [ 80.2435305, 13.0356983 ] } },
{ "type": "Feature", "properties": { "osmid": 10168775406, "y": 13.0352894, "x": 80.2439257, "street_count": 1, "highway": null, "elevation_m": 15.308356285095215, "population": 20546.419921875 }, "geometry": { "type": "Point", "coordinates": [ 80.2439257, 13.0352894 ] } },
{ "type": "Feature", "properties": { "osmid": 10170940784, "y": 13.0388839, "x": 80.2313183, "street_count": 3, "highway": null, "elevation_m": 12.415715217590332, "population": 19051.626953125 }, "geometry": { "type": "Point", "coordinates": [ 80.2313183, 13.0388839 ] } },
{ "type": "Feature", "properties": { "osmid": 10170940785, "y": 13.0388491, "x": 80.2314516, "street_count": 3, "highway": null, "elevation_m": 12.415715217590332, "population": 19051.626953125 }, "geometry": { "type": "Point", "coordinates": [ 80.2314516, 13.0388491 ] } },
{ "type": "Feature", "properties": { "osmid": 10216123926, "y": 13.0459774, "x": 80.2301413, "street_count": 3, "highway": null, "elevation_m": 11.386519432067871, "population": 24514.197265625 }, "geometry": { "type": "Point", "coordinates": [ 80.2301413, 13.0459774 ] } },
{ "type": "Feature", "properties": { "osmid": 10216123927, "y": 13.0458609, "x": 80.2310111, "street_count": 1, "highway": null, "elevation_m": 10.867210388183594, "population": 24514.197265625 }, "geometry": { "type": "Point", "coordinates": [ 80.2310111, 13.0458609 ] } },
{ "type": "Feature", "properties": { "osmid": 10246605657, "y": 13.0367354, "x": 80.2308002, "street_count": 3, "highway": null, "elevation_m": 11.315018653869629, "population": 19051.626953125 }, "geometry": { "type": "Point", "coordinates": [ 80.2308002, 13.0367354 ] } },
{ "type": "Feature", "properties": { "osmid": 10279646745, "y": 13.0546621, "x": 80.2337353, "street_count": 3, "highway": null, "elevation_m": 15.874390602111816, "population": 22810.8515625 }, "geometry": { "type": "Point", "coordinates": [ 80.2337353, 13.0546621 ] } },
{ "type": "Feature", "properties": { "osmid": 10287434984, "y": 13.0542717, "x": 80.2486339, "street_count": 3, "highway": null, "elevation_m": 11.809976577758789, "population": 25040.6953125 }, "geometry": { "type": "Point", "coordinates": [ 80.2486339, 13.0542717 ] } },
{ "type": "Feature", "properties": { "osmid": 10287434989, "y": 13.0543736, "x": 80.2476797, "street_count": 1, "highway": null, "elevation_m": 14.824257850646973, "population": 25040.6953125 }, "geometry": { "type": "Point", "coordinates": [ 80.2476797, 13.0543736 ] } },
{ "type": "Feature", "properties": { "osmid": 10287434990, "y": 13.054471, "x": 80.2480456, "street_count": 3, "highway": null, "elevation_m": 16.686115264892578, "population": 25040.6953125 }, "geometry": { "type": "Point", "coordinates": [ 80.2480456, 13.054471 ] } },
{ "type": "Feature", "properties": { "osmid": 10287434991, "y": 13.0546445, "x": 80.2480064, "street_count": 1, "highway": null, "elevation_m": 13.762332916259766, "population": 25040.6953125 }, "geometry": { "type": "Point", "coordinates": [ 80.2480064, 13.0546445 ] } },
{ "type": "Feature", "properties": { "osmid": 10308554921, "y": 13.0307464, "x": 80.2389274, "street_count": 3, "highway": null, "elevation_m": 18.751708984375, "population": 15232.8125 }, "geometry": { "type": "Point", "coordinates": [ 80.2389274, 13.0307464 ] } },
{ "type": "Feature", "properties": { "osmid": 10308554924, "y": 13.0312031, "x": 80.239091, "street_count": 1, "highway": null, "elevation_m": 19.0111083984375, "population": 15232.8125 }, "geometry": { "type": "Point", "coordinates": [ 80.239091, 13.0312031 ] } },
{ "type": "Feature", "properties": { "osmid": 10536378854, "y": 13.0340082, "x": 80.2398337, "street_count": 3, "highway": null, "elevation_m": 9.8079862594604492, "population": 24653.408203125 }, "geometry": { "type": "Point", "coordinates": [ 80.2398337, 13.0340082 ] } },
{ "type": "Feature", "properties": { "osmid": 10536378856, "y": 13.034509, "x": 80.2406836, "street_count": 1, "highway": null, "elevation_m": 15.044574737548828, "population": 20546.419921875 }, "geometry": { "type": "Point", "coordinates": [ 80.2406836, 13.034509 ] } },
{ "type": "Feature", "properties": { "osmid": 10536378857, "y": 13.0342863, "x": 80.2398871, "street_count": 3, "highway": null, "elevation_m": 10.354049682617188, "population": 24653.408203125 }, "geometry": { "type": "Point", "coordinates": [ 80.2398871, 13.0342863 ] } },
{ "type": "Feature", "properties": { "osmid": 10536378859, "y": 13.0346026, "x": 80.2401743, "street_count": 3, "highway": null, "elevation_m": 13.575596809387207, "population": 24653.408203125 }, "geometry": { "type": "Point", "coordinates": [ 80.2401743, 13.0346026 ] } },
{ "type": "Feature", "properties": { "osmid": 10548419782, "y": 13.0458745, "x": 80.2296187, "street_count": 3, "highway": null, "elevation_m": 8.3355169296264648, "population": 24514.197265625 }, "geometry": { "type": "Point", "coordinates": [ 80.2296187, 13.0458745 ] } },
{ "type": "Feature", "properties": { "osmid": 10548419783, "y": 13.0459738, "x": 80.2290054, "street_count": 3, "highway": null, "elevation_m": 16.662652969360352, "population": 24514.197265625 }, "geometry": { "type": "Point", "coordinates": [ 80.2290054, 13.0459738 ] } },
{ "type": "Feature", "properties": { "osmid": 10548419786, "y": 13.0457769, "x": 80.2295996, "street_count": 3, "highway": null, "elevation_m": 8.3355169296264648, "population": 24514.197265625 }, "geometry": { "type": "Point", "coordinates": [ 80.2295996, 13.0457769 ] } },
{ "type": "Feature", "properties": { "osmid": 10564243552, "y": 13.0570799, "x": 80.228446, "street_count": 1, "highway": null, "elevation_m": 12.349582672119141, "population": 20723.693359375 }, "geometry": { "type": "Point", "coordinates": [ 80.228446, 13.0570799 ] } },
{ "type": "Feature", "properties": { "osmid": 10564932049, "y": 13.0354087, "x": 80.2370735, "street_count": 3, "highway": null, "elevation_m": 13.361514091491699, "population": 24653.408203125 }, "geometry": { "type": "Point", "coordinates": [ 80.2370735, 13.0354087 ] } },
{ "type": "Feature", "properties": { "osmid": 10596342783, "y": 13.0351698, "x": 80.2303714, "street_count": 3, "highway": null, "elevation_m": 12.819499969482422, "population": 19051.626953125 }, "geometry": { "type": "Point", "coordinates": [ 80.2303714, 13.0351698 ] } },
{ "type": "Feature", "properties": { "osmid": 10596342789, "y": 13.0348538, "x": 80.2302236, "street_count": 3, "highway": null, "elevation_m": 8.7517642974853516, "population": 19051.626953125 }, "geometry": { "type": "Point", "coordinates": [ 80.2302236, 13.0348538 ] } },
{ "type": "Feature", "properties": { "osmid": 10596342792, "y": 13.0348613, "x": 80.2303642, "street_count": 3, "highway": null, "elevation_m": 7.7197113037109375, "population": 19051.626953125 }, "geometry": { "type": "Point", "coordinates": [ 80.2303642, 13.0348613 ] } },
{ "type": "Feature", "properties": { "osmid": 10617311560, "y": 13.0407959, "x": 80.2325732, "street_count": 3, "highway": null, "elevation_m": 13.41578197479248, "population": 24653.408203125 }, "geometry": { "type": "Point", "coordinates": [ 80.2325732, 13.0407959 ] } },
{ "type": "Feature", "properties": { "osmid": 10696575481, "y": 13.0538289, "x": 80.2502624, "street_count": 3, "highway": null, "elevation_m": 12.249710083007812, "population": 25360.1484375 }, "geometry": { "type": "Point", "coordinates": [ 80.2502624, 13.0538289 ] } },
{ "type": "Feature", "properties": { "osmid": 10733006303, "y": 13.0331144, "x": 80.2502494, "street_count": 1, "highway": null, "elevation_m": 13.098526954650879, "population": 20759.59375 }, "geometry": { "type": "Point", "coordinates": [ 80.2502494, 13.0331144 ] } },
{ "type": "Feature", "properties": { "osmid": 10734648879, "y": 13.0284845, "x": 80.2240221, "street_count": 4, "highway": null, "elevation_m": 12.129002571105957, "population": 23049.033203125 }, "geometry": { "type": "Point", "coordinates": [ 80.2240221, 13.0284845 ] } },
{ "type": "Feature", "properties": { "osmid": 10738744587, "y": 13.0280182, "x": 80.226258, "street_count": 3, "highway": null, "elevation_m": 8.0405292510986328, "population": 23049.033203125 }, "geometry": { "type": "Point", "coordinates": [ 80.226258, 13.0280182 ] } },
{ "type": "Feature", "properties": { "osmid": 10747978423, "y": 13.0391761, "x": 80.2343486, "street_count": 3, "highway": null, "elevation_m": 9.8788681030273438, "population": 24653.408203125 }, "geometry": { "type": "Point", "coordinates": [ 80.2343486, 13.0391761 ] } },
{ "type": "Feature", "properties": { "osmid": 10758104160, "y": 13.0527559, "x": 80.241127, "street_count": 3, "highway": null, "elevation_m": 10.246800422668457, "population": 25040.6953125 }, "geometry": { "type": "Point", "coordinates": [ 80.241127, 13.0527559 ] } },
{ "type": "Feature", "properties": { "osmid": 10758106455, "y": 13.0405088, "x": 80.2382465, "street_count": 1, "highway": null, "elevation_m": 14.902514457702637, "population": 24653.408203125 }, "geometry": { "type": "Point", "coordinates": [ 80.2382465, 13.0405088 ] } },
{ "type": "Feature", "properties": { "osmid": 11032018068, "y": 13.0383211, "x": 80.243199, "street_count": 3, "highway": null, "elevation_m": 13.597221374511719, "population": 20546.419921875 }, "geometry": { "type": "Point", "coordinates": [ 80.243199, 13.0383211 ] } },
{ "type": "Feature", "properties": { "osmid": 11032112814, "y": 13.0353622, "x": 80.2393229, "street_count": 3, "highway": null, "elevation_m": 11.344917297363281, "population": 24653.408203125 }, "geometry": { "type": "Point", "coordinates": [ 80.2393229, 13.0353622 ] } },
{ "type": "Feature", "properties": { "osmid": 11033567323, "y": 13.0398885, "x": 80.2222475, "street_count": 3, "highway": null, "elevation_m": 16.018589019775391, "population": 26918.638671875 }, "geometry": { "type": "Point", "coordinates": [ 80.2222475, 13.0398885 ] } },
{ "type": "Feature", "properties": { "osmid": 11033567324, "y": 13.0397703, "x": 80.2228251, "street_count": 1, "highway": null, "elevation_m": 14.641467094421387, "population": 26918.638671875 }, "geometry": { "type": "Point", "coordinates": [ 80.2228251, 13.0397703 ] } },
{ "type": "Feature", "properties": { "osmid": 11033908652, "y": 13.0556032, "x": 80.2186066, "street_count": 1, "highway": null, "elevation_m": 14.736661911010742, "population": 16902.220703125 }, "geometry": { "type": "Point", "coordinates": [ 80.2186066, 13.0556032 ] } },
{ "type": "Feature", "properties": { "osmid": 11033956611, "y": 13.0557308, "x": 80.2197115, "street_count": 1, "highway": null, "elevation_m": 15.078259468078613, "population": 16902.220703125 }, "geometry": { "type": "Point", "coordinates": [ 80.2197115, 13.0557308 ] } },
{ "type": "Feature", "properties": { "osmid": 11037033948, "y": 13.0331526, "x": 80.219373, "street_count": 1, "highway": null, "elevation_m": 13.898636817932129, "population": 26918.638671875 }, "geometry": { "type": "Point", "coordinates": [ 80.219373, 13.0331526 ] } },
{ "type": "Feature", "properties": { "osmid": 11037033949, "y": 13.0331283, "x": 80.2198625, "street_count": 3, "highway": null, "elevation_m": 12.496918678283691, "population": 26918.638671875 }, "geometry": { "type": "Point", "coordinates": [ 80.2198625, 13.0331283 ] } },
{ "type": "Feature", "properties": { "osmid": 11037128496, "y": 13.0463371, "x": 80.2457986, "street_count": 3, "highway": null, "elevation_m": 10.366211891174316, "population": 27057.625 }, "geometry": { "type": "Point", "coordinates": [ 80.2457986, 13.0463371 ] } },
{ "type": "Feature", "properties": { "osmid": 11037128499, "y": 13.0462792, "x": 80.2460624, "street_count": 3, "highway": null, "elevation_m": 11.892107963562012, "population": 27057.625 }, "geometry": { "type": "Point", "coordinates": [ 80.2460624, 13.0462792 ] } },
{ "type": "Feature", "properties": { "osmid": 11038476546, "y": 13.0466484, "x": 80.2289816, "street_count": 3, "highway": null, "elevation_m": 13.50015926361084, "population": 24514.197265625 }, "geometry": { "type": "Point", "coordinates": [ 80.2289816, 13.0466484 ] } },
{ "type": "Feature", "properties": { "osmid": 11038480924, "y": 13.0501041, "x": 80.2244372, "street_count": 1, "highway": null, "elevation_m": 20.094316482543945, "population": 20723.693359375 }, "geometry": { "type": "Point", "coordinates": [ 80.2244372, 13.0501041 ] } },
{ "type": "Feature", "properties": { "osmid": 11038480927, "y": 13.0496683, "x": 80.2233408, "street_count": 3, "highway": null, "elevation_m": 15.395354270935059, "population": 16902.220703125 }, "geometry": { "type": "Point", "coordinates": [ 80.2233408, 13.0496683 ] } },
{ "type": "Feature", "properties": { "osmid": 11038494017, "y": 13.0487754, "x": 80.2262928, "street_count": 3, "highway": null, "elevation_m": 15.195307731628418, "population": 24514.197265625 }, "geometry": { "type": "Point", "coordinates": [ 80.2262928, 13.0487754 ] } },
{ "type": "Feature", "properties": { "osmid": 11038494018, "y": 13.0490822, "x": 80.2263532, "street_count": 1, "highway": null, "elevation_m": 13.903347969055176, "population": 24514.197265625 }, "geometry": { "type": "Point", "coordinates": [ 80.2263532, 13.0490822 ] } },
{ "type": "Feature", "properties": { "osmid": 11038567491, "y": 13.0377189, "x": 80.249935, "street_count": 1, "highway": null, "elevation_m": 11.552040100097656, "population": 20759.59375 }, "geometry": { "type": "Point", "coordinates": [ 80.249935, 13.0377189 ] } },
{ "type": "Feature", "properties": { "osmid": 11038570210, "y": 13.0353821, "x": 80.2449511, "street_count": 3, "highway": null, "elevation_m": 15.597431182861328, "population": 20546.419921875 }, "geometry": { "type": "Point", "coordinates": [ 80.2449511, 13.0353821 ] } },
{ "type": "Feature", "properties": { "osmid": 11038570321, "y": 13.0376558, "x": 80.2454687, "street_count": 1, "highway": null, "elevation_m": 12.070182800292969, "population": 20546.419921875 }, "geometry": { "type": "Point", "coordinates": [ 80.2454687, 13.0376558 ] } },
{ "type": "Feature", "properties": { "osmid": 11038637102, "y": 13.030853, "x": 80.247652, "street_count": 1, "highway": null, "elevation_m": 14.775346755981445, "population": 17030.998046875 }, "geometry": { "type": "Point", "coordinates": [ 80.247652, 13.030853 ] } },
{ "type": "Feature", "properties": { "osmid": 11039689908, "y": 13.0338806, "x": 80.2420336, "street_count": 3, "highway": null, "elevation_m": 10.535366058349609, "population": 20546.419921875 }, "geometry": { "type": "Point", "coordinates": [ 80.2420336, 13.0338806 ] } },
{ "type": "Feature", "properties": { "osmid": 11039689913, "y": 13.0348973, "x": 80.2422687, "street_count": 3, "highway": null, "elevation_m": 10.455375671386719, "population": 20546.419921875 }, "geometry": { "type": "Point", "coordinates": [ 80.2422687, 13.0348973 ] } },
{ "type": "Feature", "properties": { "osmid": 11039689914, "y": 13.0337801, "x": 80.2418856, "street_count": 3, "highway": null, "elevation_m": 10.535366058349609, "population": 20546.419921875 }, "geometry": { "type": "Point", "coordinates": [ 80.2418856, 13.0337801 ] } },
{ "type": "Feature", "properties": { "osmid": 11039689916, "y": 13.034326, "x": 80.242208, "street_count": 1, "highway": null, "elevation_m": 13.571285247802734, "population": 20546.419921875 }, "geometry": { "type": "Point", "coordinates": [ 80.242208, 13.034326 ] } },
{ "type": "Feature", "properties": { "osmid": 11041628596, "y": 13.0409273, "x": 80.2400965, "street_count": 3, "highway": null, "elevation_m": 13.382163047790527, "population": 24653.408203125 }, "geometry": { "type": "Point", "coordinates": [ 80.2400965, 13.0409273 ] } },
{ "type": "Feature", "properties": { "osmid": 11041691037, "y": 13.0294443, "x": 80.2468583, "street_count": 3, "highway": null, "elevation_m": 9.158818244934082, "population": 17030.998046875 }, "geometry": { "type": "Point", "coordinates": [ 80.2468583, 13.0294443 ] } },
{ "type": "Feature", "properties": { "osmid": 11041691038, "y": 13.0299168, "x": 80.2469722, "street_count": 3, "highway": null, "elevation_m": 12.076411247253418, "population": 17030.998046875 }, "geometry": { "type": "Point", "coordinates": [ 80.2469722, 13.0299168 ] } },
{ "type": "Feature", "properties": { "osmid": 11041843905, "y": 13.0322125, "x": 80.2449631, "street_count": 3, "highway": null, "elevation_m": 12.997105598449707, "population": 17030.998046875 }, "geometry": { "type": "Point", "coordinates": [ 80.2449631, 13.0322125 ] } },
{ "type": "Feature", "properties": { "osmid": 11041843915, "y": 13.0322408, "x": 80.2441268, "street_count": 1, "highway": null, "elevation_m": 10.524314880371094, "population": 17030.998046875 }, "geometry": { "type": "Point", "coordinates": [ 80.2441268, 13.0322408 ] } },
{ "type": "Feature", "properties": { "osmid": 11043484169, "y": 13.0558063, "x": 80.2451854, "street_count": 3, "highway": null, "elevation_m": 10.719585418701172, "population": 25040.6953125 }, "geometry": { "type": "Point", "coordinates": [ 80.2451854, 13.0558063 ] } },
{ "type": "Feature", "properties": { "osmid": 11043484170, "y": 13.0554497, "x": 80.2451946, "street_count": 1, "highway": null, "elevation_m": 12.19640064239502, "population": 25040.6953125 }, "geometry": { "type": "Point", "coordinates": [ 80.2451946, 13.0554497 ] } },
{ "type": "Feature", "properties": { "osmid": 11043506578, "y": 13.0561368, "x": 80.2462375, "street_count": 1, "highway": null, "elevation_m": 16.667762756347656, "population": 25040.6953125 }, "geometry": { "type": "Point", "coordinates": [ 80.2462375, 13.0561368 ] } },
{ "type": "Feature", "properties": { "osmid": 11044402724, "y": 13.0569609, "x": 80.2457562, "street_count": 4, "highway": null, "elevation_m": 18.022872924804688, "population": 25040.6953125 }, "geometry": { "type": "Point", "coordinates": [ 80.2457562, 13.0569609 ] } },
{ "type": "Feature", "properties": { "osmid": 11046191821, "y": 13.0417481, "x": 80.2268962, "street_count": 3, "highway": null, "elevation_m": 9.9617414474487305, "population": 24514.197265625 }, "geometry": { "type": "Point", "coordinates": [ 80.2268962, 13.0417481 ] } },
{ "type": "Feature", "properties": { "osmid": 11046191822, "y": 13.0421862, "x": 80.2270123, "street_count": 1, "highway": null, "elevation_m": 15.768204689025879, "population": 24514.197265625 }, "geometry": { "type": "Point", "coordinates": [ 80.2270123, 13.0421862 ] } },
{ "type": "Feature", "properties": { "osmid": 11052236534, "y": 13.0441107, "x": 80.2443916, "street_count": 1, "highway": null, "elevation_m": 15.39356803894043, "population": 27057.625 }, "geometry": { "type": "Point", "coordinates": [ 80.2443916, 13.0441107 ] } },
{ "type": "Feature", "properties": { "osmid": 11056152025, "y": 13.0516888, "x": 80.2383377, "street_count": 3, "highway": null, "elevation_m": 13.963520050048828, "population": 22810.8515625 }, "geometry": { "type": "Point", "coordinates": [ 80.2383377, 13.0516888 ] } },
{ "type": "Feature", "properties": { "osmid": 11061071863, "y": 13.0327916, "x": 80.222256, "street_count": 3, "highway": null, "elevation_m": 13.437634468078613, "population": 24509.30859375 }, "geometry": { "type": "Point", "coordinates": [ 80.222256, 13.0327916 ] } },
{ "type": "Feature", "properties": { "osmid": 11064218070, "y": 13.0483635, "x": 80.2352855, "street_count": 3, "highway": null, "elevation_m": 12.53994083404541, "population": 26002.5859375 }, "geometry": { "type": "Point", "coordinates": [ 80.2352855, 13.0483635 ] } },
{ "type": "Feature", "properties": { "osmid": 11064218071, "y": 13.0482787, "x": 80.235621, "street_count": 1, "highway": null, "elevation_m": 11.802566528320312, "population": 26002.5859375 }, "geometry": { "type": "Point", "coordinates": [ 80.235621, 13.0482787 ] } },
{ "type": "Feature", "properties": { "osmid": 11064305557, "y": 13.0487183, "x": 80.2427296, "street_count": 1, "highway": null, "elevation_m": 18.497154235839844, "population": 27057.625 }, "geometry": { "type": "Point", "coordinates": [ 80.2427296, 13.0487183 ] } },
{ "type": "Feature", "properties": { "osmid": 11064305558, "y": 13.0494218, "x": 80.2428885, "street_count": 3, "highway": null, "elevation_m": 10.243670463562012, "population": 27057.625 }, "geometry": { "type": "Point", "coordinates": [ 80.2428885, 13.0494218 ] } },
{ "type": "Feature", "properties": { "osmid": 11064404573, "y": 13.029255, "x": 80.2482946, "street_count": 3, "highway": null, "elevation_m": 12.234577178955078, "population": 17030.998046875 }, "geometry": { "type": "Point", "coordinates": [ 80.2482946, 13.029255 ] } },
{ "type": "Feature", "properties": { "osmid": 11064404574, "y": 13.0297248, "x": 80.2483732, "street_count": 1, "highway": null, "elevation_m": 14.736875534057617, "population": 17030.998046875 }, "geometry": { "type": "Point", "coordinates": [ 80.2483732, 13.0297248 ] } },
{ "type": "Feature", "properties": { "osmid": 11064680184, "y": 13.0378049, "x": 80.2447746, "street_count": 3, "highway": null, "elevation_m": 13.173347473144531, "population": 20546.419921875 }, "geometry": { "type": "Point", "coordinates": [ 80.2447746, 13.0378049 ] } },
{ "type": "Feature", "properties": { "osmid": 11083467993, "y": 13.0348717, "x": 80.2467104, "street_count": 3, "highway": null, "elevation_m": 13.568299293518066, "population": 20546.419921875 }, "geometry": { "type": "Point", "coordinates": [ 80.2467104, 13.0348717 ] } },
{ "type": "Feature", "properties": { "osmid": 11190524912, "y": 13.0332419, "x": 80.2384519, "street_count": 3, "highway": null, "elevation_m": 12.265811920166016, "population": 24653.408203125 }, "geometry": { "type": "Point", "coordinates": [ 80.2384519, 13.0332419 ] } },
{ "type": "Feature", "properties": { "osmid": 11234758881, "y": 13.0532807, "x": 80.2481857, "street_count": 3, "highway": null, "elevation_m": 17.984811782836914, "population": 25040.6953125 }, "geometry": { "type": "Point", "coordinates": [ 80.2481857, 13.0532807 ] } },
{ "type": "Feature", "properties": { "osmid": 11234758887, "y": 13.0531654, "x": 80.2476716, "street_count": 3, "highway": null, "elevation_m": 9.3675336837768555, "population": 25040.6953125 }, "geometry": { "type": "Point", "coordinates": [ 80.2476716, 13.0531654 ] } },
{ "type": "Feature", "properties": { "osmid": 11306617380, "y": 13.0287581, "x": 80.2324257, "street_count": 1, "highway": null, "elevation_m": 13.01171875, "population": 15232.8125 }, "geometry": { "type": "Point", "coordinates": [ 80.2324257, 13.0287581 ] } },
{ "type": "Feature", "properties": { "osmid": 11306617381, "y": 13.0289306, "x": 80.2325891, "street_count": 1, "highway": null, "elevation_m": 13.01171875, "population": 15232.8125 }, "geometry": { "type": "Point", "coordinates": [ 80.2325891, 13.0289306 ] } },
{ "type": "Feature", "properties": { "osmid": 11328775922, "y": 13.0472765, "x": 80.2459208, "street_count": 3, "highway": null, "elevation_m": 13.846574783325195, "population": 27057.625 }, "geometry": { "type": "Point", "coordinates": [ 80.2459208, 13.0472765 ] } },
{ "type": "Feature", "properties": { "osmid": 11328775923, "y": 13.0474884, "x": 80.2459419, "street_count": 1, "highway": null, "elevation_m": 13.315716743469238, "population": 27057.625 }, "geometry": { "type": "Point", "coordinates": [ 80.2459419, 13.0474884 ] } },
{ "type": "Feature", "properties": { "osmid": 11365607240, "y": 13.0257708, "x": 80.2180828, "street_count": 1, "highway": null, "elevation_m": 14.619099617004395, "population": 24509.30859375 }, "geometry": { "type": "Point", "coordinates": [ 80.2180828, 13.0257708 ] } },
{ "type": "Feature", "properties": { "osmid": 11365607249, "y": 13.0267998, "x": 80.2176405, "street_count": 3, "highway": null, "elevation_m": 15.326836585998535, "population": 24509.30859375 }, "geometry": { "type": "Point", "coordinates": [ 80.2176405, 13.0267998 ] } },
{ "type": "Feature", "properties": { "osmid": 11365645353, "y": 13.0282376, "x": 80.2213774, "street_count": 1, "highway": null, "elevation_m": 15.518896102905273, "population": 24509.30859375 }, "geometry": { "type": "Point", "coordinates": [ 80.2213774, 13.0282376 ] } },
{ "type": "Feature", "properties": { "osmid": 11409489301, "y": 13.0280019, "x": 80.2465749, "street_count": 3, "highway": null, "elevation_m": 13.678031921386719, "population": 17030.998046875 }, "geometry": { "type": "Point", "coordinates": [ 80.2465749, 13.0280019 ] } },
{ "type": "Feature", "properties": { "osmid": 11419714160, "y": 13.05172, "x": 80.237152, "street_count": 1, "highway": null, "elevation_m": 12.170742988586426, "population": 22810.8515625 }, "geometry": { "type": "Point", "coordinates": [ 80.237152, 13.05172 ] } },
{ "type": "Feature", "properties": { "osmid": 11419714162, "y": 13.0516566, "x": 80.2375967, "street_count": 3, "highway": null, "elevation_m": 11.936994552612305, "population": 22810.8515625 }, "geometry": { "type": "Point", "coordinates": [ 80.2375967, 13.0516566 ] } },
{ "type": "Feature", "properties": { "osmid": 11427984726, "y": 13.0383835, "x": 80.2478695, "street_count": 1, "highway": null, "elevation_m": 15.227451324462891, "population": 20546.419921875 }, "geometry": { "type": "Point", "coordinates": [ 80.2478695, 13.0383835 ] } },
{ "type": "Feature", "properties": { "osmid": 11491395648, "y": 13.0294231, "x": 80.2300938, "street_count": 3, "highway": null, "elevation_m": 10.97972583770752, "population": 23049.033203125 }, "geometry": { "type": "Point", "coordinates": [ 80.2300938, 13.0294231 ] } },
{ "type": "Feature", "properties": { "osmid": 11491395653, "y": 13.0294599, "x": 80.230118, "street_count": 3, "highway": null, "elevation_m": 10.97972583770752, "population": 23049.033203125 }, "geometry": { "type": "Point", "coordinates": [ 80.230118, 13.0294599 ] } },
{ "type": "Feature", "properties": { "osmid": 11491395656, "y": 13.0294815, "x": 80.2300885, "street_count": 3, "highway": null, "elevation_m": 10.97972583770752, "population": 23049.033203125 }, "geometry": { "type": "Point", "coordinates": [ 80.2300885, 13.0294815 ] } },
{ "type": "Feature", "properties": { "osmid": 11491395660, "y": 13.0294457, "x": 80.2300594, "street_count": 3, "highway": null, "elevation_m": 10.97972583770752, "population": 23049.033203125 }, "geometry": { "type": "Point", "coordinates": [ 80.2300594, 13.0294457 ] } },
{ "type": "Feature", "properties": { "osmid": 11549371804, "y": 13.0344269, "x": 80.237561, "street_count": 4, "highway": null, "elevation_m": 12.262968063354492, "population": 24653.408203125 }, "geometry": { "type": "Point", "coordinates": [ 80.237561, 13.0344269 ] } },
{ "type": "Feature", "properties": { "osmid": 11549371805, "y": 13.0344933, "x": 80.2376637, "street_count": 4, "highway": null, "elevation_m": 2.0985147953033447, "population": 24653.408203125 }, "geometry": { "type": "Point", "coordinates": [ 80.2376637, 13.0344933 ] } },
{ "type": "Feature", "properties": { "osmid": 11586464498, "y": 13.0497452, "x": 80.2444693, "street_count": 1, "highway": null, "elevation_m": 13.626038551330566, "population": 25040.6953125 }, "geometry": { "type": "Point", "coordinates": [ 80.2444693, 13.0497452 ] } },
{ "type": "Feature", "properties": { "osmid": 11593728931, "y": 13.0338834, "x": 80.2489513, "street_count": 3, "highway": null, "elevation_m": 13.912214279174805, "population": 20759.59375 }, "geometry": { "type": "Point", "coordinates": [ 80.2489513, 13.0338834 ] } },
{ "type": "Feature", "properties": { "osmid": 11593728932, "y": 13.0336231, "x": 80.2489029, "street_count": 1, "highway": null, "elevation_m": 10.854846000671387, "population": 20759.59375 }, "geometry": { "type": "Point", "coordinates": [ 80.2489029, 13.0336231 ] } },
{ "type": "Feature", "properties": { "osmid": 11594087064, "y": 13.043037, "x": 80.2275802, "street_count": 1, "highway": null, "elevation_m": 16.497505187988281, "population": 24514.197265625 }, "geometry": { "type": "Point", "coordinates": [ 80.2275802, 13.043037 ] } },
{ "type": "Feature", "properties": { "osmid": 11594198667, "y": 13.0485186, "x": 80.2263234, "street_count": 1, "highway": null, "elevation_m": 15.560194969177246, "population": 24514.197265625 }, "geometry": { "type": "Point", "coordinates": [ 80.2263234, 13.0485186 ] } },
{ "type": "Feature", "properties": { "osmid": 11594198668, "y": 13.0481795, "x": 80.2262362, "street_count": 3, "highway": null, "elevation_m": 15.484477996826172, "population": 24514.197265625 }, "geometry": { "type": "Point", "coordinates": [ 80.2262362, 13.0481795 ] } },
{ "type": "Feature", "properties": { "osmid": 11594244089, "y": 13.0495447, "x": 80.2255555, "street_count": 1, "highway": null, "elevation_m": 14.164344787597656, "population": 24514.197265625 }, "geometry": { "type": "Point", "coordinates": [ 80.2255555, 13.0495447 ] } },
{ "type": "Feature", "properties": { "osmid": 11594244090, "y": 13.0491873, "x": 80.2254959, "street_count": 3, "highway": null, "elevation_m": 13.032075881958008, "population": 24514.197265625 }, "geometry": { "type": "Point", "coordinates": [ 80.2254959, 13.0491873 ] } },
{ "type": "Feature", "properties": { "osmid": 11594244091, "y": 13.0491814, "x": 80.2255184, "street_count": 3, "highway": null, "elevation_m": 13.032075881958008, "population": 24514.197265625 }, "geometry": { "type": "Point", "coordinates": [ 80.2255184, 13.0491814 ] } },
{ "type": "Feature", "properties": { "osmid": 11594244092, "y": 13.0489328, "x": 80.2254668, "street_count": 1, "highway": null, "elevation_m": 13.444114685058594, "population": 24514.197265625 }, "geometry": { "type": "Point", "coordinates": [ 80.2254668, 13.0489328 ] } },
{ "type": "Feature", "properties": { "osmid": 11594517644, "y": 13.0490483, "x": 80.2241598, "street_count": 1, "highway": null, "elevation_m": 13.37001895904541, "population": 24514.197265625 }, "geometry": { "type": "Point", "coordinates": [ 80.2241598, 13.0490483 ] } },
{ "type": "Feature", "properties": { "osmid": 11597401220, "y": 13.0571681, "x": 80.2328106, "street_count": 1, "highway": null, "elevation_m": 12.466770172119141, "population": 22810.8515625 }, "geometry": { "type": "Point", "coordinates": [ 80.2328106, 13.0571681 ] } },
{ "type": "Feature", "properties": { "osmid": 11597764545, "y": 13.056129, "x": 80.2183676, "street_count": 3, "highway": null, "elevation_m": 16.230003356933594, "population": 16902.220703125 }, "geometry": { "type": "Point", "coordinates": [ 80.2183676, 13.056129 ] } },
{ "type": "Feature", "properties": { "osmid": 11597764546, "y": 13.0561632, "x": 80.2180315, "street_count": 1, "highway": null, "elevation_m": 16.932823181152344, "population": 16902.220703125 }, "geometry": { "type": "Point", "coordinates": [ 80.2180315, 13.0561632 ] } },
{ "type": "Feature", "properties": { "osmid": 11600973745, "y": 13.0281951, "x": 80.224108, "street_count": 1, "highway": null, "elevation_m": 8.6096248626708984, "population": 23049.033203125 }, "geometry": { "type": "Point", "coordinates": [ 80.224108, 13.0281951 ] } },
{ "type": "Feature", "properties": { "osmid": 11600973766, "y": 13.0279573, "x": 80.2240211, "street_count": 3, "highway": null, "elevation_m": 11.502171516418457, "population": 23049.033203125 }, "geometry": { "type": "Point", "coordinates": [ 80.2240211, 13.0279573 ] } },
{ "type": "Feature", "properties": { "osmid": 11600973768, "y": 13.0279527, "x": 80.2240976, "street_count": 1, "highway": null, "elevation_m": 10.890050888061523, "population": 23049.033203125 }, "geometry": { "type": "Point", "coordinates": [ 80.2240976, 13.0279527 ] } },
{ "type": "Feature", "properties": { "osmid": 11601170442, "y": 13.031332, "x": 80.2335157, "street_count": 3, "highway": null, "elevation_m": 9.3562164306640625, "population": 15232.8125 }, "geometry": { "type": "Point", "coordinates": [ 80.2335157, 13.031332 ] } },
{ "type": "Feature", "properties": { "osmid": 11606901608, "y": 13.0437895, "x": 80.2396075, "street_count": 3, "highway": null, "elevation_m": 15.451359748840332, "population": 26002.5859375 }, "geometry": { "type": "Point", "coordinates": [ 80.2396075, 13.0437895 ] } },
{ "type": "Feature", "properties": { "osmid": 11606901609, "y": 13.0436386, "x": 80.2392793, "street_count": 1, "highway": null, "elevation_m": 15.296939849853516, "population": 26002.5859375 }, "geometry": { "type": "Point", "coordinates": [ 80.2392793, 13.0436386 ] } },
{ "type": "Feature", "properties": { "osmid": 11606901610, "y": 13.0436205, "x": 80.2396988, "street_count": 3, "highway": null, "elevation_m": 13.355155944824219, "population": 26002.5859375 }, "geometry": { "type": "Point", "coordinates": [ 80.2396988, 13.0436205 ] } },
{ "type": "Feature", "properties": { "osmid": 11606901614, "y": 13.0434546, "x": 80.2392575, "street_count": 1, "highway": null, "elevation_m": 16.519222259521484, "population": 26002.5859375 }, "geometry": { "type": "Point", "coordinates": [ 80.2392575, 13.0434546 ] } },
{ "type": "Feature", "properties": { "osmid": 11606901615, "y": 13.0435061, "x": 80.2397606, "street_count": 3, "highway": null, "elevation_m": 13.355155944824219, "population": 26002.5859375 }, "geometry": { "type": "Point", "coordinates": [ 80.2397606, 13.0435061 ] } },
{ "type": "Feature", "properties": { "osmid": 11606901616, "y": 13.0437325, "x": 80.2402713, "street_count": 1, "highway": null, "elevation_m": 15.476345062255859, "population": 26002.5859375 }, "geometry": { "type": "Point", "coordinates": [ 80.2402713, 13.0437325 ] } },
{ "type": "Feature", "properties": { "osmid": 11606901617, "y": 13.0431735, "x": 80.2397415, "street_count": 3, "highway": null, "elevation_m": 13.738394737243652, "population": 26002.5859375 }, "geometry": { "type": "Point", "coordinates": [ 80.2397415, 13.0431735 ] } },
{ "type": "Feature", "properties": { "osmid": 11606901618, "y": 13.0432747, "x": 80.2402747, "street_count": 1, "highway": null, "elevation_m": 14.579194068908691, "population": 26002.5859375 }, "geometry": { "type": "Point", "coordinates": [ 80.2402747, 13.0432747 ] } },
{ "type": "Feature", "properties": { "osmid": 11606983238, "y": 13.0463565, "x": 80.2391509, "street_count": 3, "highway": null, "elevation_m": 16.194635391235352, "population": 26002.5859375 }, "geometry": { "type": "Point", "coordinates": [ 80.2391509, 13.0463565 ] } },
{ "type": "Feature", "properties": { "osmid": 11606983243, "y": 13.0463963, "x": 80.238973, "street_count": 3, "highway": null, "elevation_m": 17.248737335205078, "population": 26002.5859375 }, "geometry": { "type": "Point", "coordinates": [ 80.238973, 13.0463963 ] } },
{ "type": "Feature", "properties": { "osmid": 11607035554, "y": 13.0437192, "x": 80.2423886, "street_count": 3, "highway": null, "elevation_m": 13.357019424438477, "population": 27057.625 }, "geometry": { "type": "Point", "coordinates": [ 80.2423886, 13.0437192 ] } },
{ "type": "Feature", "properties": { "osmid": 11607035555, "y": 13.0441899, "x": 80.2424611, "street_count": 1, "highway": null, "elevation_m": 17.082679748535156, "population": 27057.625 }, "geometry": { "type": "Point", "coordinates": [ 80.2424611, 13.0441899 ] } },
{ "type": "Feature", "properties": { "osmid": 11607154169, "y": 13.046396, "x": 80.2426795, "street_count": 3, "highway": null, "elevation_m": 8.6644048690795898, "population": 27057.625 }, "geometry": { "type": "Point", "coordinates": [ 80.2426795, 13.046396 ] } },
{ "type": "Feature", "properties": { "osmid": 11607154170, "y": 13.0456681, "x": 80.2431039, "street_count": 1, "highway": null, "elevation_m": 18.232658386230469, "population": 27057.625 }, "geometry": { "type": "Point", "coordinates": [ 80.2431039, 13.0456681 ] } },
{ "type": "Feature", "properties": { "osmid": 11607154183, "y": 13.0469824, "x": 80.2437567, "street_count": 3, "highway": null, "elevation_m": 17.338668823242188, "population": 27057.625 }, "geometry": { "type": "Point", "coordinates": [ 80.2437567, 13.0469824 ] } },
{ "type": "Feature", "properties": { "osmid": 11607154184, "y": 13.0467549, "x": 80.2438672, "street_count": 1, "highway": null, "elevation_m": 14.750608444213867, "population": 27057.625 }, "geometry": { "type": "Point", "coordinates": [ 80.2438672, 13.0467549 ] } },
{ "type": "Feature", "properties": { "osmid": 11607160614, "y": 13.0460849, "x": 80.2451365, "street_count": 3, "highway": null, "elevation_m": 15.69124698638916, "population": 27057.625 }, "geometry": { "type": "Point", "coordinates": [ 80.2451365, 13.0460849 ] } },
{ "type": "Feature", "properties": { "osmid": 11607160615, "y": 13.0461692, "x": 80.2447484, "street_count": 1, "highway": null, "elevation_m": 16.95245361328125, "population": 27057.625 }, "geometry": { "type": "Point", "coordinates": [ 80.2447484, 13.0461692 ] } },
{ "type": "Feature", "properties": { "osmid": 11607160616, "y": 13.0459045, "x": 80.2450981, "street_count": 3, "highway": null, "elevation_m": 16.794950485229492, "population": 27057.625 }, "geometry": { "type": "Point", "coordinates": [ 80.2450981, 13.0459045 ] } },
{ "type": "Feature", "properties": { "osmid": 11607160617, "y": 13.0460704, "x": 80.2444622, "street_count": 1, "highway": null, "elevation_m": 19.576526641845703, "population": 27057.625 }, "geometry": { "type": "Point", "coordinates": [ 80.2444622, 13.0460704 ] } },
{ "type": "Feature", "properties": { "osmid": 11607160618, "y": 13.0457609, "x": 80.2450693, "street_count": 3, "highway": null, "elevation_m": 16.794950485229492, "population": 27057.625 }, "geometry": { "type": "Point", "coordinates": [ 80.2450693, 13.0457609 ] } },
{ "type": "Feature", "properties": { "osmid": 11607160619, "y": 13.0459194, "x": 80.2444228, "street_count": 1, "highway": null, "elevation_m": 16.780759811401367, "population": 27057.625 }, "geometry": { "type": "Point", "coordinates": [ 80.2444228, 13.0459194 ] } },
{ "type": "Feature", "properties": { "osmid": 11612564446, "y": 13.0329572, "x": 80.2248061, "street_count": 3, "highway": null, "elevation_m": 11.066859245300293, "population": 19051.626953125 }, "geometry": { "type": "Point", "coordinates": [ 80.2248061, 13.0329572 ] } },
{ "type": "Feature", "properties": { "osmid": 11612600462, "y": 13.0293588, "x": 80.2470206, "street_count": 3, "highway": null, "elevation_m": 9.158818244934082, "population": 17030.998046875 }, "geometry": { "type": "Point", "coordinates": [ 80.2470206, 13.0293588 ] } },
{ "type": "Feature", "properties": { "osmid": 11612600466, "y": 13.0291946, "x": 80.2463053, "street_count": 1, "highway": null, "elevation_m": 12.150032997131348, "population": 17030.998046875 }, "geometry": { "type": "Point", "coordinates": [ 80.2463053, 13.0291946 ] } },
{ "type": "Feature", "properties": { "osmid": 11612704712, "y": 13.0320039, "x": 80.2226796, "street_count": 1, "highway": null, "elevation_m": 15.234306335449219, "population": 24509.30859375 }, "geometry": { "type": "Point", "coordinates": [ 80.2226796, 13.0320039 ] } },
{ "type": "Feature", "properties": { "osmid": 11612721935, "y": 13.0343936, "x": 80.2219444, "street_count": 1, "highway": null, "elevation_m": 13.51981258392334, "population": 26918.638671875 }, "geometry": { "type": "Point", "coordinates": [ 80.2219444, 13.0343936 ] } },
{ "type": "Feature", "properties": { "osmid": 11612721936, "y": 13.0335662, "x": 80.2220484, "street_count": 1, "highway": null, "elevation_m": 12.78974437713623, "population": 26918.638671875 }, "geometry": { "type": "Point", "coordinates": [ 80.2220484, 13.0335662 ] } },
{ "type": "Feature", "properties": { "osmid": 11612728861, "y": 13.0345048, "x": 80.2207832, "street_count": 3, "highway": null, "elevation_m": 14.087795257568359, "population": 26918.638671875 }, "geometry": { "type": "Point", "coordinates": [ 80.2207832, 13.0345048 ] } },
{ "type": "Feature", "properties": { "osmid": 11612728862, "y": 13.0344259, "x": 80.2215981, "street_count": 1, "highway": null, "elevation_m": 13.837300300598145, "population": 26918.638671875 }, "geometry": { "type": "Point", "coordinates": [ 80.2215981, 13.0344259 ] } },
{ "type": "Feature", "properties": { "osmid": 11618082502, "y": 13.0501187, "x": 80.2278308, "street_count": 3, "highway": null, "elevation_m": 13.333805084228516, "population": 20723.693359375 }, "geometry": { "type": "Point", "coordinates": [ 80.2278308, 13.0501187 ] } },
{ "type": "Feature", "properties": { "osmid": 11618082503, "y": 13.0501795, "x": 80.2275219, "street_count": 1, "highway": null, "elevation_m": 12.766182899475098, "population": 20723.693359375 }, "geometry": { "type": "Point", "coordinates": [ 80.2275219, 13.0501795 ] } },
{ "type": "Feature", "properties": { "osmid": 11618082504, "y": 13.0499692, "x": 80.2278048, "street_count": 3, "highway": null, "elevation_m": 13.333805084228516, "population": 20723.693359375 }, "geometry": { "type": "Point", "coordinates": [ 80.2278048, 13.0499692 ] } },
{ "type": "Feature", "properties": { "osmid": 11618082505, "y": 13.0500016, "x": 80.2275791, "street_count": 1, "highway": null, "elevation_m": 12.08474063873291, "population": 20723.693359375 }, "geometry": { "type": "Point", "coordinates": [ 80.2275791, 13.0500016 ] } },
{ "type": "Feature", "properties": { "osmid": 11618082508, "y": 13.048704, "x": 80.2278517, "street_count": 1, "highway": null, "elevation_m": 14.341917037963867, "population": 24514.197265625 }, "geometry": { "type": "Point", "coordinates": [ 80.2278517, 13.048704 ] } },
{ "type": "Feature", "properties": { "osmid": 11618082830, "y": 13.0486127, "x": 80.2254186, "street_count": 1, "highway": null, "elevation_m": 14.093442916870117, "population": 24514.197265625 }, "geometry": { "type": "Point", "coordinates": [ 80.2254186, 13.0486127 ] } },
{ "type": "Feature", "properties": { "osmid": 11618182516, "y": 13.0303798, "x": 80.218034, "street_count": 3, "highway": null, "elevation_m": 13.126410484313965, "population": 24509.30859375 }, "geometry": { "type": "Point", "coordinates": [ 80.218034, 13.0303798 ] } },
{ "type": "Feature", "properties": { "osmid": 11618182517, "y": 13.0300041, "x": 80.2179888, "street_count": 1, "highway": null, "elevation_m": 13.831053733825684, "population": 24509.30859375 }, "geometry": { "type": "Point", "coordinates": [ 80.2179888, 13.0300041 ] } },
{ "type": "Feature", "properties": { "osmid": 11633522451, "y": 13.0338592, "x": 80.2491461, "street_count": 3, "highway": null, "elevation_m": 13.140645980834961, "population": 20759.59375 }, "geometry": { "type": "Point", "coordinates": [ 80.2491461, 13.0338592 ] } },
{ "type": "Feature", "properties": { "osmid": 11633544460, "y": 13.0356325, "x": 80.2455569, "street_count": 4, "highway": null, "elevation_m": 9.9523448944091797, "population": 20546.419921875 }, "geometry": { "type": "Point", "coordinates": [ 80.2455569, 13.0356325 ] } },
{ "type": "Feature", "properties": { "osmid": 11636546340, "y": 13.0300743, "x": 80.2421951, "street_count": 3, "highway": null, "elevation_m": 10.866944313049316, "population": 17030.998046875 }, "geometry": { "type": "Point", "coordinates": [ 80.2421951, 13.0300743 ] } },
{ "type": "Feature", "properties": { "osmid": 11637723811, "y": 13.0357469, "x": 80.2248757, "street_count": 1, "highway": null, "elevation_m": 11.724465370178223, "population": 19051.626953125 }, "geometry": { "type": "Point", "coordinates": [ 80.2248757, 13.0357469 ] } },
{ "type": "Feature", "properties": { "osmid": 11637723818, "y": 13.0357012, "x": 80.2227742, "street_count": 1, "highway": null, "elevation_m": 14.072113990783691, "population": 26918.638671875 }, "geometry": { "type": "Point", "coordinates": [ 80.2227742, 13.0357012 ] } },
{ "type": "Feature", "properties": { "osmid": 11663095833, "y": 13.0539989, "x": 80.2403876, "street_count": 1, "highway": null, "elevation_m": 15.923068046569824, "population": 22810.8515625 }, "geometry": { "type": "Point", "coordinates": [ 80.2403876, 13.0539989 ] } },
{ "type": "Feature", "properties": { "osmid": 11683495685, "y": 13.0452113, "x": 80.2309951, "street_count": 1, "highway": null, "elevation_m": 14.499213218688965, "population": 24514.197265625 }, "geometry": { "type": "Point", "coordinates": [ 80.2309951, 13.0452113 ] } },
{ "type": "Feature", "properties": { "osmid": 11683495686, "y": 13.0449367, "x": 80.230939, "street_count": 3, "highway": null, "elevation_m": 13.56743049621582, "population": 24514.197265625 }, "geometry": { "type": "Point", "coordinates": [ 80.230939, 13.0449367 ] } },
{ "type": "Feature", "properties": { "osmid": 11683495687, "y": 13.0454478, "x": 80.2312727, "street_count": 1, "highway": null, "elevation_m": 12.721097946166992, "population": 24514.197265625 }, "geometry": { "type": "Point", "coordinates": [ 80.2312727, 13.0454478 ] } },
{ "type": "Feature", "properties": { "osmid": 11687900052, "y": 13.0498305, "x": 80.2183228, "street_count": 1, "highway": null, "elevation_m": 16.793703079223633, "population": 16902.220703125 }, "geometry": { "type": "Point", "coordinates": [ 80.2183228, 13.0498305 ] } },
{ "type": "Feature", "properties": { "osmid": 11687900053, "y": 13.0503663, "x": 80.2223784, "street_count": 1, "highway": null, "elevation_m": 14.476686477661133, "population": 16902.220703125 }, "geometry": { "type": "Point", "coordinates": [ 80.2223784, 13.0503663 ] } },
{ "type": "Feature", "properties": { "osmid": 11716063560, "y": 13.0301091, "x": 80.2411069, "street_count": 3, "highway": null, "elevation_m": 14.399937629699707, "population": 17030.998046875 }, "geometry": { "type": "Point", "coordinates": [ 80.2411069, 13.0301091 ] } },
{ "type": "Feature", "properties": { "osmid": 11716063561, "y": 13.0303833, "x": 80.2402119, "street_count": 3, "highway": null, "elevation_m": 18.72917366027832, "population": 15232.8125 }, "geometry": { "type": "Point", "coordinates": [ 80.2402119, 13.0303833 ] } },
{ "type": "Feature", "properties": { "osmid": 11716063562, "y": 13.030245, "x": 80.2406729, "street_count": 4, "highway": null, "elevation_m": 20.940542221069336, "population": 17030.998046875 }, "geometry": { "type": "Point", "coordinates": [ 80.2406729, 13.030245 ] } },
{ "type": "Feature", "properties": { "osmid": 11765974970, "y": 13.0578539, "x": 80.2428243, "street_count": 3, "highway": null, "elevation_m": 10.088083267211914, "population": 25040.6953125 }, "geometry": { "type": "Point", "coordinates": [ 80.2428243, 13.0578539 ] } },
{ "type": "Feature", "properties": { "osmid": 11770736432, "y": 13.0409715, "x": 80.2300278, "street_count": 4, "highway": null, "elevation_m": 13.577776908874512, "population": 19051.626953125 }, "geometry": { "type": "Point", "coordinates": [ 80.2300278, 13.0409715 ] } },
{ "type": "Feature", "properties": { "osmid": 11771138371, "y": 13.0539398, "x": 80.2322049, "street_count": 3, "highway": null, "elevation_m": 12.587169647216797, "population": 22810.8515625 }, "geometry": { "type": "Point", "coordinates": [ 80.2322049, 13.0539398 ] } },
{ "type": "Feature", "properties": { "osmid": 11771138372, "y": 13.0541327, "x": 80.2322176, "street_count": 3, "highway": null, "elevation_m": 12.922157287597656, "population": 22810.8515625 }, "geometry": { "type": "Point", "coordinates": [ 80.2322176, 13.0541327 ] } },
{ "type": "Feature", "properties": { "osmid": 11771138373, "y": 13.0540935, "x": 80.2325508, "street_count": 3, "highway": null, "elevation_m": 15.133855819702148, "population": 22810.8515625 }, "geometry": { "type": "Point", "coordinates": [ 80.2325508, 13.0540935 ] } },
{ "type": "Feature", "properties": { "osmid": 11771138374, "y": 13.0539132, "x": 80.2325437, "street_count": 3, "highway": null, "elevation_m": 13.062346458435059, "population": 22810.8515625 }, "geometry": { "type": "Point", "coordinates": [ 80.2325437, 13.0539132 ] } },
{ "type": "Feature", "properties": { "osmid": 11777731522, "y": 13.0296671, "x": 80.245658, "street_count": 3, "highway": null, "elevation_m": 8.952239990234375, "population": 17030.998046875 }, "geometry": { "type": "Point", "coordinates": [ 80.245658, 13.0296671 ] } },
{ "type": "Feature", "properties": { "osmid": 11777731523, "y": 13.0296551, "x": 80.2457717, "street_count": 3, "highway": null, "elevation_m": 12.33139705657959, "population": 17030.998046875 }, "geometry": { "type": "Point", "coordinates": [ 80.2457717, 13.0296551 ] } },
{ "type": "Feature", "properties": { "osmid": 11777731524, "y": 13.0295229, "x": 80.2457606, "street_count": 3, "highway": null, "elevation_m": 10.411571502685547, "population": 17030.998046875 }, "geometry": { "type": "Point", "coordinates": [ 80.2457606, 13.0295229 ] } },
{ "type": "Feature", "properties": { "osmid": 11777731525, "y": 13.0295278, "x": 80.2456494, "street_count": 3, "highway": null, "elevation_m": 8.7184820175170898, "population": 17030.998046875 }, "geometry": { "type": "Point", "coordinates": [ 80.2456494, 13.0295278 ] } },
{ "type": "Feature", "properties": { "osmid": 11777931844, "y": 13.0448612, "x": 80.2403563, "street_count": 3, "highway": null, "elevation_m": 9.5703420639038086, "population": 26002.5859375 }, "geometry": { "type": "Point", "coordinates": [ 80.2403563, 13.0448612 ] } },
{ "type": "Feature", "properties": { "osmid": 11777931845, "y": 13.0449835, "x": 80.2402759, "street_count": 4, "highway": null, "elevation_m": 9.5703420639038086, "population": 26002.5859375 }, "geometry": { "type": "Point", "coordinates": [ 80.2402759, 13.0449835 ] } },
{ "type": "Feature", "properties": { "osmid": 11778113354, "y": 13.0282831, "x": 80.235676, "street_count": 3, "highway": null, "elevation_m": 13.365688323974609, "population": 15232.8125 }, "geometry": { "type": "Point", "coordinates": [ 80.235676, 13.0282831 ] } },
{ "type": "Feature", "properties": { "osmid": 11778113355, "y": 13.0281596, "x": 80.2357827, "street_count": 3, "highway": null, "elevation_m": 12.180249214172363, "population": 15232.8125 }, "geometry": { "type": "Point", "coordinates": [ 80.2357827, 13.0281596 ] } },
{ "type": "Feature", "properties": { "osmid": 11782033263, "y": 13.044367, "x": 80.2177634, "street_count": 3, "highway": null, "elevation_m": 15.262003898620605, "population": 26320.1796875 }, "geometry": { "type": "Point", "coordinates": [ 80.2177634, 13.044367 ] } },
{ "type": "Feature", "properties": { "osmid": 11782056089, "y": 13.0464264, "x": 80.2184338, "street_count": 3, "highway": null, "elevation_m": 12.212471961975098, "population": 26320.1796875 }, "geometry": { "type": "Point", "coordinates": [ 80.2184338, 13.0464264 ] } },
{ "type": "Feature", "properties": { "osmid": 11782130413, "y": 13.050719, "x": 80.2387611, "street_count": 3, "highway": null, "elevation_m": 14.734869956970215, "population": 22810.8515625 }, "geometry": { "type": "Point", "coordinates": [ 80.2387611, 13.050719 ] } },
{ "type": "Feature", "properties": { "osmid": 11782130415, "y": 13.0506568, "x": 80.2393743, "street_count": 1, "highway": null, "elevation_m": 13.754048347473145, "population": 22810.8515625 }, "geometry": { "type": "Point", "coordinates": [ 80.2393743, 13.0506568 ] } },
{ "type": "Feature", "properties": { "osmid": 11782139799, "y": 13.0493311, "x": 80.2187449, "street_count": 3, "highway": null, "elevation_m": 13.516119003295898, "population": 26320.1796875 }, "geometry": { "type": "Point", "coordinates": [ 80.2187449, 13.0493311 ] } },
{ "type": "Feature", "properties": { "osmid": 11782139800, "y": 13.0493606, "x": 80.2183367, "street_count": 1, "highway": null, "elevation_m": 16.643564224243164, "population": 26320.1796875 }, "geometry": { "type": "Point", "coordinates": [ 80.2183367, 13.0493606 ] } },
{ "type": "Feature", "properties": { "osmid": 11782158240, "y": 13.0497637, "x": 80.2199696, "street_count": 3, "highway": null, "elevation_m": 14.833922386169434, "population": 16902.220703125 }, "geometry": { "type": "Point", "coordinates": [ 80.2199696, 13.0497637 ] } },
{ "type": "Feature", "properties": { "osmid": 11782158242, "y": 13.0502838, "x": 80.2202677, "street_count": 3, "highway": null, "elevation_m": 15.780778884887695, "population": 16902.220703125 }, "geometry": { "type": "Point", "coordinates": [ 80.2202677, 13.0502838 ] } },
{ "type": "Feature", "properties": { "osmid": 11782158243, "y": 13.0501579, "x": 80.2202539, "street_count": 1, "highway": null, "elevation_m": 15.780778884887695, "population": 16902.220703125 }, "geometry": { "type": "Point", "coordinates": [ 80.2202539, 13.0501579 ] } },
{ "type": "Feature", "properties": { "osmid": 11786778642, "y": 13.035093, "x": 80.2410088, "street_count": 3, "highway": null, "elevation_m": 13.122139930725098, "population": 20546.419921875 }, "geometry": { "type": "Point", "coordinates": [ 80.2410088, 13.035093 ] } },
{ "type": "Feature", "properties": { "osmid": 11789424222, "y": 13.0575111, "x": 80.2231304, "street_count": 3, "highway": null, "elevation_m": 13.594569206237793, "population": 16902.220703125 }, "geometry": { "type": "Point", "coordinates": [ 80.2231304, 13.0575111 ] } },
{ "type": "Feature", "properties": { "osmid": 11789456540, "y": 13.0579223, "x": 80.2238774, "street_count": 3, "highway": null, "elevation_m": 11.81297492980957, "population": 22421.82421875 }, "geometry": { "type": "Point", "coordinates": [ 80.2238774, 13.0579223 ] } },
{ "type": "Feature", "properties": { "osmid": 11789456541, "y": 13.0579131, "x": 80.2241896, "street_count": 3, "highway": null, "elevation_m": 13.176023483276367, "population": 20723.693359375 }, "geometry": { "type": "Point", "coordinates": [ 80.2241896, 13.0579131 ] } },
{ "type": "Feature", "properties": { "osmid": 11789458373, "y": 13.0574987, "x": 80.2238621, "street_count": 3, "highway": null, "elevation_m": 13.461125373840332, "population": 20723.693359375 }, "geometry": { "type": "Point", "coordinates": [ 80.2238621, 13.0574987 ] } },
{ "type": "Feature", "properties": { "osmid": 11789461411, "y": 13.0577021, "x": 80.2241803, "street_count": 3, "highway": null, "elevation_m": 13.176023483276367, "population": 20723.693359375 }, "geometry": { "type": "Point", "coordinates": [ 80.2241803, 13.0577021 ] } },
{ "type": "Feature", "properties": { "osmid": 11789461412, "y": 13.0577081, "x": 80.223914, "street_count": 1, "highway": null, "elevation_m": 13.023316383361816, "population": 20723.693359375 }, "geometry": { "type": "Point", "coordinates": [ 80.223914, 13.0577081 ] } },
{ "type": "Feature", "properties": { "osmid": 11789726052, "y": 13.0572941, "x": 80.2187871, "street_count": 1, "highway": null, "elevation_m": 16.909059524536133, "population": 16902.220703125 }, "geometry": { "type": "Point", "coordinates": [ 80.2187871, 13.0572941 ] } },
{ "type": "Feature", "properties": { "osmid": 11794403614, "y": 13.0496214, "x": 80.2444491, "street_count": 3, "highway": null, "elevation_m": 13.626038551330566, "population": 25040.6953125 }, "geometry": { "type": "Point", "coordinates": [ 80.2444491, 13.0496214 ] } },
{ "type": "Feature", "properties": { "osmid": 11794403615, "y": 13.0495852, "x": 80.2446292, "street_count": 1, "highway": null, "elevation_m": 12.725296020507812, "population": 25040.6953125 }, "geometry": { "type": "Point", "coordinates": [ 80.2446292, 13.0495852 ] } },
{ "type": "Feature", "properties": { "osmid": 11795466277, "y": 13.0477214, "x": 80.2399087, "street_count": 3, "highway": null, "elevation_m": 14.735996246337891, "population": 26002.5859375 }, "geometry": { "type": "Point", "coordinates": [ 80.2399087, 13.0477214 ] } },
{ "type": "Feature", "properties": { "osmid": 11796342196, "y": 13.0321991, "x": 80.2184784, "street_count": 4, "highway": null, "elevation_m": 11.152997970581055, "population": 24509.30859375 }, "geometry": { "type": "Point", "coordinates": [ 80.2184784, 13.0321991 ] } },
{ "type": "Feature", "properties": { "osmid": 11796342205, "y": 13.0348611, "x": 80.2179582, "street_count": 1, "highway": null, "elevation_m": 15.945801734924316, "population": 26918.638671875 }, "geometry": { "type": "Point", "coordinates": [ 80.2179582, 13.0348611 ] } },
{ "type": "Feature", "properties": { "osmid": 11796342206, "y": 13.0351119, "x": 80.2179515, "street_count": 1, "highway": null, "elevation_m": 19.793094635009766, "population": 26918.638671875 }, "geometry": { "type": "Point", "coordinates": [ 80.2179515, 13.0351119 ] } },
{ "type": "Feature", "properties": { "osmid": 11796342207, "y": 13.0351276, "x": 80.2176833, "street_count": 3, "highway": null, "elevation_m": 15.690166473388672, "population": 26918.638671875 }, "geometry": { "type": "Point", "coordinates": [ 80.2176833, 13.0351276 ] } },
{ "type": "Feature", "properties": { "osmid": 11796342208, "y": 13.0356241, "x": 80.2175546, "street_count": 1, "highway": null, "elevation_m": 17.12354850769043, "population": 26918.638671875 }, "geometry": { "type": "Point", "coordinates": [ 80.2175546, 13.0356241 ] } },
{ "type": "Feature", "properties": { "osmid": 11796342239, "y": 13.0354693, "x": 80.2177276, "street_count": 3, "highway": null, "elevation_m": 14.230740547180176, "population": 26918.638671875 }, "geometry": { "type": "Point", "coordinates": [ 80.2177276, 13.0354693 ] } },
{ "type": "Feature", "properties": { "osmid": 11801178049, "y": 13.0266956, "x": 80.2267756, "street_count": 3, "highway": null, "elevation_m": 9.5322608947753906, "population": 23049.033203125 }, "geometry": { "type": "Point", "coordinates": [ 80.2267756, 13.0266956 ] } },
{ "type": "Feature", "properties": { "osmid": 11801232124, "y": 13.0258321, "x": 80.2277763, "street_count": 1, "highway": null, "elevation_m": 11.89073657989502, "population": 23049.033203125 }, "geometry": { "type": "Point", "coordinates": [ 80.2277763, 13.0258321 ] } },
{ "type": "Feature", "properties": { "osmid": 11811628643, "y": 13.0413957, "x": 80.2285898, "street_count": 3, "highway": null, "elevation_m": 9.8488903045654297, "population": 24514.197265625 }, "geometry": { "type": "Point", "coordinates": [ 80.2285898, 13.0413957 ] } },
{ "type": "Feature", "properties": { "osmid": 11813014775, "y": 13.0457477, "x": 80.2315291, "street_count": 3, "highway": null, "elevation_m": 13.344817161560059, "population": 24514.197265625 }, "geometry": { "type": "Point", "coordinates": [ 80.2315291, 13.0457477 ] } },
{ "type": "Feature", "properties": { "osmid": 11813014776, "y": 13.0458077, "x": 80.2314477, "street_count": 1, "highway": null, "elevation_m": 12.407140731811523, "population": 24514.197265625 }, "geometry": { "type": "Point", "coordinates": [ 80.2314477, 13.0458077 ] } },
{ "type": "Feature", "properties": { "osmid": 11813014783, "y": 13.0450996, "x": 80.2315336, "street_count": 1, "highway": null, "elevation_m": 12.957534790039062, "population": 24514.197265625 }, "geometry": { "type": "Point", "coordinates": [ 80.2315336, 13.0450996 ] } },
{ "type": "Feature", "properties": { "osmid": 11813014788, "y": 13.0456786, "x": 80.2304618, "street_count": 3, "highway": null, "elevation_m": 10.912457466125488, "population": 24514.197265625 }, "geometry": { "type": "Point", "coordinates": [ 80.2304618, 13.0456786 ] } },
{ "type": "Feature", "properties": { "osmid": 11813014789, "y": 13.0455544, "x": 80.2304292, "street_count": 3, "highway": null, "elevation_m": 10.912457466125488, "population": 24514.197265625 }, "geometry": { "type": "Point", "coordinates": [ 80.2304292, 13.0455544 ] } },
{ "type": "Feature", "properties": { "osmid": 11813014790, "y": 13.0455301, "x": 80.2305469, "street_count": 1, "highway": null, "elevation_m": 10.912457466125488, "population": 24514.197265625 }, "geometry": { "type": "Point", "coordinates": [ 80.2305469, 13.0455301 ] } },
{ "type": "Feature", "properties": { "osmid": 11813014794, "y": 13.0456622, "x": 80.2302537, "street_count": 3, "highway": null, "elevation_m": 12.100921630859375, "population": 24514.197265625 }, "geometry": { "type": "Point", "coordinates": [ 80.2302537, 13.0456622 ] } },
{ "type": "Feature", "properties": { "osmid": 11815824213, "y": 13.0393503, "x": 80.2379209, "street_count": 3, "highway": null, "elevation_m": 10.876296997070312, "population": 24653.408203125 }, "geometry": { "type": "Point", "coordinates": [ 80.2379209, 13.0393503 ] } },
{ "type": "Feature", "properties": { "osmid": 11815976967, "y": 13.037789, "x": 80.245817, "street_count": 1, "highway": null, "elevation_m": 15.614838600158691, "population": 20546.419921875 }, "geometry": { "type": "Point", "coordinates": [ 80.245817, 13.037789 ] } },
{ "type": "Feature", "properties": { "osmid": 11815976975, "y": 13.0371148, "x": 80.2463242, "street_count": 3, "highway": null, "elevation_m": 8.8525838851928711, "population": 20546.419921875 }, "geometry": { "type": "Point", "coordinates": [ 80.2463242, 13.0371148 ] } },
{ "type": "Feature", "properties": { "osmid": 11845925814, "y": 13.0565184, "x": 80.2181608, "street_count": 1, "highway": null, "elevation_m": 16.223102569580078, "population": 16902.220703125 }, "geometry": { "type": "Point", "coordinates": [ 80.2181608, 13.0565184 ] } },
{ "type": "Feature", "properties": { "osmid": 11845925819, "y": 13.0526566, "x": 80.2191964, "street_count": 3, "highway": null, "elevation_m": 15.414214134216309, "population": 16902.220703125 }, "geometry": { "type": "Point", "coordinates": [ 80.2191964, 13.0526566 ] } },
{ "type": "Feature", "properties": { "osmid": 11845925825, "y": 13.0529495, "x": 80.2206399, "street_count": 1, "highway": null, "elevation_m": 16.315645217895508, "population": 16902.220703125 }, "geometry": { "type": "Point", "coordinates": [ 80.2206399, 13.0529495 ] } },
{ "type": "Feature", "properties": { "osmid": 11845925826, "y": 13.0530518, "x": 80.221375, "street_count": 3, "highway": null, "elevation_m": 16.769193649291992, "population": 16902.220703125 }, "geometry": { "type": "Point", "coordinates": [ 80.221375, 13.0530518 ] } },
{ "type": "Feature", "properties": { "osmid": 11845925827, "y": 13.0530434, "x": 80.2212995, "street_count": 3, "highway": null, "elevation_m": 16.769193649291992, "population": 16902.220703125 }, "geometry": { "type": "Point", "coordinates": [ 80.2212995, 13.0530434 ] } },
{ "type": "Feature", "properties": { "osmid": 11876709352, "y": 13.040361, "x": 80.2286014, "street_count": 1, "highway": null, "elevation_m": 11.204275131225586, "population": 19051.626953125 }, "geometry": { "type": "Point", "coordinates": [ 80.2286014, 13.040361 ] } },
{ "type": "Feature", "properties": { "osmid": 11896709026, "y": 13.0493372, "x": 80.2209968, "street_count": 1, "highway": null, "elevation_m": 14.251161575317383, "population": 26320.1796875 }, "geometry": { "type": "Point", "coordinates": [ 80.2209968, 13.0493372 ] } },
{ "type": "Feature", "properties": { "osmid": 11896709028, "y": 13.0494273, "x": 80.2199402, "street_count": 3, "highway": null, "elevation_m": 14.678817749023438, "population": 26320.1796875 }, "geometry": { "type": "Point", "coordinates": [ 80.2199402, 13.0494273 ] } },
{ "type": "Feature", "properties": { "osmid": 11934934967, "y": 13.0569186, "x": 80.2454081, "street_count": 3, "highway": null, "elevation_m": 12.713471412658691, "population": 25040.6953125 }, "geometry": { "type": "Point", "coordinates": [ 80.2454081, 13.0569186 ] } },
{ "type": "Feature", "properties": { "osmid": 11934934968, "y": 13.0562471, "x": 80.2454546, "street_count": 1, "highway": null, "elevation_m": 12.786135673522949, "population": 25040.6953125 }, "geometry": { "type": "Point", "coordinates": [ 80.2454546, 13.0562471 ] } },
{ "type": "Feature", "properties": { "osmid": 11951492660, "y": 13.0445272, "x": 80.2324932, "street_count": 3, "highway": null, "elevation_m": 11.970524787902832, "population": 26002.5859375 }, "geometry": { "type": "Point", "coordinates": [ 80.2324932, 13.0445272 ] } },
{ "type": "Feature", "properties": { "osmid": 11951550394, "y": 13.0279395, "x": 80.231042, "street_count": 3, "highway": null, "elevation_m": 13.144937515258789, "population": 23049.033203125 }, "geometry": { "type": "Point", "coordinates": [ 80.231042, 13.0279395 ] } },
{ "type": "Feature", "properties": { "osmid": 11953733749, "y": 13.0375097, "x": 80.2464186, "street_count": 3, "highway": null, "elevation_m": 8.5736618041992188, "population": 20546.419921875 }, "geometry": { "type": "Point", "coordinates": [ 80.2464186, 13.0375097 ] } },
{ "type": "Feature", "properties": { "osmid": 11953733752, "y": 13.037483, "x": 80.2466376, "street_count": 3, "highway": null, "elevation_m": 10.664862632751465, "population": 20546.419921875 }, "geometry": { "type": "Point", "coordinates": [ 80.2466376, 13.037483 ] } },
{ "type": "Feature", "properties": { "osmid": 11953733753, "y": 13.0374148, "x": 80.2463947, "street_count": 3, "highway": null, "elevation_m": 8.5736618041992188, "population": 20546.419921875 }, "geometry": { "type": "Point", "coordinates": [ 80.2463947, 13.0374148 ] } },
{ "type": "Feature", "properties": { "osmid": 11962752129, "y": 13.0373571, "x": 80.2466166, "street_count": 3, "highway": null, "elevation_m": 10.530265808105469, "population": 20546.419921875 }, "geometry": { "type": "Point", "coordinates": [ 80.2466166, 13.0373571 ] } },
{ "type": "Feature", "properties": { "osmid": 12011988225, "y": 13.0560847, "x": 80.2489598, "street_count": 3, "highway": null, "elevation_m": 11.325562477111816, "population": 25360.1484375 }, "geometry": { "type": "Point", "coordinates": [ 80.2489598, 13.0560847 ] } },
{ "type": "Feature", "properties": { "osmid": 12014307754, "y": 13.0569869, "x": 80.2178834, "street_count": 1, "highway": null, "elevation_m": 16.820358276367188, "population": 16902.220703125 }, "geometry": { "type": "Point", "coordinates": [ 80.2178834, 13.0569869 ] } },
{ "type": "Feature", "properties": { "osmid": 12014307760, "y": 13.0577253, "x": 80.2183877, "street_count": 1, "highway": null, "elevation_m": 16.245145797729492, "population": 16902.220703125 }, "geometry": { "type": "Point", "coordinates": [ 80.2183877, 13.0577253 ] } },
{ "type": "Feature", "properties": { "osmid": 12014332071, "y": 13.0458357, "x": 80.2215611, "street_count": 1, "highway": null, "elevation_m": 16.8004150390625, "population": 26320.1796875 }, "geometry": { "type": "Point", "coordinates": [ 80.2215611, 13.0458357 ] } },
{ "type": "Feature", "properties": { "osmid": 12014383330, "y": 13.0484064, "x": 80.2207468, "street_count": 1, "highway": null, "elevation_m": 16.967916488647461, "population": 26320.1796875 }, "geometry": { "type": "Point", "coordinates": [ 80.2207468, 13.0484064 ] } },
{ "type": "Feature", "properties": { "osmid": 12014389211, "y": 13.0441078, "x": 80.2184806, "street_count": 3, "highway": null, "elevation_m": 16.668510437011719, "population": 26320.1796875 }, "geometry": { "type": "Point", "coordinates": [ 80.2184806, 13.0441078 ] } },
{ "type": "Feature", "properties": { "osmid": 12014389212, "y": 13.0442051, "x": 80.2185166, "street_count": 1, "highway": null, "elevation_m": 16.668510437011719, "population": 26320.1796875 }, "geometry": { "type": "Point", "coordinates": [ 80.2185166, 13.0442051 ] } },
{ "type": "Feature", "properties": { "osmid": 12014389213, "y": 13.0440335, "x": 80.2184532, "street_count": 1, "highway": null, "elevation_m": 15.077526092529297, "population": 26320.1796875 }, "geometry": { "type": "Point", "coordinates": [ 80.2184532, 13.0440335 ] } },
{ "type": "Feature", "properties": { "osmid": 12017095903, "y": 13.0483946, "x": 80.2253644, "street_count": 3, "highway": null, "elevation_m": 14.295677185058594, "population": 24514.197265625 }, "geometry": { "type": "Point", "coordinates": [ 80.2253644, 13.0483946 ] } },
{ "type": "Feature", "properties": { "osmid": 12017301399, "y": 13.031536, "x": 80.2378954, "street_count": 1, "highway": null, "elevation_m": 9.1783075332641602, "population": 15232.8125 }, "geometry": { "type": "Point", "coordinates": [ 80.2378954, 13.031536 ] } },
{ "type": "Feature", "properties": { "osmid": 12024779999, "y": 13.0535794, "x": 80.2327541, "street_count": 1, "highway": null, "elevation_m": 17.410953521728516, "population": 22810.8515625 }, "geometry": { "type": "Point", "coordinates": [ 80.2327541, 13.0535794 ] } },
{ "type": "Feature", "properties": { "osmid": 12024780004, "y": 13.0530601, "x": 80.2320002, "street_count": 3, "highway": null, "elevation_m": 14.247086524963379, "population": 20723.693359375 }, "geometry": { "type": "Point", "coordinates": [ 80.2320002, 13.0530601 ] } },
{ "type": "Feature", "properties": { "osmid": 12025137900, "y": 13.0526992, "x": 80.2180137, "street_count": 3, "highway": null, "elevation_m": 13.037221908569336, "population": 16902.220703125 }, "geometry": { "type": "Point", "coordinates": [ 80.2180137, 13.0526992 ] } },
{ "type": "Feature", "properties": { "osmid": 12025196720, "y": 13.0284165, "x": 80.2484093, "street_count": 1, "highway": null, "elevation_m": 17.406984329223633, "population": 17030.998046875 }, "geometry": { "type": "Point", "coordinates": [ 80.2484093, 13.0284165 ] } },
{ "type": "Feature", "properties": { "osmid": 12025196721, "y": 13.0284985, "x": 80.2478956, "street_count": 1, "highway": null, "elevation_m": 13.647061347961426, "population": 17030.998046875 }, "geometry": { "type": "Point", "coordinates": [ 80.2478956, 13.0284985 ] } },
{ "type": "Feature", "properties": { "osmid": 12025519267, "y": 13.0297302, "x": 80.2324013, "street_count": 1, "highway": null, "elevation_m": 12.579577445983887, "population": 15232.8125 }, "geometry": { "type": "Point", "coordinates": [ 80.2324013, 13.0297302 ] } },
{ "type": "Feature", "properties": { "osmid": 12025609341, "y": 13.0537868, "x": 80.2383335, "street_count": 3, "highway": null, "elevation_m": 12.888943672180176, "population": 22810.8515625 }, "geometry": { "type": "Point", "coordinates": [ 80.2383335, 13.0537868 ] } },
{ "type": "Feature", "properties": { "osmid": 12025609342, "y": 13.0534865, "x": 80.2382831, "street_count": 3, "highway": null, "elevation_m": 13.56257152557373, "population": 22810.8515625 }, "geometry": { "type": "Point", "coordinates": [ 80.2382831, 13.0534865 ] } },
{ "type": "Feature", "properties": { "osmid": 12028780432, "y": 13.0265547, "x": 80.2462195, "street_count": 1, "highway": null, "elevation_m": 12.866060256958008, "population": 17030.998046875 }, "geometry": { "type": "Point", "coordinates": [ 80.2462195, 13.0265547 ] } },
{ "type": "Feature", "properties": { "osmid": 12028780433, "y": 13.0268379, "x": 80.2462521, "street_count": 3, "highway": null, "elevation_m": 12.471892356872559, "population": 17030.998046875 }, "geometry": { "type": "Point", "coordinates": [ 80.2462521, 13.0268379 ] } },
{ "type": "Feature", "properties": { "osmid": 12042946747, "y": 13.036013, "x": 80.2246458, "street_count": 1, "highway": null, "elevation_m": 12.687344551086426, "population": 19051.626953125 }, "geometry": { "type": "Point", "coordinates": [ 80.2246458, 13.036013 ] } },
{ "type": "Feature", "properties": { "osmid": 12043271150, "y": 13.037778, "x": 80.2496934, "street_count": 3, "highway": null, "elevation_m": 13.424245834350586, "population": 20759.59375 }, "geometry": { "type": "Point", "coordinates": [ 80.2496934, 13.037778 ] } },
{ "type": "Feature", "properties": { "osmid": 12075194430, "y": 13.0347913, "x": 80.2475738, "street_count": 3, "highway": null, "elevation_m": 14.667658805847168, "population": 20546.419921875 }, "geometry": { "type": "Point", "coordinates": [ 80.2475738, 13.0347913 ] } },
{ "type": "Feature", "properties": { "osmid": 12075194431, "y": 13.0350697, "x": 80.2475838, "street_count": 1, "highway": null, "elevation_m": 12.438196182250977, "population": 20546.419921875 }, "geometry": { "type": "Point", "coordinates": [ 80.2475838, 13.0350697 ] } },
{ "type": "Feature", "properties": { "osmid": 12123541764, "y": 13.0288622, "x": 80.2498159, "street_count": 3, "highway": null, "elevation_m": 7.8100390434265137, "population": 21972.181640625 }, "geometry": { "type": "Point", "coordinates": [ 80.2498159, 13.0288622 ] } },
{ "type": "Feature", "properties": { "osmid": 12125955282, "y": 13.0540663, "x": 80.2280275, "street_count": 3, "highway": null, "elevation_m": 15.734979629516602, "population": 20723.693359375 }, "geometry": { "type": "Point", "coordinates": [ 80.2280275, 13.0540663 ] } },
{ "type": "Feature", "properties": { "osmid": 12136684237, "y": 13.048291, "x": 80.2324942, "street_count": 3, "highway": null, "elevation_m": 16.685871124267578, "population": 26002.5859375 }, "geometry": { "type": "Point", "coordinates": [ 80.2324942, 13.048291 ] } },
{ "type": "Feature", "properties": { "osmid": 12136684238, "y": 13.0487142, "x": 80.2325407, "street_count": 4, "highway": null, "elevation_m": 14.392675399780273, "population": 26002.5859375 }, "geometry": { "type": "Point", "coordinates": [ 80.2325407, 13.0487142 ] } },
{ "type": "Feature", "properties": { "osmid": 12136684239, "y": 13.048662, "x": 80.2329064, "street_count": 1, "highway": null, "elevation_m": 17.325551986694336, "population": 26002.5859375 }, "geometry": { "type": "Point", "coordinates": [ 80.2329064, 13.048662 ] } },
{ "type": "Feature", "properties": { "osmid": 12136684240, "y": 13.0487617, "x": 80.2321961, "street_count": 1, "highway": null, "elevation_m": 11.955856323242188, "population": 26002.5859375 }, "geometry": { "type": "Point", "coordinates": [ 80.2321961, 13.0487617 ] } },
{ "type": "Feature", "properties": { "osmid": 12136684241, "y": 13.0489708, "x": 80.2325651, "street_count": 1, "highway": null, "elevation_m": 17.298423767089844, "population": 26002.5859375 }, "geometry": { "type": "Point", "coordinates": [ 80.2325651, 13.0489708 ] } },
{ "type": "Feature", "properties": { "osmid": 12136684242, "y": 13.0486838, "x": 80.2327134, "street_count": 4, "highway": null, "elevation_m": 17.325551986694336, "population": 26002.5859375 }, "geometry": { "type": "Point", "coordinates": [ 80.2327134, 13.0486838 ] } },
{ "type": "Feature", "properties": { "osmid": 12136684243, "y": 13.0489502, "x": 80.2327455, "street_count": 1, "highway": null, "elevation_m": 16.249425888061523, "population": 26002.5859375 }, "geometry": { "type": "Point", "coordinates": [ 80.2327455, 13.0489502 ] } },
{ "type": "Feature", "properties": { "osmid": 12136684244, "y": 13.048742, "x": 80.232339, "street_count": 4, "highway": null, "elevation_m": 7.3330793380737305, "population": 26002.5859375 }, "geometry": { "type": "Point", "coordinates": [ 80.232339, 13.048742 ] } },
{ "type": "Feature", "properties": { "osmid": 12136684245, "y": 13.0489977, "x": 80.2323602, "street_count": 1, "highway": null, "elevation_m": 11.955856323242188, "population": 26002.5859375 }, "geometry": { "type": "Point", "coordinates": [ 80.2323602, 13.0489977 ] } },
{ "type": "Feature", "properties": { "osmid": 12136684246, "y": 13.0484498, "x": 80.2323017, "street_count": 1, "highway": null, "elevation_m": 13.712850570678711, "population": 26002.5859375 }, "geometry": { "type": "Point", "coordinates": [ 80.2323017, 13.0484498 ] } },
{ "type": "Feature", "properties": { "osmid": 12136684247, "y": 13.0484022, "x": 80.2326886, "street_count": 1, "highway": null, "elevation_m": 18.005573272705078, "population": 26002.5859375 }, "geometry": { "type": "Point", "coordinates": [ 80.2326886, 13.0484022 ] } },
{ "type": "Feature", "properties": { "osmid": 12137762517, "y": 13.0514195, "x": 80.2457, "street_count": 1, "highway": null, "elevation_m": 12.101621627807617, "population": 25040.6953125 }, "geometry": { "type": "Point", "coordinates": [ 80.2457, 13.0514195 ] } },
{ "type": "Feature", "properties": { "osmid": 12178744126, "y": 13.0565513, "x": 80.2487979, "street_count": 2, "highway": null, "elevation_m": 12.983075141906738, "population": 25360.1484375 }, "geometry": { "type": "Point", "coordinates": [ 80.2487979, 13.0565513 ] } },
{ "type": "Feature", "properties": { "osmid": 12178744133, "y": 13.0567088, "x": 80.2487449, "street_count": 2, "highway": null, "elevation_m": 15.15513801574707, "population": 25040.6953125 }, "geometry": { "type": "Point", "coordinates": [ 80.2487449, 13.0567088 ] } },
{ "type": "Feature", "properties": { "osmid": 12213569317, "y": 13.035195, "x": 80.2403169, "street_count": 3, "highway": null, "elevation_m": 11.726927757263184, "population": 24653.408203125 }, "geometry": { "type": "Point", "coordinates": [ 80.2403169, 13.035195 ] } },
{ "type": "Feature", "properties": { "osmid": 12213569321, "y": 13.0351714, "x": 80.2404761, "street_count": 3, "highway": null, "elevation_m": 14.140761375427246, "population": 20546.419921875 }, "geometry": { "type": "Point", "coordinates": [ 80.2404761, 13.0351714 ] } },
{ "type": "Feature", "properties": { "osmid": 12213569322, "y": 13.0351683, "x": 80.240497, "street_count": 3, "highway": null, "elevation_m": 14.140761375427246, "population": 20546.419921875 }, "geometry": { "type": "Point", "coordinates": [ 80.240497, 13.0351683 ] } },
{ "type": "Feature", "properties": { "osmid": 12213569337, "y": 13.0351209, "x": 80.2408189, "street_count": 3, "highway": null, "elevation_m": 14.758615493774414, "population": 20546.419921875 }, "geometry": { "type": "Point", "coordinates": [ 80.2408189, 13.0351209 ] } },
{ "type": "Feature", "properties": { "osmid": 12213569338, "y": 13.0355642, "x": 80.2410573, "street_count": 1, "highway": null, "elevation_m": 16.235332489013672, "population": 20546.419921875 }, "geometry": { "type": "Point", "coordinates": [ 80.2410573, 13.0355642 ] } },
{ "type": "Feature", "properties": { "osmid": 12213569339, "y": 13.0350738, "x": 80.2411397, "street_count": 3, "highway": null, "elevation_m": 13.122139930725098, "population": 20546.419921875 }, "geometry": { "type": "Point", "coordinates": [ 80.2411397, 13.0350738 ] } },
{ "type": "Feature", "properties": { "osmid": 12213569345, "y": 13.0355496, "x": 80.241377, "street_count": 3, "highway": null, "elevation_m": 15.485526084899902, "population": 20546.419921875 }, "geometry": { "type": "Point", "coordinates": [ 80.241377, 13.0355496 ] } },
{ "type": "Feature", "properties": { "osmid": 12213569348, "y": 13.0350494, "x": 80.2413056, "street_count": 3, "highway": null, "elevation_m": 9.7721176147460938, "population": 20546.419921875 }, "geometry": { "type": "Point", "coordinates": [ 80.2413056, 13.0350494 ] } },
{ "type": "Feature", "properties": { "osmid": 12213569359, "y": 13.0350229, "x": 80.2414858, "street_count": 3, "highway": null, "elevation_m": 9.7721176147460938, "population": 20546.419921875 }, "geometry": { "type": "Point", "coordinates": [ 80.2414858, 13.0350229 ] } },
{ "type": "Feature", "properties": { "osmid": 12213569360, "y": 13.0398388, "x": 80.2443278, "street_count": 3, "highway": null, "elevation_m": 12.131416320800781, "population": 20546.419921875 }, "geometry": { "type": "Point", "coordinates": [ 80.2443278, 13.0398388 ] } },
{ "type": "Feature", "properties": { "osmid": 12213569369, "y": 13.0397866, "x": 80.2445331, "street_count": 3, "highway": null, "elevation_m": 12.131416320800781, "population": 20546.419921875 }, "geometry": { "type": "Point", "coordinates": [ 80.2445331, 13.0397866 ] } },
{ "type": "Feature", "properties": { "osmid": 12213569370, "y": 13.038804, "x": 80.2455879, "street_count": 3, "highway": null, "elevation_m": 9.3829250335693359, "population": 20546.419921875 }, "geometry": { "type": "Point", "coordinates": [ 80.2455879, 13.038804 ] } },
{ "type": "Feature", "properties": { "osmid": 12213569371, "y": 13.0386361, "x": 80.2459695, "street_count": 3, "highway": null, "elevation_m": 9.0796175003051758, "population": 20546.419921875 }, "geometry": { "type": "Point", "coordinates": [ 80.2459695, 13.0386361 ] } },
{ "type": "Feature", "properties": { "osmid": 12215830188, "y": 13.0316868, "x": 80.246474, "street_count": 3, "highway": null, "elevation_m": 19.029657363891602, "population": 17030.998046875 }, "geometry": { "type": "Point", "coordinates": [ 80.246474, 13.0316868 ] } },
{ "type": "Feature", "properties": { "osmid": 12215830189, "y": 13.0314232, "x": 80.2464519, "street_count": 1, "highway": null, "elevation_m": 18.726591110229492, "population": 17030.998046875 }, "geometry": { "type": "Point", "coordinates": [ 80.2464519, 13.0314232 ] } },
{ "type": "Feature", "properties": { "osmid": 12231587572, "y": 13.0468616, "x": 80.2419307, "street_count": 3, "highway": null, "elevation_m": 14.035129547119141, "population": 27057.625 }, "geometry": { "type": "Point", "coordinates": [ 80.2419307, 13.0468616 ] } },
{ "type": "Feature", "properties": { "osmid": 12231587573, "y": 13.0465321, "x": 80.2418516, "street_count": 1, "highway": null, "elevation_m": 17.475814819335938, "population": 27057.625 }, "geometry": { "type": "Point", "coordinates": [ 80.2418516, 13.0465321 ] } },
{ "type": "Feature", "properties": { "osmid": 12240656593, "y": 13.0385315, "x": 80.2432795, "street_count": 3, "highway": null, "elevation_m": 16.349821090698242, "population": 20546.419921875 }, "geometry": { "type": "Point", "coordinates": [ 80.2432795, 13.0385315 ] } },
{ "type": "Feature", "properties": { "osmid": 12240656594, "y": 13.0383384, "x": 80.2438642, "street_count": 1, "highway": null, "elevation_m": 14.747152328491211, "population": 20546.419921875 }, "geometry": { "type": "Point", "coordinates": [ 80.2438642, 13.0383384 ] } },
{ "type": "Feature", "properties": { "osmid": 12241075341, "y": 13.0541243, "x": 80.220656, "street_count": 1, "highway": null, "elevation_m": 13.65159797668457, "population": 16902.220703125 }, "geometry": { "type": "Point", "coordinates": [ 80.220656, 13.0541243 ] } },
{ "type": "Feature", "properties": { "osmid": 12244103238, "y": 13.0429655, "x": 80.2472137, "street_count": 3, "highway": null, "elevation_m": 7.3390884399414062, "population": 27057.625 }, "geometry": { "type": "Point", "coordinates": [ 80.2472137, 13.0429655 ] } },
{ "type": "Feature", "properties": { "osmid": 12244103239, "y": 13.0424833, "x": 80.2470931, "street_count": 1, "highway": null, "elevation_m": 19.562963485717773, "population": 27057.625 }, "geometry": { "type": "Point", "coordinates": [ 80.2470931, 13.0424833 ] } },
{ "type": "Feature", "properties": { "osmid": 12250123233, "y": 13.041116, "x": 80.2445605, "street_count": 3, "highway": null, "elevation_m": 13.140151023864746, "population": 20546.419921875 }, "geometry": { "type": "Point", "coordinates": [ 80.2445605, 13.041116 ] } },
{ "type": "Feature", "properties": { "osmid": 12250123234, "y": 13.0414114, "x": 80.2446153, "street_count": 1, "highway": null, "elevation_m": 16.34541130065918, "population": 27057.625 }, "geometry": { "type": "Point", "coordinates": [ 80.2446153, 13.0414114 ] } },
{ "type": "Feature", "properties": { "osmid": 12253059947, "y": 13.0390356, "x": 80.2344722, "street_count": 3, "highway": null, "elevation_m": 9.8788681030273438, "population": 24653.408203125 }, "geometry": { "type": "Point", "coordinates": [ 80.2344722, 13.0390356 ] } },
{ "type": "Feature", "properties": { "osmid": 12260410156, "y": 13.0464857, "x": 80.2452052, "street_count": 3, "highway": null, "elevation_m": 9.3742465972900391, "population": 27057.625 }, "geometry": { "type": "Point", "coordinates": [ 80.2452052, 13.0464857 ] } },
{ "type": "Feature", "properties": { "osmid": 12260410161, "y": 13.046614, "x": 80.2452268, "street_count": 3, "highway": null, "elevation_m": 9.7552337646484375, "population": 27057.625 }, "geometry": { "type": "Point", "coordinates": [ 80.2452268, 13.046614 ] } },
{ "type": "Feature", "properties": { "osmid": 12288585375, "y": 13.031356, "x": 80.237014, "street_count": 3, "highway": null, "elevation_m": 7.1628479957580566, "population": 15232.8125 }, "geometry": { "type": "Point", "coordinates": [ 80.237014, 13.031356 ] } },
{ "type": "Feature", "properties": { "osmid": 12365296236, "y": 13.0468146, "x": 80.2452606, "street_count": 3, "highway": null, "elevation_m": 12.903390884399414, "population": 27057.625 }, "geometry": { "type": "Point", "coordinates": [ 80.2452606, 13.0468146 ] } },
{ "type": "Feature", "properties": { "osmid": 12365296243, "y": 13.0469549, "x": 80.2452843, "street_count": 3, "highway": null, "elevation_m": 12.903390884399414, "population": 27057.625 }, "geometry": { "type": "Point", "coordinates": [ 80.2452843, 13.0469549 ] } },
{ "type": "Feature", "properties": { "osmid": 12399098798, "y": 13.031623, "x": 80.2181018, "street_count": 3, "highway": null, "elevation_m": 10.820754051208496, "population": 24509.30859375 }, "geometry": { "type": "Point", "coordinates": [ 80.2181018, 13.031623 ] } },
{ "type": "Feature", "properties": { "osmid": 12399098799, "y": 13.0316953, "x": 80.2180977, "street_count": 3, "highway": null, "elevation_m": 10.820754051208496, "population": 24509.30859375 }, "geometry": { "type": "Point", "coordinates": [ 80.2180977, 13.0316953 ] } },
{ "type": "Feature", "properties": { "osmid": 12415866922, "y": 13.0334551, "x": 80.2381716, "street_count": 3, "highway": null, "elevation_m": 10.179630279541016, "population": 24653.408203125 }, "geometry": { "type": "Point", "coordinates": [ 80.2381716, 13.0334551 ] } },
{ "type": "Feature", "properties": { "osmid": 12419454631, "y": 13.0297243, "x": 80.2472257, "street_count": 1, "highway": null, "elevation_m": 11.775864601135254, "population": 17030.998046875 }, "geometry": { "type": "Point", "coordinates": [ 80.2472257, 13.0297243 ] } },
{ "type": "Feature", "properties": { "osmid": 12419454632, "y": 13.0292315, "x": 80.2478527, "street_count": 3, "highway": null, "elevation_m": 14.0921630859375, "population": 17030.998046875 }, "geometry": { "type": "Point", "coordinates": [ 80.2478527, 13.0292315 ] } },
{ "type": "Feature", "properties": { "osmid": 12485887992, "y": 13.0426275, "x": 80.2359268, "street_count": 3, "highway": "traffic_signals", "elevation_m": 10.048864364624023, "population": 26002.5859375 }, "geometry": { "type": "Point", "coordinates": [ 80.2359268, 13.0426275 ] } },
{ "type": "Feature", "properties": { "osmid": 12485887993, "y": 13.0427516, "x": 80.2358495, "street_count": 3, "highway": "traffic_signals", "elevation_m": 11.546401977539062, "population": 26002.5859375 }, "geometry": { "type": "Point", "coordinates": [ 80.2358495, 13.0427516 ] } },
{ "type": "Feature", "properties": { "osmid": 12485887994, "y": 13.0427568, "x": 80.2359395, "street_count": 3, "highway": null, "elevation_m": 11.546401977539062, "population": 26002.5859375 }, "geometry": { "type": "Point", "coordinates": [ 80.2359395, 13.0427568 ] } },
{ "type": "Feature", "properties": { "osmid": 12485887995, "y": 13.0427123, "x": 80.2358215, "street_count": 3, "highway": "traffic_signals", "elevation_m": 11.546401977539062, "population": 26002.5859375 }, "geometry": { "type": "Point", "coordinates": [ 80.2358215, 13.0427123 ] } },
{ "type": "Feature", "properties": { "osmid": 12485907888, "y": 13.0535116, "x": 80.2344469, "street_count": 3, "highway": null, "elevation_m": 15.670450210571289, "population": 22810.8515625 }, "geometry": { "type": "Point", "coordinates": [ 80.2344469, 13.0535116 ] } },
{ "type": "Feature", "properties": { "osmid": 12485907889, "y": 13.0534777, "x": 80.2345752, "street_count": 3, "highway": null, "elevation_m": 15.670450210571289, "population": 22810.8515625 }, "geometry": { "type": "Point", "coordinates": [ 80.2345752, 13.0534777 ] } },
{ "type": "Feature", "properties": { "osmid": 12485920409, "y": 13.0426295, "x": 80.2358564, "street_count": 3, "highway": null, "elevation_m": 10.048864364624023, "population": 26002.5859375 }, "geometry": { "type": "Point", "coordinates": [ 80.2358564, 13.0426295 ] } },
{ "type": "Feature", "properties": { "osmid": 12486035346, "y": 13.0406083, "x": 80.2334299, "street_count": 3, "highway": null, "elevation_m": 13.67319393157959, "population": 24653.408203125 }, "geometry": { "type": "Point", "coordinates": [ 80.2334299, 13.0406083 ] } },
{ "type": "Feature", "properties": { "osmid": 12486035349, "y": 13.0389288, "x": 80.2346846, "street_count": 3, "highway": null, "elevation_m": 10.311135292053223, "population": 24653.408203125 }, "geometry": { "type": "Point", "coordinates": [ 80.2346846, 13.0389288 ] } },
{ "type": "Feature", "properties": { "osmid": 12506778079, "y": 13.0390598, "x": 80.2345177, "street_count": 4, "highway": null, "elevation_m": 9.8788681030273438, "population": 24653.408203125 }, "geometry": { "type": "Point", "coordinates": [ 80.2345177, 13.0390598 ] } },
{ "type": "Feature", "properties": { "osmid": 12553779401, "y": 13.0432978, "x": 80.2465421, "street_count": 1, "highway": null, "elevation_m": 9.7056446075439453, "population": 27057.625 }, "geometry": { "type": "Point", "coordinates": [ 80.2465421, 13.0432978 ] } },
{ "type": "Feature", "properties": { "osmid": 12606454699, "y": 13.0532648, "x": 80.2277283, "street_count": 3, "highway": null, "elevation_m": 14.974445343017578, "population": 20723.693359375 }, "geometry": { "type": "Point", "coordinates": [ 80.2277283, 13.0532648 ] } },
{ "type": "Feature", "properties": { "osmid": 12606454700, "y": 13.0531502, "x": 80.2282996, "street_count": 1, "highway": null, "elevation_m": 14.543407440185547, "population": 20723.693359375 }, "geometry": { "type": "Point", "coordinates": [ 80.2282996, 13.0531502 ] } },
{ "type": "Feature", "properties": { "osmid": 12624807099, "y": 13.0516851, "x": 80.2201574, "street_count": 3, "highway": null, "elevation_m": 12.949158668518066, "population": 16902.220703125 }, "geometry": { "type": "Point", "coordinates": [ 80.2201574, 13.0516851 ] } },
{ "type": "Feature", "properties": { "osmid": 12624807100, "y": 13.0515298, "x": 80.2200856, "street_count": 4, "highway": null, "elevation_m": 12.644810676574707, "population": 16902.220703125 }, "geometry": { "type": "Point", "coordinates": [ 80.2200856, 13.0515298 ] } },
{ "type": "Feature", "properties": { "osmid": 12629776242, "y": 13.0530615, "x": 80.2360504, "street_count": 3, "highway": null, "elevation_m": 18.353137969970703, "population": 22810.8515625 }, "geometry": { "type": "Point", "coordinates": [ 80.2360504, 13.0530615 ] } },
{ "type": "Feature", "properties": { "osmid": 12629776243, "y": 13.053136, "x": 80.2358231, "street_count": 1, "highway": null, "elevation_m": 15.137747764587402, "population": 22810.8515625 }, "geometry": { "type": "Point", "coordinates": [ 80.2358231, 13.053136 ] } },
{ "type": "Feature", "properties": { "osmid": 12635083546, "y": 13.0525072, "x": 80.2415636, "street_count": 4, "highway": null, "elevation_m": 10.582058906555176, "population": 25040.6953125 }, "geometry": { "type": "Point", "coordinates": [ 80.2415636, 13.0525072 ] } },
{ "type": "Feature", "properties": { "osmid": 12635083547, "y": 13.0526039, "x": 80.2415622, "street_count": 3, "highway": null, "elevation_m": 10.582058906555176, "population": 25040.6953125 }, "geometry": { "type": "Point", "coordinates": [ 80.2415622, 13.0526039 ] } },
{ "type": "Feature", "properties": { "osmid": 12647297245, "y": 13.0517866, "x": 80.2431782, "street_count": 3, "highway": null, "elevation_m": 12.359172821044922, "population": 25040.6953125 }, "geometry": { "type": "Point", "coordinates": [ 80.2431782, 13.0517866 ] } },
{ "type": "Feature", "properties": { "osmid": 12647297250, "y": 13.0517484, "x": 80.2432869, "street_count": 3, "highway": null, "elevation_m": 11.837114334106445, "population": 25040.6953125 }, "geometry": { "type": "Point", "coordinates": [ 80.2432869, 13.0517484 ] } },
{ "type": "Feature", "properties": { "osmid": 12678213142, "y": 13.0447298, "x": 80.2325552, "street_count": 3, "highway": null, "elevation_m": 16.124504089355469, "population": 26002.5859375 }, "geometry": { "type": "Point", "coordinates": [ 80.2325552, 13.0447298 ] } },
{ "type": "Feature", "properties": { "osmid": 12685021118, "y": 13.0534006, "x": 80.2262008, "street_count": 1, "highway": null, "elevation_m": 13.397185325622559, "population": 20723.693359375 }, "geometry": { "type": "Point", "coordinates": [ 80.2262008, 13.0534006 ] } },
{ "type": "Feature", "properties": { "osmid": 12702225678, "y": 13.0371976, "x": 80.2429965, "street_count": 3, "highway": null, "elevation_m": 17.442592620849609, "population": 20546.419921875 }, "geometry": { "type": "Point", "coordinates": [ 80.2429965, 13.0371976 ] } },
{ "type": "Feature", "properties": { "osmid": 12702225682, "y": 13.0371693, "x": 80.2429928, "street_count": 3, "highway": null, "elevation_m": 17.442592620849609, "population": 20546.419921875 }, "geometry": { "type": "Point", "coordinates": [ 80.2429928, 13.0371693 ] } },
{ "type": "Feature", "properties": { "osmid": 12702225687, "y": 13.0371461, "x": 80.2430716, "street_count": 3, "highway": null, "elevation_m": 17.442592620849609, "population": 20546.419921875 }, "geometry": { "type": "Point", "coordinates": [ 80.2430716, 13.0371461 ] } },
{ "type": "Feature", "properties": { "osmid": 12702225688, "y": 13.0369768, "x": 80.2430321, "street_count": 3, "highway": null, "elevation_m": 15.448408126831055, "population": 20546.419921875 }, "geometry": { "type": "Point", "coordinates": [ 80.2430321, 13.0369768 ] } },
{ "type": "Feature", "properties": { "osmid": 12728228011, "y": 13.0536789, "x": 80.2251324, "street_count": 3, "highway": null, "elevation_m": 12.267346382141113, "population": 20723.693359375 }, "geometry": { "type": "Point", "coordinates": [ 80.2251324, 13.0536789 ] } },
{ "type": "Feature", "properties": { "osmid": 12728228012, "y": 13.0533872, "x": 80.2238302, "street_count": 3, "highway": null, "elevation_m": 11.731505393981934, "population": 20723.693359375 }, "geometry": { "type": "Point", "coordinates": [ 80.2238302, 13.0533872 ] } },
{ "type": "Feature", "properties": { "osmid": 12785283053, "y": 13.0532411, "x": 80.2377254, "street_count": 3, "highway": null, "elevation_m": 16.233142852783203, "population": 22810.8515625 }, "geometry": { "type": "Point", "coordinates": [ 80.2377254, 13.0532411 ] } },
{ "type": "Feature", "properties": { "osmid": 12797266351, "y": 13.0497285, "x": 80.2403488, "street_count": 3, "highway": null, "elevation_m": 14.091866493225098, "population": 22810.8515625 }, "geometry": { "type": "Point", "coordinates": [ 80.2403488, 13.0497285 ] } },
{ "type": "Feature", "properties": { "osmid": 12839759511, "y": 13.052136, "x": 80.219649, "street_count": 3, "highway": null, "elevation_m": 12.394124031066895, "population": 16902.220703125 }, "geometry": { "type": "Point", "coordinates": [ 80.219649, 13.052136 ] } },
{ "type": "Feature", "properties": { "osmid": 12839759512, "y": 13.0522678, "x": 80.219608, "street_count": 3, "highway": null, "elevation_m": 12.394124031066895, "population": 16902.220703125 }, "geometry": { "type": "Point", "coordinates": [ 80.219608, 13.0522678 ] } },
{ "type": "Feature", "properties": { "osmid": 12839764302, "y": 13.0520937, "x": 80.2195028, "street_count": 3, "highway": null, "elevation_m": 13.53083610534668, "population": 16902.220703125 }, "geometry": { "type": "Point", "coordinates": [ 80.2195028, 13.0520937 ] } },
{ "type": "Feature", "properties": { "osmid": 12839764303, "y": 13.0522297, "x": 80.2194542, "street_count": 3, "highway": null, "elevation_m": 13.53083610534668, "population": 16902.220703125 }, "geometry": { "type": "Point", "coordinates": [ 80.2194542, 13.0522297 ] } },
{ "type": "Feature", "properties": { "osmid": 12839843729, "y": 13.0322985, "x": 80.2183903, "street_count": 3, "highway": null, "elevation_m": 11.582859039306641, "population": 24509.30859375 }, "geometry": { "type": "Point", "coordinates": [ 80.2183903, 13.0322985 ] } },
{ "type": "Feature", "properties": { "osmid": 12852397146, "y": 13.0325058, "x": 80.2393414, "street_count": 1, "highway": null, "elevation_m": 11.270218849182129, "population": 15232.8125 }, "geometry": { "type": "Point", "coordinates": [ 80.2393414, 13.0325058 ] } },
{ "type": "Feature", "properties": { "osmid": 12852450817, "y": 13.0422099, "x": 80.2323975, "street_count": 4, "highway": null, "elevation_m": 12.137276649475098, "population": 26002.5859375 }, "geometry": { "type": "Point", "coordinates": [ 80.2323975, 13.0422099 ] } },
{ "type": "Feature", "properties": { "osmid": 12852450821, "y": 13.0409814, "x": 80.2321464, "street_count": 3, "highway": null, "elevation_m": 13.693038940429688, "population": 24653.408203125 }, "geometry": { "type": "Point", "coordinates": [ 80.2321464, 13.0409814 ] } },
{ "type": "Feature", "properties": { "osmid": 12880554060, "y": 13.0548306, "x": 80.2203819, "street_count": 3, "highway": null, "elevation_m": 16.511919021606445, "population": 16902.220703125 }, "geometry": { "type": "Point", "coordinates": [ 80.2203819, 13.0548306 ] } },
{ "type": "Feature", "properties": { "osmid": 12951745747, "y": 13.0349265, "x": 80.2456456, "street_count": 3, "highway": null, "elevation_m": 13.569067001342773, "population": 20546.419921875 }, "geometry": { "type": "Point", "coordinates": [ 80.2456456, 13.0349265 ] } },
{ "type": "Feature", "properties": { "osmid": 13048173127, "y": 13.0501943, "x": 80.245577, "street_count": 3, "highway": null, "elevation_m": 12.457197189331055, "population": 25040.6953125 }, "geometry": { "type": "Point", "coordinates": [ 80.245577, 13.0501943 ] } },
{ "type": "Feature", "properties": { "osmid": 13048173128, "y": 13.0501663, "x": 80.24614, "street_count": 1, "highway": null, "elevation_m": 13.20545482635498, "population": 25040.6953125 }, "geometry": { "type": "Point", "coordinates": [ 80.24614, 13.0501663 ] } },
{ "type": "Feature", "properties": { "osmid": 13056055934, "y": 13.033385, "x": 80.2431676, "street_count": 1, "highway": null, "elevation_m": 11.143387794494629, "population": 20546.419921875 }, "geometry": { "type": "Point", "coordinates": [ 80.2431676, 13.033385 ] } },
{ "type": "Feature", "properties": { "osmid": 13195267127, "y": 13.0435729, "x": 80.2433747, "street_count": 3, "highway": null, "elevation_m": 11.337882995605469, "population": 27057.625 }, "geometry": { "type": "Point", "coordinates": [ 80.2433747, 13.0435729 ] } },
{ "type": "Feature", "properties": { "osmid": 13195267128, "y": 13.0433862, "x": 80.2433513, "street_count": 1, "highway": null, "elevation_m": 15.64451789855957, "population": 27057.625 }, "geometry": { "type": "Point", "coordinates": [ 80.2433513, 13.0433862 ] } },
{ "type": "Feature", "properties": { "osmid": 13202819016, "y": 13.0475884, "x": 80.2321677, "street_count": 3, "highway": null, "elevation_m": 10.642481803894043, "population": 26002.5859375 }, "geometry": { "type": "Point", "coordinates": [ 80.2321677, 13.0475884 ] } },
{ "type": "Feature", "properties": { "osmid": 13202819017, "y": 13.0476233, "x": 80.2321747, "street_count": 3, "highway": null, "elevation_m": 10.642481803894043, "population": 26002.5859375 }, "geometry": { "type": "Point", "coordinates": [ 80.2321747, 13.0476233 ] } },
{ "type": "Feature", "properties": { "osmid": 13202819020, "y": 13.0479489, "x": 80.2322964, "street_count": 1, "highway": null, "elevation_m": 15.058039665222168, "population": 26002.5859375 }, "geometry": { "type": "Point", "coordinates": [ 80.2322964, 13.0479489 ] } },
{ "type": "Feature", "properties": { "osmid": 13202819022, "y": 13.0476346, "x": 80.232115, "street_count": 1, "highway": null, "elevation_m": 10.642481803894043, "population": 26002.5859375 }, "geometry": { "type": "Point", "coordinates": [ 80.232115, 13.0476346 ] } },
{ "type": "Feature", "properties": { "osmid": 13204267699, "y": 13.0357423, "x": 80.2455719, "street_count": 4, "highway": null, "elevation_m": 12.766347885131836, "population": 20546.419921875 }, "geometry": { "type": "Point", "coordinates": [ 80.2455719, 13.0357423 ] } },
{ "type": "Feature", "properties": { "osmid": 13204267700, "y": 13.03572, "x": 80.2458333, "street_count": 1, "highway": null, "elevation_m": 9.8781576156616211, "population": 20546.419921875 }, "geometry": { "type": "Point", "coordinates": [ 80.2458333, 13.03572 ] } },
{ "type": "Feature", "properties": { "osmid": 13240138282, "y": 13.0392828, "x": 80.2336581, "street_count": 3, "highway": null, "elevation_m": 13.11918830871582, "population": 24653.408203125 }, "geometry": { "type": "Point", "coordinates": [ 80.2336581, 13.0392828 ] } },
{ "type": "Feature", "properties": { "osmid": 13240138283, "y": 13.0388611, "x": 80.2335967, "street_count": 1, "highway": null, "elevation_m": 12.766968727111816, "population": 24653.408203125 }, "geometry": { "type": "Point", "coordinates": [ 80.2335967, 13.0388611 ] } },
{ "type": "Feature", "properties": { "osmid": 13284331470, "y": 13.0279232, "x": 80.2309328, "street_count": 3, "highway": null, "elevation_m": 12.600549697875977, "population": 23049.033203125 }, "geometry": { "type": "Point", "coordinates": [ 80.2309328, 13.0279232 ] } },
{ "type": "Feature", "properties": { "osmid": 13284331471, "y": 13.0279946, "x": 80.2309804, "street_count": 3, "highway": null, "elevation_m": 13.144937515258789, "population": 23049.033203125 }, "geometry": { "type": "Point", "coordinates": [ 80.2309804, 13.0279946 ] } },
{ "type": "Feature", "properties": { "osmid": 13284331478, "y": 13.0372806, "x": 80.2308905, "street_count": 3, "highway": null, "elevation_m": 17.283443450927734, "population": 19051.626953125 }, "geometry": { "type": "Point", "coordinates": [ 80.2308905, 13.0372806 ] } },
{ "type": "Feature", "properties": { "osmid": 13284331480, "y": 13.0376351, "x": 80.2310753, "street_count": 3, "highway": null, "elevation_m": 12.161252975463867, "population": 19051.626953125 }, "geometry": { "type": "Point", "coordinates": [ 80.2310753, 13.0376351 ] } },
{ "type": "Feature", "properties": { "osmid": 13284331484, "y": 13.0387827, "x": 80.2313548, "street_count": 3, "highway": null, "elevation_m": 12.415715217590332, "population": 19051.626953125 }, "geometry": { "type": "Point", "coordinates": [ 80.2313548, 13.0387827 ] } },
{ "type": "Feature", "properties": { "osmid": 13295965853, "y": 13.0296441, "x": 80.2450675, "street_count": 3, "highway": null, "elevation_m": 10.702243804931641, "population": 17030.998046875 }, "geometry": { "type": "Point", "coordinates": [ 80.2450675, 13.0296441 ] } },
{ "type": "Feature", "properties": { "osmid": 13295965854, "y": 13.029835, "x": 80.2450449, "street_count": 1, "highway": null, "elevation_m": 10.702243804931641, "population": 17030.998046875 }, "geometry": { "type": "Point", "coordinates": [ 80.2450449, 13.029835 ] } },
{ "type": "Feature", "properties": { "osmid": 13327970091, "y": 13.0569411, "x": 80.2425076, "street_count": 4, "highway": null, "elevation_m": 9.8296432495117188, "population": 25040.6953125 }, "geometry": { "type": "Point", "coordinates": [ 80.2425076, 13.0569411 ] } },
{ "type": "Feature", "properties": { "osmid": 13350976010, "y": 13.0505911, "x": 80.2456014, "street_count": 3, "highway": null, "elevation_m": 11.383819580078125, "population": 25040.6953125 }, "geometry": { "type": "Point", "coordinates": [ 80.2456014, 13.0505911 ] } },
{ "type": "Feature", "properties": { "osmid": 13350976017, "y": 13.0504344, "x": 80.2455892, "street_count": 3, "highway": null, "elevation_m": 11.383819580078125, "population": 25040.6953125 }, "geometry": { "type": "Point", "coordinates": [ 80.2455892, 13.0504344 ] } },
{ "type": "Feature", "properties": { "osmid": 13503887415, "y": 13.0543863, "x": 80.2341036, "street_count": 1, "highway": null, "elevation_m": 16.04316520690918, "population": 22810.8515625 }, "geometry": { "type": "Point", "coordinates": [ 80.2341036, 13.0543863 ] } },
{ "type": "Feature", "properties": { "osmid": 13503887417, "y": 13.0543637, "x": 80.2346124, "street_count": 3, "highway": null, "elevation_m": 15.212316513061523, "population": 22810.8515625 }, "geometry": { "type": "Point", "coordinates": [ 80.2346124, 13.0543637 ] } },
{ "type": "Feature", "properties": { "osmid": 13697387860, "y": 13.0292363, "x": 80.2474188, "street_count": 1, "highway": null, "elevation_m": 12.138516426086426, "population": 17030.998046875 }, "geometry": { "type": "Point", "coordinates": [ 80.2474188, 13.0292363 ] } },
{ "type": "Feature", "properties": { "osmid": 13728006874, "y": 13.0285351, "x": 80.2428491, "street_count": 1, "highway": null, "elevation_m": 14.646363258361816, "population": 17030.998046875 }, "geometry": { "type": "Point", "coordinates": [ 80.2428491, 13.0285351 ] } },
{ "type": "Feature", "properties": { "osmid": 13744376716, "y": 13.0411082, "x": 80.2315865, "street_count": 1, "highway": null, "elevation_m": 22.906457901000977, "population": 19051.626953125 }, "geometry": { "type": "Point", "coordinates": [ 80.2315865, 13.0411082 ] } },
{ "type": "Feature", "properties": { "osmid": 13744404134, "y": 13.0343022, "x": 80.2458226, "street_count": 3, "highway": null, "elevation_m": 9.6378850936889648, "population": 20546.419921875 }, "geometry": { "type": "Point", "coordinates": [ 80.2458226, 13.0343022 ] } },
{ "type": "Feature", "properties": { "osmid": 13747795038, "y": 13.0394081, "x": 80.2342995, "street_count": 3, "highway": null, "elevation_m": 9.9952478408813477, "population": 24653.408203125 }, "geometry": { "type": "Point", "coordinates": [ 80.2342995, 13.0394081 ] } },
{ "type": "Feature", "properties": { "osmid": 13766718521, "y": 13.0318931, "x": 80.245866, "street_count": 3, "highway": null, "elevation_m": 15.140249252319336, "population": 17030.998046875 }, "geometry": { "type": "Point", "coordinates": [ 80.245866, 13.0318931 ] } },
{ "type": "Feature", "properties": { "osmid": 13807612364, "y": 13.0392802, "x": 80.2435363, "street_count": 3, "highway": null, "elevation_m": 18.902656555175781, "population": 20546.419921875 }, "geometry": { "type": "Point", "coordinates": [ 80.2435363, 13.0392802 ] } },
{ "type": "Feature", "properties": { "osmid": 13823767431, "y": 13.0318064, "x": 80.2458604, "street_count": 3, "highway": null, "elevation_m": 15.140249252319336, "population": 17030.998046875 }, "geometry": { "type": "Point", "coordinates": [ 80.2458604, 13.0318064 ] } },
{ "type": "Feature", "properties": { "osmid": 13904341350, "y": 13.0400245, "x": 80.2438348, "street_count": 3, "highway": null, "elevation_m": 10.690463066101074, "population": 20546.419921875 }, "geometry": { "type": "Point", "coordinates": [ 80.2438348, 13.0400245 ] } },
{ "type": "Feature", "properties": { "osmid": 13904341351, "y": 13.039961, "x": 80.2438308, "street_count": 3, "highway": null, "elevation_m": 10.690463066101074, "population": 20546.419921875 }, "geometry": { "type": "Point", "coordinates": [ 80.2438308, 13.039961 ] } },
{ "type": "Feature", "properties": { "osmid": 13904341352, "y": 13.0399526, "x": 80.2438385, "street_count": 3, "highway": null, "elevation_m": 10.690463066101074, "population": 20546.419921875 }, "geometry": { "type": "Point", "coordinates": [ 80.2438385, 13.0399526 ] } },
{ "type": "Feature", "properties": { "osmid": 13904341353, "y": 13.0399295, "x": 80.2438989, "street_count": 3, "highway": null, "elevation_m": 10.690463066101074, "population": 20546.419921875 }, "geometry": { "type": "Point", "coordinates": [ 80.2438989, 13.0399295 ] } },
{ "type": "Feature", "properties": { "osmid": 13904341354, "y": 13.0400418, "x": 80.2439241, "street_count": 3, "highway": null, "elevation_m": 10.690463066101074, "population": 20546.419921875 }, "geometry": { "type": "Point", "coordinates": [ 80.2439241, 13.0400418 ] } },
{ "type": "Feature", "properties": { "osmid": 13904341357, "y": 13.0399415, "x": 80.2439272, "street_count": 3, "highway": null, "elevation_m": 10.690463066101074, "population": 20546.419921875 }, "geometry": { "type": "Point", "coordinates": [ 80.2439272, 13.0399415 ] } },
{ "type": "Feature", "properties": { "osmid": 13904341358, "y": 13.0400058, "x": 80.2439487, "street_count": 3, "highway": null, "elevation_m": 10.690463066101074, "population": 20546.419921875 }, "geometry": { "type": "Point", "coordinates": [ 80.2439487, 13.0400058 ] } },
{ "type": "Feature", "properties": { "osmid": 13907501720, "y": 13.0477863, "x": 80.2305117, "street_count": 3, "highway": null, "elevation_m": 12.288742065429688, "population": 24514.197265625 }, "geometry": { "type": "Point", "coordinates": [ 80.2305117, 13.0477863 ] } },
{ "type": "Feature", "properties": { "osmid": 13907501724, "y": 13.0476657, "x": 80.2305262, "street_count": 3, "highway": null, "elevation_m": 12.288742065429688, "population": 24514.197265625 }, "geometry": { "type": "Point", "coordinates": [ 80.2305262, 13.0476657 ] } },
{ "type": "Feature", "properties": { "osmid": 13907501729, "y": 13.0474066, "x": 80.23335, "street_count": 3, "highway": null, "elevation_m": 9.2494287490844727, "population": 26002.5859375 }, "geometry": { "type": "Point", "coordinates": [ 80.23335, 13.0474066 ] } },
{ "type": "Feature", "properties": { "osmid": 13907501733, "y": 13.0474636, "x": 80.233094, "street_count": 4, "highway": null, "elevation_m": 8.6869192123413086, "population": 26002.5859375 }, "geometry": { "type": "Point", "coordinates": [ 80.233094, 13.0474636 ] } },
{ "type": "Feature", "properties": { "osmid": 13907501734, "y": 13.0474767, "x": 80.2330031, "street_count": 4, "highway": null, "elevation_m": 8.6869192123413086, "population": 26002.5859375 }, "geometry": { "type": "Point", "coordinates": [ 80.2330031, 13.0474767 ] } },
{ "type": "Feature", "properties": { "osmid": 13907501736, "y": 13.047494, "x": 80.2327628, "street_count": 3, "highway": null, "elevation_m": 9.2955989837646484, "population": 26002.5859375 }, "geometry": { "type": "Point", "coordinates": [ 80.2327628, 13.047494 ] } },
{ "type": "Feature", "properties": { "osmid": 13919567055, "y": 13.0551242, "x": 80.2495011, "street_count": 3, "highway": null, "elevation_m": 15.006076812744141, "population": 25360.1484375 }, "geometry": { "type": "Point", "coordinates": [ 80.2495011, 13.0551242 ] } },
{ "type": "Feature", "properties": { "osmid": 13919567056, "y": 13.05503, "x": 80.249454, "street_count": 3, "highway": null, "elevation_m": 15.006076812744141, "population": 25360.1484375 }, "geometry": { "type": "Point", "coordinates": [ 80.249454, 13.05503 ] } },
{ "type": "Feature", "properties": { "osmid": 13925258534, "y": 13.0332649, "x": 80.2434621, "street_count": 3, "highway": null, "elevation_m": 9.5559396743774414, "population": 20546.419921875 }, "geometry": { "type": "Point", "coordinates": [ 80.2434621, 13.0332649 ] } },
{ "type": "Feature", "properties": { "osmid": 13925258535, "y": 13.0331427, "x": 80.2435688, "street_count": 3, "highway": null, "elevation_m": 11.068831443786621, "population": 20546.419921875 }, "geometry": { "type": "Point", "coordinates": [ 80.2435688, 13.0331427 ] } },
{ "type": "Feature", "properties": { "osmid": 13942085600, "y": 13.0456624, "x": 80.2326642, "street_count": 3, "highway": null, "elevation_m": 13.248237609863281, "population": 26002.5859375 }, "geometry": { "type": "Point", "coordinates": [ 80.2326642, 13.0456624 ] } },
{ "type": "Feature", "properties": { "osmid": 13991726715, "y": 13.0436174, "x": 80.2176383, "street_count": 3, "highway": null, "elevation_m": 12.03983211517334, "population": 26320.1796875 }, "geometry": { "type": "Point", "coordinates": [ 80.2176383, 13.0436174 ] } },
{ "type": "Feature", "properties": { "osmid": 13999333061, "y": 13.0325483, "x": 80.241331, "street_count": 1, "highway": null, "elevation_m": 8.5562448501586914, "population": 17030.998046875 }, "geometry": { "type": "Point", "coordinates": [ 80.241331, 13.0325483 ] } },
{ "type": "Feature", "properties": { "osmid": 14030275928, "y": 13.0285967, "x": 80.2501189, "street_count": 3, "highway": null, "elevation_m": 12.88897705078125, "population": 21972.181640625 }, "geometry": { "type": "Point", "coordinates": [ 80.2501189, 13.0285967 ] } },
{ "type": "Feature", "properties": { "osmid": 14030275936, "y": 13.0286584, "x": 80.2500044, "street_count": 3, "highway": null, "elevation_m": 12.88897705078125, "population": 21972.181640625 }, "geometry": { "type": "Point", "coordinates": [ 80.2500044, 13.0286584 ] } },
{ "type": "Feature", "properties": { "osmid": 14030275937, "y": 13.0285004, "x": 80.2500935, "street_count": 1, "highway": null, "elevation_m": 12.88897705078125, "population": 21972.181640625 }, "geometry": { "type": "Point", "coordinates": [ 80.2500935, 13.0285004 ] } },
{ "type": "Feature", "properties": { "osmid": 14030275938, "y": 13.0285302, "x": 80.2499632, "street_count": 1, "highway": null, "elevation_m": 12.88897705078125, "population": 21972.181640625 }, "geometry": { "type": "Point", "coordinates": [ 80.2499632, 13.0285302 ] } },
{ "type": "Feature", "properties": { "osmid": 14070407304, "y": 13.0352605, "x": 80.2287029, "street_count": 3, "highway": null, "elevation_m": 9.7845907211303711, "population": 19051.626953125 }, "geometry": { "type": "Point", "coordinates": [ 80.2287029, 13.0352605 ] } },
{ "type": "Feature", "properties": { "osmid": 14070407309, "y": 13.0351963, "x": 80.2291899, "street_count": 4, "highway": null, "elevation_m": 9.2660808563232422, "population": 19051.626953125 }, "geometry": { "type": "Point", "coordinates": [ 80.2291899, 13.0351963 ] } },
{ "type": "Feature", "properties": { "osmid": 14070407310, "y": 13.0350969, "x": 80.2298299, "street_count": 4, "highway": null, "elevation_m": 12.681267738342285, "population": 19051.626953125 }, "geometry": { "type": "Point", "coordinates": [ 80.2298299, 13.0350969 ] } },
{ "type": "Feature", "properties": { "osmid": 14070407311, "y": 13.0350372, "x": 80.2301731, "street_count": 3, "highway": null, "elevation_m": 7.7197113037109375, "population": 19051.626953125 }, "geometry": { "type": "Point", "coordinates": [ 80.2301731, 13.0350372 ] } },
{ "type": "Feature", "properties": { "osmid": 14070407314, "y": 13.0350944, "x": 80.2301779, "street_count": 3, "highway": null, "elevation_m": 7.7197113037109375, "population": 19051.626953125 }, "geometry": { "type": "Point", "coordinates": [ 80.2301779, 13.0350944 ] } },
{ "type": "Feature", "properties": { "osmid": 14102329404, "y": 13.0540407, "x": 80.2277487, "street_count": 3, "highway": null, "elevation_m": 17.831039428710938, "population": 20723.693359375 }, "geometry": { "type": "Point", "coordinates": [ 80.2277487, 13.0540407 ] } },
{ "type": "Feature", "properties": { "osmid": 14102329406, "y": 13.0539285, "x": 80.2278028, "street_count": 1, "highway": null, "elevation_m": 15.479160308837891, "population": 20723.693359375 }, "geometry": { "type": "Point", "coordinates": [ 80.2278028, 13.0539285 ] } },
{ "type": "Feature", "properties": { "osmid": 14102380184, "y": 13.0423118, "x": 80.2474545, "street_count": 3, "highway": null, "elevation_m": 9.4703159332275391, "population": 27057.625 }, "geometry": { "type": "Point", "coordinates": [ 80.2474545, 13.0423118 ] } },
{ "type": "Feature", "properties": { "osmid": 14102380185, "y": 13.0422764, "x": 80.2476031, "street_count": 3, "highway": null, "elevation_m": 9.4703159332275391, "population": 27057.625 }, "geometry": { "type": "Point", "coordinates": [ 80.2476031, 13.0422764 ] } },
{ "type": "Feature", "properties": { "osmid": 14118071479, "y": 13.0399542, "x": 80.2504292, "street_count": 3, "highway": null, "elevation_m": 9.7201042175292969, "population": 20759.59375 }, "geometry": { "type": "Point", "coordinates": [ 80.2504292, 13.0399542 ] } },
{ "type": "Feature", "properties": { "osmid": 14118071485, "y": 13.0399395, "x": 80.2499928, "street_count": 1, "highway": null, "elevation_m": 12.550784111022949, "population": 20759.59375 }, "geometry": { "type": "Point", "coordinates": [ 80.2499928, 13.0399395 ] } }
]
}
